ISO-10303-21;
HEADER;
FILE_DESCRIPTION (( 'STEP AP214' ),
    '1' );
FILE_NAME ('5267-06A-X.STEP',
    '2024-02-29T04:14:11',
    ( '' ),
    ( '' ),
    'SwSTEP 2.0',
    'SolidWorks 2021',
    '' );
FILE_SCHEMA (( 'AUTOMOTIVE_DESIGN' ));
ENDSEC;

DATA;
#1 = ADVANCED_FACE ( 'NONE', ( #1629 ), #5253, .F. ) ;
#2 = LINE ( 'NONE', #1893, #5581 ) ;
#3 = CARTESIAN_POINT ( 'NONE',  ( -5.883853663498129549, -0.6659998686061663342, 0.5865080092161749636 ) ) ;
#4 = CARTESIAN_POINT ( 'NONE',  ( -1.250000000000001998, 5.400000000000000355, 0.5000000000000002220 ) ) ;
#5 = ORIENTED_EDGE ( 'NONE', *, *, #5668, .F. ) ;
#6 = PRESENTATION_LAYER_ASSIGNMENT (  '', '', ( #3411 ) ) ;
#7 = CARTESIAN_POINT ( 'NONE',  ( -8.000000000000003553, 0.000000000000000000, -1.449999999999997291 ) ) ;
#8 = ORIENTED_EDGE ( 'NONE', *, *, #808, .F. ) ;
#9 = AXIS2_PLACEMENT_3D ( 'NONE', #4892, #4777, #4439 ) ;
#10 = CIRCLE ( 'NONE', #5116, 0.1499999999999988842 ) ;
#11 = EDGE_CURVE ( 'NONE', #4370, #2363, #5386, .T. ) ;
#12 =( GEOMETRIC_REPRESENTATION_CONTEXT ( 3 ) GLOBAL_UNCERTAINTY_ASSIGNED_CONTEXT ( ( #3326 ) ) GLOBAL_UNIT_ASSIGNED_CONTEXT ( ( #1795, #745, #1692 ) ) REPRESENTATION_CONTEXT ( 'NONE', 'WORKASPACE' ) );
#13 = PRESENTATION_STYLE_ASSIGNMENT (( #2202 ) ) ;
#14 = SURFACE_SIDE_STYLE ('',( #458 ) ) ;
#15 =( NAMED_UNIT ( * ) SI_UNIT ( $, .STERADIAN. ) SOLID_ANGLE_UNIT ( ) );
#16 = CARTESIAN_POINT ( 'NONE',  ( 3.749999999999998224, 0.1000000000000000056, 0.9999999999999988898 ) ) ;
#17 = MECHANICAL_DESIGN_GEOMETRIC_PRESENTATION_REPRESENTATION (  '', ( #1237 ), #305 ) ;
#18 = CIRCLE ( 'NONE', #1335, 0.3499999999999989231 ) ;
#19 = ORIENTED_EDGE ( 'NONE', *, *, #2435, .F. ) ;
#20 = UNCERTAINTY_MEASURE_WITH_UNIT (LENGTH_MEASURE( 1.000000000000000082E-05 ), #1874, 'distance_accuracy_value', 'NONE');
#21 = CARTESIAN_POINT ( 'NONE',  ( -8.000000000000001776, 1.900000000000000577, 0.8700000000000014388 ) ) ;
#22 = EDGE_CURVE ( 'NONE', #3458, #1134, #10, .T. ) ;
#23 = STYLED_ITEM ( 'NONE', ( #178 ), #414 ) ;
#24 = FACE_OUTER_BOUND ( 'NONE', #997, .T. ) ;
#25 = AXIS2_PLACEMENT_3D ( 'NONE', #946, #3682, #2415 ) ;
#26 = SURFACE_SIDE_STYLE ('',( #835 ) ) ;
#27 = CARTESIAN_POINT ( 'NONE',  ( -6.634751733198991808, -0.7520367310672355643, 0.4249999999999991007 ) ) ;
#28 = CARTESIAN_POINT ( 'NONE',  ( -5.900000000000003020, -2.199999999999999734, 0.6499999999999991340 ) ) ;
#29 = LINE ( 'NONE', #5854, #5208 ) ;
#30 = VECTOR ( 'NONE', #3176, 1000.000000000000000 ) ;
#31 = CIRCLE ( 'NONE', #1819, 0.3499999999999989231 ) ;
#32 = PRESENTATION_STYLE_ASSIGNMENT (( #2300 ) ) ;
#33 = CARTESIAN_POINT ( 'NONE',  ( -6.518095132369091438, -2.199999999999999734, 0.8749999999999987788 ) ) ;
#34 = DIRECTION ( 'NONE',  ( 0.000000000000000000, 0.000000000000000000, -1.000000000000000000 ) ) ;
#35 = VECTOR ( 'NONE', #5777, 1000.000000000000000 ) ;
#36 = COLOUR_RGB ( '',0.7921568627450980005, 0.8196078431372548767, 0.9333333333333333481 ) ;
#37 = DIRECTION ( 'NONE',  ( -0.000000000000000000, 1.000000000000000000, -0.000000000000000000 ) ) ;
#38 = VERTEX_POINT ( 'NONE', #2331 ) ;
#39 = DIRECTION ( 'NONE',  ( 0.000000000000000000, 1.000000000000000000, 0.000000000000000000 ) ) ;
#40 = CARTESIAN_POINT ( 'NONE',  ( 7.999999999999996447, 0.1000000000000000472, 0.2699999999999973532 ) ) ;
#41 = TOROIDAL_SURFACE ( 'NONE', #1647, 0.1499999999999989120, 0.2000000000000000111 ) ;
#42 = EDGE_CURVE ( 'NONE', #5459, #3896, #3032, .T. ) ;
#43 = EDGE_LOOP ( 'NONE', ( #826, #1609, #2641, #3848, #3177, #1634, #2064 ) ) ;
#44 = SURFACE_STYLE_FILL_AREA ( #480 ) ;
#45 = EDGE_LOOP ( 'NONE', ( #5578, #1896, #508, #2090 ) ) ;
#46 = CARTESIAN_POINT ( 'NONE',  ( 6.250000000000001776, -3.500000000000000000, 0.6499999999999991340 ) ) ;
#47 = CARTESIAN_POINT ( 'NONE',  ( -6.250000000000001776, -2.199999999999999734, 0.6499999999999991340 ) ) ;
#48 = EDGE_CURVE ( 'NONE', #4182, #718, #4555, .T. ) ;
#49 = ORIENTED_EDGE ( 'NONE', *, *, #2531, .F. ) ;
#50 = AXIS2_PLACEMENT_3D ( 'NONE', #4676, #1558, #1141 ) ;
#51 = CARTESIAN_POINT ( 'NONE',  ( -5.891664269171874579, -0.6221194318499314591, 0.3924154122151004565 ) ) ;
#52 = DIRECTION ( 'NONE',  ( 0.000000000000000000, 1.000000000000000000, 0.000000000000000000 ) ) ;
#53 = DIRECTION ( 'NONE',  ( -1.084202172485504434E-16, 0.000000000000000000, -1.000000000000000000 ) ) ;
#54 =( GEOMETRIC_REPRESENTATION_CONTEXT ( 3 ) GLOBAL_UNCERTAINTY_ASSIGNED_CONTEXT ( ( #1973 ) ) GLOBAL_UNIT_ASSIGNED_CONTEXT ( ( #4727, #3356, #743 ) ) REPRESENTATION_CONTEXT ( 'NONE', 'WORKASPACE' ) );
#55 = LINE ( 'NONE', #5055, #4405 ) ;
#56 = DIRECTION ( 'NONE',  ( 0.000000000000000000, 1.000000000000000000, 0.000000000000000000 ) ) ;
#57 = ADVANCED_FACE ( 'NONE', ( #61 ), #5499, .F. ) ;
#58 = CARTESIAN_POINT ( 'NONE',  ( 6.612286703547033184, -0.6460043925942223764, 0.8493751533628381978 ) ) ;
#59 = STYLED_ITEM ( 'NONE', ( #3381 ), #3368 ) ;
#60 = CARTESIAN_POINT ( 'NONE',  ( -6.250000000000001776, -3.299999999999999822, 0.6499999999999991340 ) ) ;
#61 = FACE_OUTER_BOUND ( 'NONE', #3972, .T. ) ;
#62 = CARTESIAN_POINT ( 'NONE',  ( -0.4500000000000025091, 5.400000000000000355, 1.770000000000001794 ) ) ;
#63 = CARTESIAN_POINT ( 'NONE',  ( -8.000000000000003553, 0.000000000000000000, -0.6000000000000001998 ) ) ;
#64 = PRODUCT_DEFINITION_SHAPE ( 'NONE', 'NONE',  #793 ) ;
#65 = VECTOR ( 'NONE', #5431, 1000.000000000000000 ) ;
#66 =( NAMED_UNIT ( * ) PLANE_ANGLE_UNIT ( ) SI_UNIT ( $, .RADIAN. ) );
#67 = ORIENTED_EDGE ( 'NONE', *, *, #2619, .F. ) ;
#68 =( NAMED_UNIT ( * ) PLANE_ANGLE_UNIT ( ) SI_UNIT ( $, .RADIAN. ) );
#69 = ORIENTED_EDGE ( 'NONE', *, *, #3764, .F. ) ;
#70 = CARTESIAN_POINT ( 'NONE',  ( 5.900000000000002132, -2.199999999999999734, 0.6499999999999991340 ) ) ;
#71 = B_SPLINE_CURVE_WITH_KNOTS ( 'NONE', 3,
 ( #3632, #491, #2326, #2728, #5852, #3156 ),
 .UNSPECIFIED., .F., .F.,
 ( 4, 2, 4 ),
 ( 5.421010862427522170E-20, 0.0001400384557297713200, 0.0002800769114595425859 ),
 .UNSPECIFIED. ) ;
#72 = PRESENTATION_STYLE_ASSIGNMENT (( #4210 ) ) ;
#73 = AXIS2_PLACEMENT_3D ( 'NONE', #2616, #3169, #3142 ) ;
#74 = EDGE_LOOP ( 'NONE', ( #3714, #675, #1091, #2967, #3727, #3620, #4150 ) ) ;
#75 = DIRECTION ( 'NONE',  ( -1.000000000000000000, 0.000000000000000000, -9.293161478447213544E-16 ) ) ;
#76 = ADVANCED_FACE ( 'NONE', ( #90 ), #3691, .F. ) ;
#77 =( NAMED_UNIT ( * ) SI_UNIT ( $, .STERADIAN. ) SOLID_ANGLE_UNIT ( ) );
#78 = VERTEX_POINT ( 'NONE', #5857 ) ;
#79 = DIRECTION ( 'NONE',  ( -0.000000000000000000, 1.000000000000000000, -0.000000000000000000 ) ) ;
#80 = ORIENTED_EDGE ( 'NONE', *, *, #1854, .F. ) ;
#81 = UNCERTAINTY_MEASURE_WITH_UNIT (LENGTH_MEASURE( 1.000000000000000082E-05 ), #1017, 'distance_accuracy_value', 'NONE');
#82 = CARTESIAN_POINT ( 'NONE',  ( -5.980707621212845382, -0.6000001126173695187, 0.4188143558496913443 ) ) ;
#83 = CARTESIAN_POINT ( 'NONE',  ( 3.449999999999993072, -1.399999999999999689, 0.8749999999999990008 ) ) ;
#84 = ORIENTED_EDGE ( 'NONE', *, *, #3160, .T. ) ;
#85 = PRESENTATION_STYLE_ASSIGNMENT (( #1395 ) ) ;
#86 = CARTESIAN_POINT ( 'NONE',  ( -8.700000000000002842, 5.900000000000000355, 2.449999999999999734 ) ) ;
#87 = DIRECTION ( 'NONE',  ( -1.000000000000000000, 0.000000000000000000, 0.000000000000000000 ) ) ;
#88 = EDGE_CURVE ( 'NONE', #1469, #1483, #4973, .T. ) ;
#89 = DIRECTION ( 'NONE',  ( -0.000000000000000000, 1.000000000000000000, -0.000000000000000000 ) ) ;
#90 = FACE_OUTER_BOUND ( 'NONE', #4278, .T. ) ;
#91 = CARTESIAN_POINT ( 'NONE',  ( 7.999999999999996447, 4.899999999999999467, -1.230000000000000648 ) ) ;
#92 = FACE_OUTER_BOUND ( 'NONE', #5265, .T. ) ;
#93 = DIRECTION ( 'NONE',  ( -0.000000000000000000, 1.000000000000000000, -0.000000000000000000 ) ) ;
#94 = ORIENTED_EDGE ( 'NONE', *, *, #1390, .T. ) ;
#95 = SURFACE_SIDE_STYLE ('',( #4982 ) ) ;
#96 = VERTEX_POINT ( 'NONE', #1527 ) ;
#97 = FACE_OUTER_BOUND ( 'NONE', #2412, .T. ) ;
#98 = ORIENTED_EDGE ( 'NONE', *, *, #3804, .T. ) ;
#99 =( LENGTH_UNIT ( ) NAMED_UNIT ( * ) SI_UNIT ( .MILLI., .METRE. ) );
#100 = FACE_OUTER_BOUND ( 'NONE', #3255, .T. ) ;
#101 = SURFACE_STYLE_FILL_AREA ( #2405 ) ;
#102 = VECTOR ( 'NONE', #2764, 1000.000000000000000 ) ;
#103 = DIRECTION ( 'NONE',  ( 1.000000000000000000, 0.000000000000000000, 0.000000000000000000 ) ) ;
#104 = DIRECTION ( 'NONE',  ( 0.000000000000000000, -1.000000000000000000, 0.000000000000000000 ) ) ;
#105 = VERTEX_POINT ( 'NONE', #4230 ) ;
#106 =( NAMED_UNIT ( * ) SI_UNIT ( $, .STERADIAN. ) SOLID_ANGLE_UNIT ( ) );
#107 = VECTOR ( 'NONE', #5477, 1000.000000000000000 ) ;
#108 = EDGE_CURVE ( 'NONE', #630, #5007, #2190, .T. ) ;
#109 = EDGE_LOOP ( 'NONE', ( #2277, #208, #818 ) ) ;
#110 =( GEOMETRIC_REPRESENTATION_CONTEXT ( 3 ) GLOBAL_UNCERTAINTY_ASSIGNED_CONTEXT ( ( #3870 ) ) GLOBAL_UNIT_ASSIGNED_CONTEXT ( ( #4356, #3011, #1297 ) ) REPRESENTATION_CONTEXT ( 'NONE', 'WORKASPACE' ) );
#111 = AXIS2_PLACEMENT_3D ( 'NONE', #3819, #1082, #5626 ) ;
#112 =( NAMED_UNIT ( * ) PLANE_ANGLE_UNIT ( ) SI_UNIT ( $, .RADIAN. ) );
#113 = ORIENTED_EDGE ( 'NONE', *, *, #2200, .F. ) ;
#114 = CARTESIAN_POINT ( 'NONE',  ( -7.100000000000002309, 1.900000000000000577, 1.770000000000001572 ) ) ;
#115 = FACE_OUTER_BOUND ( 'NONE', #4746, .T. ) ;
#116 = EDGE_CURVE ( 'NONE', #2960, #5595, #5590, .T. ) ;
#117 = CIRCLE ( 'NONE', #398, 0.3499999999999989786 ) ;
#118 = PLANE ( 'NONE',  #5227 ) ;
#119 = SURFACE_STYLE_USAGE ( .BOTH. , #467 ) ;
#120 = CIRCLE ( 'NONE', #494, 0.3499999999999989231 ) ;
#121 = COLOUR_RGB ( '',1.000000000000000000, 1.000000000000000000, 1.000000000000000000 ) ;
#122 = ADVANCED_FACE ( 'NONE', ( #147 ), #3779, .T. ) ;
#123 = CARTESIAN_POINT ( 'NONE',  ( -1.250000000000001998, 1.900000000000000577, 0.3000000000000002109 ) ) ;
#124 = AXIS2_PLACEMENT_3D ( 'NONE', #2254, #2154, #3562 ) ;
#125 = EDGE_LOOP ( 'NONE', ( #3929, #1014, #4101, #2001, #3807 ) ) ;
#126 = VERTEX_POINT ( 'NONE', #3372 ) ;
#127 = CARTESIAN_POINT ( 'NONE',  ( 5.891664269171874579, -2.177880568150067919, 0.9075845877848977006 ) ) ;
#128 = ORIENTED_EDGE ( 'NONE', *, *, #2435, .T. ) ;
#129 = MECHANICAL_DESIGN_GEOMETRIC_PRESENTATION_REPRESENTATION (  '', ( #5244 ), #2392 ) ;
#130 = CARTESIAN_POINT ( 'NONE',  ( 6.608335730828128085, -2.177880568150067475, 0.9075845877848984777 ) ) ;
#131 = CARTESIAN_POINT ( 'NONE',  ( -8.000000000000003553, 1.000000000000000000, -1.449999999999997291 ) ) ;
#132 = EDGE_CURVE ( 'NONE', #646, #1488, #5681, .T. ) ;
#133 = VECTOR ( 'NONE', #1386, 1000.000000000000000 ) ;
#134 = ORIENTED_EDGE ( 'NONE', *, *, #1811, .T. ) ;
#135 = CARTESIAN_POINT ( 'NONE',  ( 6.250000000000001776, 5.200000000000001066, 0.6499999999999991340 ) ) ;
#136 = CARTESIAN_POINT ( 'NONE',  ( 5.900000121252831242, -0.5999995225669855214, 0.5058950770723145141 ) ) ;
#137 = ORIENTED_EDGE ( 'NONE', *, *, #1678, .F. ) ;
#138 = PLANE ( 'NONE',  #2897 ) ;
#139 = VERTEX_POINT ( 'NONE', #4739 ) ;
#140 = UNCERTAINTY_MEASURE_WITH_UNIT (LENGTH_MEASURE( 1.000000000000000082E-05 ), #3637, 'distance_accuracy_value', 'NONE');
#141 = LINE ( 'NONE', #1039, #3612 ) ;
#142 = VERTEX_POINT ( 'NONE', #4294 ) ;
#143 = CARTESIAN_POINT ( 'NONE',  ( 7.999999999999996447, 1.000000000000000000, 0.2699999999999973532 ) ) ;
#144 = CARTESIAN_POINT ( 'NONE',  ( 2.950000000000000178, 5.400000000000000355, 1.770000000000001794 ) ) ;
#145 = AXIS2_PLACEMENT_3D ( 'NONE', #5021, #4588, #436 ) ;
#146 = DIRECTION ( 'NONE',  ( -1.000000000000000000, 0.000000000000000000, 0.000000000000000000 ) ) ;
#147 = FACE_OUTER_BOUND ( 'NONE', #2756, .T. ) ;
#148 = EDGE_CURVE ( 'NONE', #3805, #5430, #243, .T. ) ;
#149 = PLANE ( 'NONE',  #4558 ) ;
#150 =( NAMED_UNIT ( * ) SI_UNIT ( $, .STERADIAN. ) SOLID_ANGLE_UNIT ( ) );
#151 = DIRECTION ( 'NONE',  ( 0.000000000000000000, 0.000000000000000000, 1.000000000000000000 ) ) ;
#152 = AXIS2_PLACEMENT_3D ( 'NONE', #2247, #336, #5316 ) ;
#153 = CARTESIAN_POINT ( 'NONE',  ( -6.250000000000001776, 5.200000000000001066, 0.6499999999999991340 ) ) ;
#154 = ORIENTED_EDGE ( 'NONE', *, *, #2648, .T. ) ;
#155 = DIRECTION ( 'NONE',  ( -0.7071067811865487940, -0.000000000000000000, -0.7071067811865463515 ) ) ;
#156 =( NAMED_UNIT ( * ) SI_UNIT ( $, .STERADIAN. ) SOLID_ANGLE_UNIT ( ) );
#157 = EDGE_CURVE ( 'NONE', #3271, #329, #940, .T. ) ;
#158 = ORIENTED_EDGE ( 'NONE', *, *, #2396, .F. ) ;
#159 = FILL_AREA_STYLE ('',( #1471 ) ) ;
#160 = VERTEX_POINT ( 'NONE', #1492 ) ;
#161 = DIRECTION ( 'NONE',  ( 0.000000000000000000, 1.000000000000000000, 0.000000000000000000 ) ) ;
#162 = ORIENTED_EDGE ( 'NONE', *, *, #3500, .F. ) ;
#163 = STYLED_ITEM ( 'NONE', ( #4818 ), #3662 ) ;
#164 = LINE ( 'NONE', #4187, #133 ) ;
#165 = FILL_AREA_STYLE ('',( #1937 ) ) ;
#166 = ADVANCED_FACE ( 'NONE', ( #5248 ), #2861, .F. ) ;
#167 = EDGE_LOOP ( 'NONE', ( #2786, #341, #2699, #2772 ) ) ;
#168 = PLANE ( 'NONE',  #3473 ) ;
#169 = ORIENTED_EDGE ( 'NONE', *, *, #4218, .F. ) ;
#170 = ORIENTED_EDGE ( 'NONE', *, *, #717, .F. ) ;
#171 =( GEOMETRIC_REPRESENTATION_CONTEXT ( 3 ) GLOBAL_UNCERTAINTY_ASSIGNED_CONTEXT ( ( #4764 ) ) GLOBAL_UNIT_ASSIGNED_CONTEXT ( ( #3308, #3350, #680 ) ) REPRESENTATION_CONTEXT ( 'NONE', 'WORKASPACE' ) );
#172 = CYLINDRICAL_SURFACE ( 'NONE', #1050, 0.3499999999999989786 ) ;
#173 = PLANE ( 'NONE',  #5602 ) ;
#174 = ORIENTED_EDGE ( 'NONE', *, *, #5180, .T. ) ;
#175 = CARTESIAN_POINT ( 'NONE',  ( -8.700000000000002842, 5.900000000000000355, 2.449999999999999734 ) ) ;
#176 = PLANE ( 'NONE',  #2831 ) ;
#177 = SURFACE_SIDE_STYLE ('',( #5558 ) ) ;
#178 = PRESENTATION_STYLE_ASSIGNMENT (( #5588 ) ) ;
#179 = LINE ( 'NONE', #4683, #4692 ) ;
#180 = EDGE_CURVE ( 'NONE', #4361, #4251, #4199, .T. ) ;
#181 = UNCERTAINTY_MEASURE_WITH_UNIT (LENGTH_MEASURE( 1.000000000000000082E-05 ), #1294, 'distance_accuracy_value', 'NONE');
#182 = EDGE_CURVE ( 'NONE', #2030, #1172, #1114, .T. ) ;
#183 = DIRECTION ( 'NONE',  ( 0.000000000000000000, 0.000000000000000000, -1.000000000000000000 ) ) ;
#184 = VERTEX_POINT ( 'NONE', #5210 ) ;
#185 = CARTESIAN_POINT ( 'NONE',  ( 0.000000000000000000, 4.899999999999999467, 0.000000000000000000 ) ) ;
#186 = VERTEX_POINT ( 'NONE', #703 ) ;
#187 =( NAMED_UNIT ( * ) PLANE_ANGLE_UNIT ( ) SI_UNIT ( $, .RADIAN. ) );
#188 = ORIENTED_EDGE ( 'NONE', *, *, #2770, .F. ) ;
#189 = CARTESIAN_POINT ( 'NONE',  ( 6.250000000000001776, -0.5999999999999998668, 0.6499999999999991340 ) ) ;
#190 = FILL_AREA_STYLE ('',( #5567 ) ) ;
#191 = CARTESIAN_POINT ( 'NONE',  ( -6.250000000000001776, -3.299999999999999822, 0.9999999999999981126 ) ) ;
#192 = ORIENTED_EDGE ( 'NONE', *, *, #4715, .F. ) ;
#193 = ADVANCED_FACE ( 'NONE', ( #611 ), #2419, .F. ) ;
#194 = CARTESIAN_POINT ( 'NONE',  ( 3.749999999999998224, 5.200000000000001066, 0.3000000000000002109 ) ) ;
#195 = SURFACE_STYLE_USAGE ( .BOTH. , #689 ) ;
#196 = VERTEX_POINT ( 'NONE', #2538 ) ;
#197 = CARTESIAN_POINT ( 'NONE',  ( 3.749999999999998224, 0.000000000000000000, 0.6499999999999991340 ) ) ;
#198 = ORIENTED_EDGE ( 'NONE', *, *, #400, .F. ) ;
#199 = FACE_OUTER_BOUND ( 'NONE', #655, .T. ) ;
#200 = B_SPLINE_CURVE_WITH_KNOTS ( 'NONE', 3,
 ( #2383, #3744, #1615, #1205 ),
 .UNSPECIFIED., .F., .F.,
 ( 4, 4 ),
 ( -2.913817343147705895E-06, 0.0002761349558053597004 ),
 .UNSPECIFIED. ) ;
#201 = ORIENTED_EDGE ( 'NONE', *, *, #22, .T. ) ;
#202 = VERTEX_POINT ( 'NONE', #295 ) ;
#203 = ADVANCED_FACE ( 'NONE', ( #4350 ), #2063, .F. ) ;
#204 = UNCERTAINTY_MEASURE_WITH_UNIT (LENGTH_MEASURE( 1.000000000000000082E-05 ), #2148, 'distance_accuracy_value', 'NONE');
#205 = VECTOR ( 'NONE', #4550, 1000.000000000000000 ) ;
#206 =( LENGTH_UNIT ( ) NAMED_UNIT ( * ) SI_UNIT ( .MILLI., .METRE. ) );
#207 =( LENGTH_UNIT ( ) NAMED_UNIT ( * ) SI_UNIT ( .MILLI., .METRE. ) );
#208 = ORIENTED_EDGE ( 'NONE', *, *, #481, .F. ) ;
#209 = CARTESIAN_POINT ( 'NONE',  ( 0.4500000000000020650, 1.900000000000000577, 1.770000000000002016 ) ) ;
#210 = AXIS2_PLACEMENT_3D ( 'NONE', #3005, #3937, #4767 ) ;
#211 = DIRECTION ( 'NONE',  ( 0.000000000000000000, 0.000000000000000000, -1.000000000000000000 ) ) ;
#212 = EDGE_CURVE ( 'NONE', #258, #2362, #4652, .T. ) ;
#213 = VECTOR ( 'NONE', #4943, 1000.000000000000000 ) ;
#214 = CARTESIAN_POINT ( 'NONE',  ( -6.599999878748270987, -0.5999995225713095071, 0.5058950770727042023 ) ) ;
#215 = SURFACE_STYLE_USAGE ( .BOTH. , #5187 ) ;
#216 = VECTOR ( 'NONE', #5639, 1000.000000000000000 ) ;
#217 = SURFACE_STYLE_FILL_AREA ( #2451 ) ;
#218 = COLOUR_RGB ( '',1.000000000000000000, 1.000000000000000000, 1.000000000000000000 ) ;
#219 = DIRECTION ( 'NONE',  ( -0.000000000000000000, -0.000000000000000000, -1.000000000000000000 ) ) ;
#220 = ORIENTED_EDGE ( 'NONE', *, *, #2701, .F. ) ;
#221 = COLOUR_RGB ( '',1.000000000000000000, 1.000000000000000000, 1.000000000000000000 ) ;
#222 = ORIENTED_EDGE ( 'NONE', *, *, #5468, .F. ) ;
#223 = CARTESIAN_POINT ( 'NONE',  ( -8.673617379884035472E-16, 5.400000000000000355, 1.320000000000001616 ) ) ;
#224 = CARTESIAN_POINT ( 'NONE',  ( -1.250000000000001998, 0.000000000000000000, 0.3000000000000002109 ) ) ;
#225 = COLOUR_RGB ( '',1.000000000000000000, 1.000000000000000000, 1.000000000000000000 ) ;
#226 = TOROIDAL_SURFACE ( 'NONE', #2198, 0.1499999999999989120, 0.2000000000000000111 ) ;
#227 = CIRCLE ( 'NONE', #3523, 0.3499999999999987566 ) ;
#228 = CARTESIAN_POINT ( 'NONE',  ( 5.891093072521181639, -0.6350730859641718906, 0.5476418831549885180 ) ) ;
#229 = ORIENTED_EDGE ( 'NONE', *, *, #971, .T. ) ;
#230 = DIRECTION ( 'NONE',  ( -0.7071067811865480168, -0.000000000000000000, -0.7071067811865470176 ) ) ;
#231 = EDGE_CURVE ( 'NONE', #3168, #4734, #2635, .T. ) ;
#232 = VECTOR ( 'NONE', #3355, 1000.000000000000000 ) ;
#233 = VERTEX_POINT ( 'NONE', #2147 ) ;
#234 = EDGE_LOOP ( 'NONE', ( #1537, #357 ) ) ;
#235 = STYLED_ITEM ( 'NONE', ( #3659 ), #1846 ) ;
#236 = FILL_AREA_STYLE ('',( #1227 ) ) ;
#237 = CARTESIAN_POINT ( 'NONE',  ( 8.000000000000001776, 1.900000000000000577, 0.8700000000000014388 ) ) ;
#238 = EDGE_CURVE ( 'NONE', #2822, #1582, #3527, .T. ) ;
#239 = FACE_OUTER_BOUND ( 'NONE', #5657, .T. ) ;
#240 =( GEOMETRIC_REPRESENTATION_CONTEXT ( 3 ) GLOBAL_UNCERTAINTY_ASSIGNED_CONTEXT ( ( #603 ) ) GLOBAL_UNIT_ASSIGNED_CONTEXT ( ( #507, #1965, #5461 ) ) REPRESENTATION_CONTEXT ( 'NONE', 'WORKASPACE' ) );
#241 =( LENGTH_UNIT ( ) NAMED_UNIT ( * ) SI_UNIT ( .MILLI., .METRE. ) );
#242 = APPLICATION_PROTOCOL_DEFINITION ( 'draft international standard', 'automotive_design', 1998, #3546 ) ;
#243 = LINE ( 'NONE', #1149, #2740 ) ;
#244 = ORIENTED_EDGE ( 'NONE', *, *, #2964, .T. ) ;
#245 = DIRECTION ( 'NONE',  ( -1.000000000000000000, 1.548860246407863336E-16, 0.000000000000000000 ) ) ;
#246 = EDGE_CURVE ( 'NONE', #3945, #2899, #2195, .T. ) ;
#247 =( NAMED_UNIT ( * ) PLANE_ANGLE_UNIT ( ) SI_UNIT ( $, .RADIAN. ) );
#248 = TOROIDAL_SURFACE ( 'NONE', #3636, 0.1499999999999989120, 0.2000000000000000111 ) ;
#249 = DIRECTION ( 'NONE',  ( 1.000000000000000000, 1.548860246407863336E-16, 0.000000000000000000 ) ) ;
#250 = ORIENTED_EDGE ( 'NONE', *, *, #5584, .F. ) ;
#251 = CARTESIAN_POINT ( 'NONE',  ( -6.250000000000001776, -2.199999999999999734, 0.6499999999999991340 ) ) ;
#252 = ORIENTED_EDGE ( 'NONE', *, *, #1282, .F. ) ;
#253 = CARTESIAN_POINT ( 'NONE',  ( 6.250000000000001776, -3.299999999999999822, 0.3000000000000002665 ) ) ;
#254 = ORIENTED_EDGE ( 'NONE', *, *, #644, .F. ) ;
#255 = CARTESIAN_POINT ( 'NONE',  ( 6.250000000000001776, -0.5999999999999998668, 0.6499999999999991340 ) ) ;
#256 = PRESENTATION_LAYER_ASSIGNMENT (  '', '', ( #59 ) ) ;
#257 =( NAMED_UNIT ( * ) SI_UNIT ( $, .STERADIAN. ) SOLID_ANGLE_UNIT ( ) );
#258 = VERTEX_POINT ( 'NONE', #4873 ) ;
#259 = CARTESIAN_POINT ( 'NONE',  ( 6.250000000000001776, -3.299999999999999822, 0.6499999999999991340 ) ) ;
#260 = DIRECTION ( 'NONE',  ( 0.000000000000000000, 0.000000000000000000, 1.000000000000000000 ) ) ;
#261 = VECTOR ( 'NONE', #975, 1000.000000000000000 ) ;
#262 = ORIENTED_EDGE ( 'NONE', *, *, #980, .T. ) ;
#263 = ORIENTED_EDGE ( 'NONE', *, *, #5608, .F. ) ;
#264 = UNCERTAINTY_MEASURE_WITH_UNIT (LENGTH_MEASURE( 1.000000000000000082E-05 ), #5449, 'distance_accuracy_value', 'NONE');
#265 = EDGE_CURVE ( 'NONE', #4268, #1877, #5393, .T. ) ;
#266 = STYLED_ITEM ( 'NONE', ( #3616 ), #3999 ) ;
#267 = CARTESIAN_POINT ( 'NONE',  ( -8.000000000000001776, 4.300000000000006040, -1.530000000000001359 ) ) ;
#268 = DIRECTION ( 'NONE',  ( 0.000000000000000000, 0.000000000000000000, 1.000000000000000000 ) ) ;
#269 = EDGE_LOOP ( 'NONE', ( #3667, #4087, #1009, #5200, #1032, #5078, #1179 ) ) ;
#270 = SURFACE_STYLE_USAGE ( .BOTH. , #4411 ) ;
#271 = VECTOR ( 'NONE', #3548, 1000.000000000000000 ) ;
#272 = CARTESIAN_POINT ( 'NONE',  ( 5.891340001468681642, -2.165901255782923585, 0.6806798721006875885 ) ) ;
#273 = DIRECTION ( 'NONE',  ( -1.000000000000000000, -0.000000000000000000, -0.000000000000000000 ) ) ;
#274 = PRESENTATION_LAYER_ASSIGNMENT (  '', '', ( #1004 ) ) ;
#275 = LINE ( 'NONE', #643, #1769 ) ;
#276 = ADVANCED_FACE ( 'NONE', ( #2613 ), #4479, .T. ) ;
#277 = DIRECTION ( 'NONE',  ( 0.7071067811865489050, 0.000000000000000000, 0.7071067811865462405 ) ) ;
#278 = ORIENTED_EDGE ( 'NONE', *, *, #516, .T. ) ;
#279 = CARTESIAN_POINT ( 'NONE',  ( -3.449999999999993072, -1.399999999999999689, 0.8749999999999990008 ) ) ;
#280 = ORIENTED_EDGE ( 'NONE', *, *, #246, .F. ) ;
#281 = FILL_AREA_STYLE ('',( #2930 ) ) ;
#282 = DIRECTION ( 'NONE',  ( 0.000000000000000000, 0.000000000000000000, 1.000000000000000000 ) ) ;
#283 = DIRECTION ( 'NONE',  ( -0.000000000000000000, 1.000000000000000000, -0.000000000000000000 ) ) ;
#284 = PRESENTATION_STYLE_ASSIGNMENT (( #4640 ) ) ;
#285 = DIRECTION ( 'NONE',  ( 0.000000000000000000, 1.000000000000000000, 0.000000000000000000 ) ) ;
#286 = CARTESIAN_POINT ( 'NONE',  ( -8.700000000000002842, 5.900000000000000355, -2.450000000000000622 ) ) ;
#287 = VERTEX_POINT ( 'NONE', #3053 ) ;
#288 = ORIENTED_EDGE ( 'NONE', *, *, #5758, .F. ) ;
#289 = DIRECTION ( 'NONE',  ( 0.000000000000000000, 0.000000000000000000, 1.000000000000000000 ) ) ;
#290 = LINE ( 'NONE', #5299, #3434 ) ;
#291 = EDGE_CURVE ( 'NONE', #5430, #746, #4444, .T. ) ;
#292 = VERTEX_POINT ( 'NONE', #450 ) ;
#293 = CARTESIAN_POINT ( 'NONE',  ( -6.634751733198990920, -2.047963268932763370, 0.8749999999999990008 ) ) ;
#294 = CARTESIAN_POINT ( 'NONE',  ( -7.999999999999996447, 4.899999999999999467, -1.230000000000000648 ) ) ;
#295 = CARTESIAN_POINT ( 'NONE',  ( 6.249999999999998224, 1.900000000000000577, 0.2999999999999983791 ) ) ;
#296 = CARTESIAN_POINT ( 'NONE',  ( 5.882544144188218027, -2.131267567741097047, 0.5881152952575534609 ) ) ;
#297 = CARTESIAN_POINT ( 'NONE',  ( -6.634831635644926173, -2.047570422884860353, 0.4234043363144970873 ) ) ;
#298 = ADVANCED_FACE ( 'NONE', ( #3166 ), #845, .T. ) ;
#299 = UNCERTAINTY_MEASURE_WITH_UNIT (LENGTH_MEASURE( 1.000000000000000082E-05 ), #2356, 'distance_accuracy_value', 'NONE');
#300 = AXIS2_PLACEMENT_3D ( 'NONE', #3322, #2879, #4701 ) ;
#301 = ORIENTED_EDGE ( 'NONE', *, *, #5828, .F. ) ;
#302 = ORIENTED_EDGE ( 'NONE', *, *, #4067, .T. ) ;
#303 = SURFACE_STYLE_USAGE ( .BOTH. , #4360 ) ;
#304 = ORIENTED_EDGE ( 'NONE', *, *, #446, .T. ) ;
#305 =( GEOMETRIC_REPRESENTATION_CONTEXT ( 3 ) GLOBAL_UNCERTAINTY_ASSIGNED_CONTEXT ( ( #299 ) ) GLOBAL_UNIT_ASSIGNED_CONTEXT ( ( #2356, #3187, #2302 ) ) REPRESENTATION_CONTEXT ( 'NONE', 'WORKASPACE' ) );
#306 = EDGE_CURVE ( 'NONE', #4635, #3705, #4754, .T. ) ;
#307 =( NAMED_UNIT ( * ) PLANE_ANGLE_UNIT ( ) SI_UNIT ( $, .RADIAN. ) );
#308 = DIRECTION ( 'NONE',  ( 0.000000000000000000, -1.000000000000000000, 0.000000000000000000 ) ) ;
#309 =( GEOMETRIC_REPRESENTATION_CONTEXT ( 3 ) GLOBAL_UNCERTAINTY_ASSIGNED_CONTEXT ( ( #5215 ) ) GLOBAL_UNIT_ASSIGNED_CONTEXT ( ( #3725, #5118, #1083 ) ) REPRESENTATION_CONTEXT ( 'NONE', 'WORKASPACE' ) );
#310 = CIRCLE ( 'NONE', #4552, 0.1499999999999988842 ) ;
#311 = CARTESIAN_POINT ( 'NONE',  ( 8.699999999999995737, 5.900000000000000355, 2.449999999999999734 ) ) ;
#312 = CARTESIAN_POINT ( 'NONE',  ( 8.700000000000002842, 1.000000000000000000, -1.230000000000000648 ) ) ;
#313 = FILL_AREA_STYLE ('',( #1168 ) ) ;
#314 = ORIENTED_EDGE ( 'NONE', *, *, #2809, .T. ) ;
#315 = EDGE_CURVE ( 'NONE', #5381, #202, #2563, .T. ) ;
#316 = AXIS2_PLACEMENT_3D ( 'NONE', #1916, #571, #5145 ) ;
#317 = VERTEX_POINT ( 'NONE', #3613 ) ;
#318 = ORIENTED_EDGE ( 'NONE', *, *, #231, .T. ) ;
#319 = LINE ( 'NONE', #4795, #3944 ) ;
#320 = DIRECTION ( 'NONE',  ( 0.000000000000000000, -1.000000000000000000, 0.000000000000000000 ) ) ;
#321 = CARTESIAN_POINT ( 'NONE',  ( -3.750000000000002220, -3.299999999999999822, 0.6499999999999991340 ) ) ;
#322 =( NAMED_UNIT ( * ) SI_UNIT ( $, .STERADIAN. ) SOLID_ANGLE_UNIT ( ) );
#323 = FACE_OUTER_BOUND ( 'NONE', #1442, .T. ) ;
#324 = FILL_AREA_STYLE_COLOUR ( '', #4024 ) ;
#325 = EDGE_CURVE ( 'NONE', #5067, #4124, #4750, .T. ) ;
#326 = PRESENTATION_STYLE_ASSIGNMENT (( #2601 ) ) ;
#327 = DIRECTION ( 'NONE',  ( 0.000000000000000000, 0.000000000000000000, 1.000000000000000000 ) ) ;
#328 = ORIENTED_EDGE ( 'NONE', *, *, #22, .F. ) ;
#329 = VERTEX_POINT ( 'NONE', #1301 ) ;
#330 = DIRECTION ( 'NONE',  ( 0.000000000000000000, -0.7071067811865472397, -0.7071067811865479058 ) ) ;
#331 = CYLINDRICAL_SURFACE ( 'NONE', #1540, 0.3499999999999998113 ) ;
#332 = DIRECTION ( 'NONE',  ( 0.000000000000000000, 0.000000000000000000, -1.000000000000000000 ) ) ;
#333 = AXIS2_PLACEMENT_3D ( 'NONE', #4517, #3205, #2795 ) ;
#334 = ADVANCED_FACE ( 'NONE', ( #5368 ), #3106, .T. ) ;
#335 = CARTESIAN_POINT ( 'NONE',  ( 6.250000000000001776, -7.989949493661161917, 0.6499999999999991340 ) ) ;
#336 = DIRECTION ( 'NONE',  ( 0.000000000000000000, 1.000000000000000000, 0.000000000000000000 ) ) ;
#337 = DIRECTION ( 'NONE',  ( 1.000000000000000000, 0.000000000000000000, -1.224646799147353207E-16 ) ) ;
#338 = AXIS2_PLACEMENT_3D ( 'NONE', #4400, #1752, #878 ) ;
#339 = EDGE_LOOP ( 'NONE', ( #2437, #2638, #1898, #5511, #3478, #188, #3380 ) ) ;
#340 = SURFACE_STYLE_USAGE ( .BOTH. , #1304 ) ;
#341 = ORIENTED_EDGE ( 'NONE', *, *, #2344, .T. ) ;
#342 = STYLED_ITEM ( 'NONE', ( #1404 ), #3299 ) ;
#343 = EDGE_CURVE ( 'NONE', #1575, #5687, #2940, .T. ) ;
#344 = LINE ( 'NONE', #5437, #3914 ) ;
#345 = CARTESIAN_POINT ( 'NONE',  ( -8.700000000000002842, 5.900000000000000355, 2.449999999999999734 ) ) ;
#346 = CARTESIAN_POINT ( 'NONE',  ( -6.617455855588503688, -0.6687324313797298192, 0.7118847074930183538 ) ) ;
#347 = STYLED_ITEM ( 'NONE', ( #5308 ), #3445 ) ;
#348 = CARTESIAN_POINT ( 'NONE',  ( -6.617455855811694043, -2.131267567741464308, 0.7118847047437119047 ) ) ;
#349 = CARTESIAN_POINT ( 'NONE',  ( -5.882544144411672171, -2.131267568620945241, 0.7118847074950558351 ) ) ;
#350 = AXIS2_PLACEMENT_3D ( 'NONE', #1480, #5516, #1389 ) ;
#351 = PLANE ( 'NONE',  #5694 ) ;
#352 = FILL_AREA_STYLE ('',( #1709 ) ) ;
#353 = CYLINDRICAL_SURFACE ( 'NONE', #1998, 0.3499999999999989786 ) ;
#354 = DIRECTION ( 'NONE',  ( 0.000000000000000000, 1.000000000000000000, 0.000000000000000000 ) ) ;
#355 = ORIENTED_EDGE ( 'NONE', *, *, #4291, .F. ) ;
#356 = DIRECTION ( 'NONE',  ( -0.000000000000000000, -1.000000000000000000, -0.000000000000000000 ) ) ;
#357 = ORIENTED_EDGE ( 'NONE', *, *, #2153, .T. ) ;
#358 = CARTESIAN_POINT ( 'NONE',  ( -0.4500000000000025091, 5.400000000000000355, 1.770000000000001794 ) ) ;
#359 = CARTESIAN_POINT ( 'NONE',  ( -1.250000000000001998, 5.400000000000000355, 0.6499999999999991340 ) ) ;
#360 = CYLINDRICAL_SURFACE ( 'NONE', #764, 0.3499999999999989786 ) ;
#361 = EDGE_CURVE ( 'NONE', #1034, #371, #4308, .T. ) ;
#362 = ADVANCED_FACE ( 'NONE', ( #4504 ), #2333, .F. ) ;
#363 = SURFACE_SIDE_STYLE ('',( #4422 ) ) ;
#364 = DIRECTION ( 'NONE',  ( 0.000000000000000000, 0.000000000000000000, 1.000000000000000000 ) ) ;
#365 = CARTESIAN_POINT ( 'NONE',  ( -1.250000000000001998, 1.900000000000000577, 0.6499999999999991340 ) ) ;
#366 = EDGE_CURVE ( 'NONE', #2030, #2546, #4144, .T. ) ;
#367 = EDGE_LOOP ( 'NONE', ( #4446, #5517, #2739, #3451 ) ) ;
#368 =( LENGTH_UNIT ( ) NAMED_UNIT ( * ) SI_UNIT ( .MILLI., .METRE. ) );
#369 = DIRECTION ( 'NONE',  ( 1.000000000000000000, 0.000000000000000000, 0.000000000000000000 ) ) ;
#370 = CARTESIAN_POINT ( 'NONE',  ( -6.250000000000001776, -3.299999999999999822, 0.3000000000000002665 ) ) ;
#371 = VERTEX_POINT ( 'NONE', #3250 ) ;
#372 = ADVANCED_FACE ( 'NONE', ( #418 ), #1043, .T. ) ;
#373 = CARTESIAN_POINT ( 'NONE',  ( -5.900000000000002132, -2.199999999999999734, 0.6499999999999991340 ) ) ;
#374 = EDGE_LOOP ( 'NONE', ( #3232, #2714, #595, #2848, #2868 ) ) ;
#375 = ORIENTED_EDGE ( 'NONE', *, *, #550, .T. ) ;
#376 = EDGE_CURVE ( 'NONE', #78, #1726, #3130, .T. ) ;
#377 = CARTESIAN_POINT ( 'NONE',  ( -8.000000000000003553, 0.1000000000000000472, 0.2699999999999994071 ) ) ;
#378 = STYLED_ITEM ( 'NONE', ( #3493 ), #1332 ) ;
#379 = CARTESIAN_POINT ( 'NONE',  ( 4.999999999999999112, 5.400000000000000355, 1.320000000000001616 ) ) ;
#380 = FILL_AREA_STYLE ('',( #3347 ) ) ;
#381 = ORIENTED_EDGE ( 'NONE', *, *, #1341, .T. ) ;
#382 = DIRECTION ( 'NONE',  ( -0.7071067811865487940, -0.000000000000000000, 0.7071067811865463515 ) ) ;
#383 = AXIS2_PLACEMENT_3D ( 'NONE', #1832, #37, #2336 ) ;
#384 =( NAMED_UNIT ( * ) SI_UNIT ( $, .STERADIAN. ) SOLID_ANGLE_UNIT ( ) );
#385 = FILL_AREA_STYLE ('',( #1275 ) ) ;
#386 = B_SPLINE_CURVE_WITH_KNOTS ( 'NONE', 3,
 ( #4929, #855, #2228, #4044 ),
 .UNSPECIFIED., .F., .F.,
 ( 4, 4 ),
 ( 0.000000000000000000, 0.0001969895534202384629 ),
 .UNSPECIFIED. ) ;
#387 = FILL_AREA_STYLE ('',( #799 ) ) ;
#388 = VECTOR ( 'NONE', #3690, 1000.000000000000000 ) ;
#389 = CARTESIAN_POINT ( 'NONE',  ( -5.450000000000002842, 5.400000000000000355, 1.770000000000001794 ) ) ;
#390 = AXIS2_PLACEMENT_3D ( 'NONE', #523, #3212, #4143 ) ;
#391 = CARTESIAN_POINT ( 'NONE',  ( -5.891664269171875468, -0.6221194318499319031, 0.9075845877848977006 ) ) ;
#392 = ORIENTED_EDGE ( 'NONE', *, *, #2809, .F. ) ;
#393 = STYLED_ITEM ( 'NONE', ( #2229 ), #2103 ) ;
#394 = FACE_OUTER_BOUND ( 'NONE', #3868, .T. ) ;
#395 = COLOUR_RGB ( '',0.7921568627450980005, 0.8196078431372548767, 0.9333333333333333481 ) ;
#396 = ORIENTED_EDGE ( 'NONE', *, *, #5411, .T. ) ;
#397 = AXIS2_PLACEMENT_3D ( 'NONE', #3181, #2676, #1313 ) ;
#398 = AXIS2_PLACEMENT_3D ( 'NONE', #1420, #5020, #2757 ) ;
#399 = SURFACE_SIDE_STYLE ('',( #4904 ) ) ;
#400 = EDGE_CURVE ( 'NONE', #2836, #2469, #676, .T. ) ;
#401 = DIRECTION ( 'NONE',  ( 1.000000000000000000, -0.000000000000000000, -0.000000000000000000 ) ) ;
#402 = ORIENTED_EDGE ( 'NONE', *, *, #4861, .F. ) ;
#403 = FACE_OUTER_BOUND ( 'NONE', #1008, .T. ) ;
#404 = AXIS2_PLACEMENT_3D ( 'NONE', #47, #4458, #405 ) ;
#405 = DIRECTION ( 'NONE',  ( 7.434529182757767680E-15, 0.000000000000000000, -1.000000000000000000 ) ) ;
#406 = PRESENTATION_LAYER_ASSIGNMENT (  '', '', ( #2194 ) ) ;
#407 = ORIENTED_EDGE ( 'NONE', *, *, #1201, .T. ) ;
#408 = AXIS2_PLACEMENT_3D ( 'NONE', #4065, #4406, #3985 ) ;
#409 = CARTESIAN_POINT ( 'NONE',  ( 5.865168364355077379, -0.7524295771151391365, 0.8765956636855010142 ) ) ;
#410 = ADVANCED_FACE ( 'NONE', ( #3400 ), #118, .F. ) ;
#411 = CARTESIAN_POINT ( 'NONE',  ( 1.249999999999997558, 5.200000000000001066, 0.6499999999999991340 ) ) ;
#412 = LINE ( 'NONE', #3912, #884 ) ;
#413 = CARTESIAN_POINT ( 'NONE',  ( -5.869856958013280668, -2.070615073486788305, 0.5159529532343249958 ) ) ;
#414 = ADVANCED_FACE ( 'NONE', ( #1951 ), #149, .F. ) ;
#415 = LINE ( 'NONE', #2330, #1621 ) ;
#416 = PRESENTATION_LAYER_ASSIGNMENT (  '', '', ( #4579 ) ) ;
#417 = SURFACE_STYLE_USAGE ( .BOTH. , #4265 ) ;
#418 = FACE_OUTER_BOUND ( 'NONE', #4300, .T. ) ;
#419 = CARTESIAN_POINT ( 'NONE',  ( 8.699999999999995737, 0.000000000000000000, 1.230660171779828671 ) ) ;
#420 = CARTESIAN_POINT ( 'NONE',  ( -6.250000000000001776, 1.900000000000000577, 0.9999999999999981126 ) ) ;
#421 = FILL_AREA_STYLE ('',( #4475 ) ) ;
#422 = FACE_OUTER_BOUND ( 'NONE', #2939, .T. ) ;
#423 = CARTESIAN_POINT ( 'NONE',  ( -8.000000000000001776, 5.900000000000000355, 0.8700000000000014388 ) ) ;
#424 = FACE_OUTER_BOUND ( 'NONE', #5129, .T. ) ;
#425 = B_SPLINE_CURVE_WITH_KNOTS ( 'NONE', 3,
 ( #4729, #5172, #5264, #1200 ),
 .UNSPECIFIED., .F., .F.,
 ( 4, 4 ),
 ( -2.913817343148021415E-06, 0.0002761349558053574778 ),
 .UNSPECIFIED. ) ;
#426 = ORIENTED_EDGE ( 'NONE', *, *, #1780, .F. ) ;
#427 = CARTESIAN_POINT ( 'NONE',  ( -8.700000000000002842, 5.400000000000000355, -0.4300000000000061551 ) ) ;
#428 = AXIS2_PLACEMENT_3D ( 'NONE', #638, #2388, #2418 ) ;
#429 = CARTESIAN_POINT ( 'NONE',  ( -6.518095132369091438, -2.199999999999999734, 0.4249999999999993783 ) ) ;
#430 = CARTESIAN_POINT ( 'NONE',  ( 7.999999999999996447, 4.899999999999999467, -0.4300000000000062106 ) ) ;
#431 = ORIENTED_EDGE ( 'NONE', *, *, #1162, .F. ) ;
#432 = ADVANCED_FACE ( 'NONE', ( #1979 ), #612, .T. ) ;
#433 = ORIENTED_EDGE ( 'NONE', *, *, #5624, .F. ) ;
#434 = UNCERTAINTY_MEASURE_WITH_UNIT (LENGTH_MEASURE( 1.000000000000000082E-05 ), #5274, 'distance_accuracy_value', 'NONE');
#435 = PRESENTATION_STYLE_ASSIGNMENT (( #3510 ) ) ;
#436 = DIRECTION ( 'NONE',  ( 0.000000000000000000, 0.000000000000000000, -1.000000000000000000 ) ) ;
#437 = LINE ( 'NONE', #4509, #2968 ) ;
#438 =( GEOMETRIC_REPRESENTATION_CONTEXT ( 3 ) GLOBAL_UNCERTAINTY_ASSIGNED_CONTEXT ( ( #2257 ) ) GLOBAL_UNIT_ASSIGNED_CONTEXT ( ( #4882, #3115, #5823 ) ) REPRESENTATION_CONTEXT ( 'NONE', 'WORKASPACE' ) );
#439 = CARTESIAN_POINT ( 'NONE',  ( -1.250000000000001998, 0.1000000000000000056, 0.6499999999999991340 ) ) ;
#440 = CARTESIAN_POINT ( 'NONE',  ( 8.000000000000001776, 1.900000000000000577, -1.729999999999998428 ) ) ;
#441 = CARTESIAN_POINT ( 'NONE',  ( 4.549999999999998046, 5.400000000000000355, 1.770000000000001794 ) ) ;
#442 =( GEOMETRIC_REPRESENTATION_CONTEXT ( 3 ) GLOBAL_UNCERTAINTY_ASSIGNED_CONTEXT ( ( #4516 ) ) GLOBAL_UNIT_ASSIGNED_CONTEXT ( ( #4700, #1509, #106 ) ) REPRESENTATION_CONTEXT ( 'NONE', 'WORKASPACE' ) );
#443 = CARTESIAN_POINT ( 'NONE',  ( 6.250000000000001776, -7.989949493661161917, 0.6499999999999991340 ) ) ;
#444 = DIRECTION ( 'NONE',  ( -1.000000000000000000, 0.000000000000000000, -2.787948443534164063E-15 ) ) ;
#445 = CARTESIAN_POINT ( 'NONE',  ( 8.699999999999995737, 1.000000000000000000, 0.2699999999999976863 ) ) ;
#446 = EDGE_CURVE ( 'NONE', #1695, #1976, #3781, .T. ) ;
#447 = CIRCLE ( 'NONE', #728, 0.3499999999999989231 ) ;
#448 = CARTESIAN_POINT ( 'NONE',  ( 8.000000000000001776, 4.300000000000006040, -1.530000000000001359 ) ) ;
#449 = CARTESIAN_POINT ( 'NONE',  ( -5.891093071953584115, -2.164926912519932856, 0.5476418845250309309 ) ) ;
#450 = CARTESIAN_POINT ( 'NONE',  ( 6.250000000000001776, 5.200000000000001066, 0.9999999999999981126 ) ) ;
#451 = CARTESIAN_POINT ( 'NONE',  ( -4.549999999999999822, 5.400000000000000355, 1.770000000000001572 ) ) ;
#452 = ORIENTED_EDGE ( 'NONE', *, *, #2888, .F. ) ;
#453 = DIRECTION ( 'NONE',  ( 0.000000000000000000, 0.000000000000000000, 1.000000000000000000 ) ) ;
#454 = LINE ( 'NONE', #40, #1165 ) ;
#455 = ADVANCED_FACE ( 'NONE', ( #5529 ), #3340, .F. ) ;
#456 = VERTEX_POINT ( 'NONE', #642 ) ;
#457 = DIRECTION ( 'NONE',  ( 0.000000000000000000, -1.000000000000000000, 0.000000000000000000 ) ) ;
#458 = SURFACE_STYLE_FILL_AREA ( #313 ) ;
#459 = ORIENTED_EDGE ( 'NONE', *, *, #2322, .F. ) ;
#460 = VERTEX_POINT ( 'NONE', #5088 ) ;
#461 = CARTESIAN_POINT ( 'NONE',  ( 6.634751733198991808, -0.7520367310672355643, 0.4249999999999991007 ) ) ;
#462 = CARTESIAN_POINT ( 'NONE',  ( -8.000000000000003553, 0.000000000000000000, -1.449999999999997291 ) ) ;
#463 = FACE_OUTER_BOUND ( 'NONE', #681, .T. ) ;
#464 = SURFACE_SIDE_STYLE ('',( #2731 ) ) ;
#465 = ADVANCED_FACE ( 'NONE', ( #2447 ), #4806, .T. ) ;
#466 = DIRECTION ( 'NONE',  ( 0.000000000000000000, 0.000000000000000000, 1.000000000000000000 ) ) ;
#467 = SURFACE_SIDE_STYLE ('',( #1018 ) ) ;
#468 = CARTESIAN_POINT ( 'NONE',  ( 6.249999999999998224, 1.900000000000000577, 0.9999999999999997780 ) ) ;
#469 = ORIENTED_EDGE ( 'NONE', *, *, #1431, .T. ) ;
#470 = SURFACE_STYLE_FILL_AREA ( #2276 ) ;
#471 = EDGE_CURVE ( 'NONE', #4182, #96, #2921, .T. ) ;
#472 = EDGE_LOOP ( 'NONE', ( #3263, #3530, #1550, #796 ) ) ;
#473 = COLOUR_RGB ( '',1.000000000000000000, 1.000000000000000000, 1.000000000000000000 ) ;
#474 = CARTESIAN_POINT ( 'NONE',  ( 6.250000000000001776, -0.5999999999999998668, 0.6499999999999991340 ) ) ;
#475 = DIRECTION ( 'NONE',  ( 0.7071067811865462405, -0.000000000000000000, 0.7071067811865489050 ) ) ;
#476 = ORIENTED_EDGE ( 'NONE', *, *, #4728, .F. ) ;
#477 = LINE ( 'NONE', #806, #4540 ) ;
#478 = B_SPLINE_CURVE_WITH_KNOTS ( 'NONE', 3,
 ( #4352, #3755, #3401, #5212, #2979, #2953 ),
 .UNSPECIFIED., .F., .F.,
 ( 4, 2, 4 ),
 ( 2.424349759030540154E-19, 0.0001400384557297719977, 0.0002800769114595437243 ),
 .UNSPECIFIED. ) ;
#479 = VECTOR ( 'NONE', #1747, 1000.000000000000000 ) ;
#480 = FILL_AREA_STYLE ('',( #1970 ) ) ;
#481 = EDGE_CURVE ( 'NONE', #3896, #665, #773, .T. ) ;
#482 = ORIENTED_EDGE ( 'NONE', *, *, #4646, .T. ) ;
#483 = CARTESIAN_POINT ( 'NONE',  ( 3.749999999999998224, 1.900000000000000577, 0.9999999999999988898 ) ) ;
#484 = AXIS2_PLACEMENT_3D ( 'NONE', #2102, #3911, #5714 ) ;
#485 = EDGE_LOOP ( 'NONE', ( #301, #174, #4704, #1996 ) ) ;
#486 = UNCERTAINTY_MEASURE_WITH_UNIT (LENGTH_MEASURE( 1.000000000000000082E-05 ), #207, 'distance_accuracy_value', 'NONE');
#487 = AXIS2_PLACEMENT_3D ( 'NONE', #4917, #1802, #4059 ) ;
#488 = SURFACE_STYLE_FILL_AREA ( #1705 ) ;
#489 = COLOUR_RGB ( '',1.000000000000000000, 1.000000000000000000, 1.000000000000000000 ) ;
#490 = CARTESIAN_POINT ( 'NONE',  ( 3.749999999999998224, -3.299999999999999822, 0.9999999999999981126 ) ) ;
#491 = CARTESIAN_POINT ( 'NONE',  ( -6.632447476850612311, -2.059288732506217023, 0.4704747151069819666 ) ) ;
#492 = FACE_OUTER_BOUND ( 'NONE', #2910, .T. ) ;
#493 = LINE ( 'NONE', #4141, #4639 ) ;
#494 = AXIS2_PLACEMENT_3D ( 'NONE', #4819, #320, #2623 ) ;
#495 = VECTOR ( 'NONE', #3800, 1000.000000000000000 ) ;
#496 = PRESENTATION_LAYER_ASSIGNMENT (  '', '', ( #4671 ) ) ;
#497 = CARTESIAN_POINT ( 'NONE',  ( -6.621467953893796832, -2.113253295688958922, 0.8749999999999990008 ) ) ;
#498 = DIRECTION ( 'NONE',  ( 2.478176394252589227E-15, 0.000000000000000000, -1.000000000000000000 ) ) ;
#499 = EDGE_CURVE ( 'NONE', #2592, #558, #2162, .T. ) ;
#500 =( GEOMETRIC_REPRESENTATION_CONTEXT ( 3 ) GLOBAL_UNCERTAINTY_ASSIGNED_CONTEXT ( ( #5467 ) ) GLOBAL_UNIT_ASSIGNED_CONTEXT ( ( #3922, #3520, #4418 ) ) REPRESENTATION_CONTEXT ( 'NONE', 'WORKASPACE' ) );
#501 = CARTESIAN_POINT ( 'NONE',  ( 7.480660171779826229, 0.000000000000000000, 2.449999999999999734 ) ) ;
#502 = EDGE_LOOP ( 'NONE', ( #5503, #2000 ) ) ;
#503 = PRESENTATION_STYLE_ASSIGNMENT (( #3614 ) ) ;
#504 = VERTEX_POINT ( 'NONE', #4772 ) ;
#505 = CARTESIAN_POINT ( 'NONE',  ( 6.519292378787156395, -2.199999887382629193, 0.4188143558496852381 ) ) ;
#506 = DIRECTION ( 'NONE',  ( 0.000000000000000000, -1.000000000000000000, 0.000000000000000000 ) ) ;
#507 =( LENGTH_UNIT ( ) NAMED_UNIT ( * ) SI_UNIT ( .MILLI., .METRE. ) );
#508 = ORIENTED_EDGE ( 'NONE', *, *, #918, .T. ) ;
#509 = ADVANCED_FACE ( 'NONE', ( #2077 ), #3580, .T. ) ;
#510 = DIRECTION ( 'NONE',  ( -0.000000000000000000, 1.000000000000000000, -0.000000000000000000 ) ) ;
#511 = CARTESIAN_POINT ( 'NONE',  ( 7.999999999999996447, 1.000000000000000000, -1.230000000000000648 ) ) ;
#512 = VERTEX_POINT ( 'NONE', #1765 ) ;
#513 = DIRECTION ( 'NONE',  ( 0.000000000000000000, -0.000000000000000000, -1.000000000000000000 ) ) ;
#514 = ORIENTED_EDGE ( 'NONE', *, *, #4503, .T. ) ;
#515 = ORIENTED_EDGE ( 'NONE', *, *, #5188, .F. ) ;
#516 = EDGE_CURVE ( 'NONE', #3900, #2822, #1881, .T. ) ;
#517 = MECHANICAL_DESIGN_GEOMETRIC_PRESENTATION_REPRESENTATION (  '', ( #5730 ), #5442 ) ;
#518 = DIRECTION ( 'NONE',  ( 0.000000000000000000, 1.000000000000000000, 0.000000000000000000 ) ) ;
#519 = CARTESIAN_POINT ( 'NONE',  ( -7.100000000000002309, 5.900000000000000355, 1.770000000000001572 ) ) ;
#520 = CARTESIAN_POINT ( 'NONE',  ( -1.250000000000001998, -7.989949493661161917, 0.9999999999999981126 ) ) ;
#521 = DIRECTION ( 'NONE',  ( -0.000000000000000000, -0.000000000000000000, -1.000000000000000000 ) ) ;
#522 = CARTESIAN_POINT ( 'NONE',  ( -5.450000000000002842, 1.900000000000000577, 1.770000000000001794 ) ) ;
#523 = CARTESIAN_POINT ( 'NONE',  ( -7.100000000000002309, 1.900000000000000577, 1.770000000000001572 ) ) ;
#524 = CARTESIAN_POINT ( 'NONE',  ( 6.250000000000001776, -2.199999999999999734, 0.6499999999999991340 ) ) ;
#525 = AXIS2_PLACEMENT_3D ( 'NONE', #5094, #2279, #554 ) ;
#526 = CARTESIAN_POINT ( 'NONE',  ( -5.891664269171874579, -2.177880568150067919, 0.3924154122151002344 ) ) ;
#527 = VERTEX_POINT ( 'NONE', #5382 ) ;
#528 = ORIENTED_EDGE ( 'NONE', *, *, #3178, .F. ) ;
#529 = LINE ( 'NONE', #2744, #5547 ) ;
#530 = ORIENTED_EDGE ( 'NONE', *, *, #3950, .T. ) ;
#531 = EDGE_CURVE ( 'NONE', #1172, #3118, #4073, .T. ) ;
#532 = CARTESIAN_POINT ( 'NONE',  ( 6.617455855811684273, -2.131267567741502500, 0.7118847047436422937 ) ) ;
#533 = VECTOR ( 'NONE', #356, 1000.000000000000000 ) ;
#534 = DIRECTION ( 'NONE',  ( -0.000000000000000000, -1.000000000000000000, -0.000000000000000000 ) ) ;
#535 = DIRECTION ( 'NONE',  ( 1.000000000000000000, 0.000000000000000000, 0.000000000000000000 ) ) ;
#536 = VERTEX_POINT ( 'NONE', #2259 ) ;
#537 = CYLINDRICAL_SURFACE ( 'NONE', #3555, 0.3499999999999989786 ) ;
#538 = EDGE_CURVE ( 'NONE', #1743, #1359, #4081, .T. ) ;
#539 = ORIENTED_EDGE ( 'NONE', *, *, #904, .F. ) ;
#540 = ORIENTED_EDGE ( 'NONE', *, *, #1529, .T. ) ;
#541 = UNCERTAINTY_MEASURE_WITH_UNIT (LENGTH_MEASURE( 1.000000000000000082E-05 ), #2922, 'distance_accuracy_value', 'NONE');
#542 = DIRECTION ( 'NONE',  ( 0.000000000000000000, 1.000000000000000000, 0.000000000000000000 ) ) ;
#543 = DIRECTION ( 'NONE',  ( 0.000000000000000000, 0.000000000000000000, 1.000000000000000000 ) ) ;
#544 = EDGE_CURVE ( 'NONE', #1063, #317, #2653, .T. ) ;
#545 = EDGE_LOOP ( 'NONE', ( #1005, #5734 ) ) ;
#546 = DIRECTION ( 'NONE',  ( -0.000000000000000000, -1.000000000000000000, -0.000000000000000000 ) ) ;
#547 =( NAMED_UNIT ( * ) PLANE_ANGLE_UNIT ( ) SI_UNIT ( $, .RADIAN. ) );
#548 = SURFACE_SIDE_STYLE ('',( #2825 ) ) ;
#549 = FILL_AREA_STYLE ('',( #3849 ) ) ;
#550 = EDGE_CURVE ( 'NONE', #1359, #1743, #3698, .T. ) ;
#551 = DIRECTION ( 'NONE',  ( 0.000000000000000000, 0.000000000000000000, -1.000000000000000000 ) ) ;
#552 = DIRECTION ( 'NONE',  ( -0.000000000000000000, -1.000000000000000000, -0.000000000000000000 ) ) ;
#553 = ORIENTED_EDGE ( 'NONE', *, *, #3724, .T. ) ;
#554 = DIRECTION ( 'NONE',  ( -0.000000000000000000, 0.000000000000000000, -1.000000000000000000 ) ) ;
#555 = ORIENTED_EDGE ( 'NONE', *, *, #2611, .T. ) ;
#556 = CARTESIAN_POINT ( 'NONE',  ( 6.630304663736381166, -2.069834632055782109, 0.7851033600317935957 ) ) ;
#557 = VECTOR ( 'NONE', #2445, 1000.000000000000000 ) ;
#558 = VERTEX_POINT ( 'NONE', #2297 ) ;
#559 = CARTESIAN_POINT ( 'NONE',  ( -7.100000000000002309, 5.600000000000000533, 1.770000000000001572 ) ) ;
#560 = VECTOR ( 'NONE', #3953, 1000.000000000000000 ) ;
#561 = CARTESIAN_POINT ( 'NONE',  ( 5.865168364355077379, -0.7524295771151391365, 0.4234043363144970873 ) ) ;
#562 = VERTEX_POINT ( 'NONE', #5470 ) ;
#563 = CARTESIAN_POINT ( 'NONE',  ( 6.634751733198991808, -0.7520367310672355643, 0.4249999999999991007 ) ) ;
#564 = MECHANICAL_DESIGN_GEOMETRIC_PRESENTATION_REPRESENTATION (  '', ( #3116 ), #1505 ) ;
#565 = ORIENTED_EDGE ( 'NONE', *, *, #4891, .T. ) ;
#566 = EDGE_LOOP ( 'NONE', ( #5137, #4775, #3438, #5396 ) ) ;
#567 =( GEOMETRIC_REPRESENTATION_CONTEXT ( 3 ) GLOBAL_UNCERTAINTY_ASSIGNED_CONTEXT ( ( #1655 ) ) GLOBAL_UNIT_ASSIGNED_CONTEXT ( ( #2404, #1987, #4271 ) ) REPRESENTATION_CONTEXT ( 'NONE', 'WORKASPACE' ) );
#568 = ADVANCED_FACE ( 'NONE', ( #864 ), #2646, .T. ) ;
#569 = CARTESIAN_POINT ( 'NONE',  ( -6.250000000000001776, -3.500000000000000000, 0.6499999999999991340 ) ) ;
#570 = STYLED_ITEM ( 'NONE', ( #2570 ), #5682 ) ;
#571 = DIRECTION ( 'NONE',  ( -0.000000000000000000, 1.000000000000000000, -0.000000000000000000 ) ) ;
#572 = LINE ( 'NONE', #2793, #2748 ) ;
#573 = MECHANICAL_DESIGN_GEOMETRIC_PRESENTATION_REPRESENTATION (  '', ( #3883 ), #2556 ) ;
#574 = EDGE_LOOP ( 'NONE', ( #1058, #3885 ) ) ;
#575 = COLOUR_RGB ( '',1.000000000000000000, 1.000000000000000000, 1.000000000000000000 ) ;
#576 = DIRECTION ( 'NONE',  ( 0.000000000000000000, -1.000000000000000000, 0.000000000000000000 ) ) ;
#577 = DIRECTION ( 'NONE',  ( 0.000000000000000000, 0.000000000000000000, -1.000000000000000000 ) ) ;
#578 = STYLED_ITEM ( 'NONE', ( #2703 ), #568 ) ;
#579 = EDGE_CURVE ( 'NONE', #4097, #4855, #3122, .T. ) ;
#580 = AXIS2_PLACEMENT_3D ( 'NONE', #3831, #4751, #5692 ) ;
#581 = DIRECTION ( 'NONE',  ( -1.548860246407863336E-16, 1.000000000000000000, 0.000000000000000000 ) ) ;
#582 = CARTESIAN_POINT ( 'NONE',  ( -8.000000000000001776, 2.450000000000001510, 1.420000000000001927 ) ) ;
#583 = AXIS2_PLACEMENT_3D ( 'NONE', #4851, #3871, #1137 ) ;
#584 = DIRECTION ( 'NONE',  ( 0.000000000000000000, 0.000000000000000000, 1.000000000000000000 ) ) ;
#585 = ADVANCED_FACE ( 'NONE', ( #2210 ), #5412, .T. ) ;
#586 = CARTESIAN_POINT ( 'NONE',  ( 6.634831635644926173, -0.7524295771151391365, 0.4234043363144971983 ) ) ;
#587 = COLOUR_RGB ( '',1.000000000000000000, 1.000000000000000000, 1.000000000000000000 ) ;
#588 = ORIENTED_EDGE ( 'NONE', *, *, #4145, .T. ) ;
#589 = DIRECTION ( 'NONE',  ( 0.000000000000000000, 0.000000000000000000, 1.000000000000000000 ) ) ;
#590 = CARTESIAN_POINT ( 'NONE',  ( -6.250000000000001776, -0.5999999999999998668, 0.6499999999999991340 ) ) ;
#591 = EDGE_LOOP ( 'NONE', ( #162, #2626, #3469, #4813 ) ) ;
#592 = CIRCLE ( 'NONE', #4387, 0.3499999999999989231 ) ;
#593 = CARTESIAN_POINT ( 'NONE',  ( 3.749999999999998224, -3.299999999999999822, 0.5000000000000002220 ) ) ;
#594 = FACE_OUTER_BOUND ( 'NONE', #5236, .T. ) ;
#595 = ORIENTED_EDGE ( 'NONE', *, *, #531, .T. ) ;
#596 =( LENGTH_UNIT ( ) NAMED_UNIT ( * ) SI_UNIT ( .MILLI., .METRE. ) );
#597 = LINE ( 'NONE', #2812, #3432 ) ;
#598 = ORIENTED_EDGE ( 'NONE', *, *, #5158, .F. ) ;
#599 = AXIS2_PLACEMENT_3D ( 'NONE', #3103, #2652, #4474 ) ;
#600 = DIRECTION ( 'NONE',  ( 0.7071067811865477948, 0.000000000000000000, 0.7071067811865473507 ) ) ;
#601 = EDGE_LOOP ( 'NONE', ( #1173, #4827, #4675, #4781 ) ) ;
#602 = ORIENTED_EDGE ( 'NONE', *, *, #4715, .T. ) ;
#603 = UNCERTAINTY_MEASURE_WITH_UNIT (LENGTH_MEASURE( 1.000000000000000082E-05 ), #507, 'distance_accuracy_value', 'NONE');
#604 = DIRECTION ( 'NONE',  ( 0.000000000000000000, 0.000000000000000000, -1.000000000000000000 ) ) ;
#605 = CARTESIAN_POINT ( 'NONE',  ( 0.000000000000000000, 4.899999999999999467, 0.000000000000000000 ) ) ;
#606 = ORIENTED_EDGE ( 'NONE', *, *, #865, .T. ) ;
#607 = DIRECTION ( 'NONE',  ( -0.000000000000000000, -1.000000000000000000, -0.000000000000000000 ) ) ;
#608 = ADVANCED_FACE ( 'NONE', ( #917 ), #2727, .F. ) ;
#609 =( NAMED_UNIT ( * ) SI_UNIT ( $, .STERADIAN. ) SOLID_ANGLE_UNIT ( ) );
#610 = APPLICATION_PROTOCOL_DEFINITION ( 'draft international standard', 'automotive_design', 1998, #3321 ) ;
#611 = FACE_OUTER_BOUND ( 'NONE', #4699, .T. ) ;
#612 = PLANE ( 'NONE',  #2193 ) ;
#613 = CARTESIAN_POINT ( 'NONE',  ( 6.634751733198990920, -2.047963268932763370, 0.8749999999999990008 ) ) ;
#614 = AXIS2_PLACEMENT_3D ( 'NONE', #1381, #907, #927 ) ;
#615 = LINE ( 'NONE', #3786, #843 ) ;
#616 = ORIENTED_EDGE ( 'NONE', *, *, #3764, .T. ) ;
#617 = DIRECTION ( 'NONE',  ( 0.000000000000000000, 1.000000000000000000, 0.000000000000000000 ) ) ;
#618 = AXIS2_PLACEMENT_3D ( 'NONE', #5720, #2572, #4472 ) ;
#619 = LINE ( 'NONE', #5722, #633 ) ;
#620 = ORIENTED_EDGE ( 'NONE', *, *, #3190, .T. ) ;
#621 = SURFACE_SIDE_STYLE ('',( #4305 ) ) ;
#622 = EDGE_CURVE ( 'NONE', #694, #3243, #3891, .T. ) ;
#623 = DIRECTION ( 'NONE',  ( 0.000000000000000000, -1.000000000000000000, 0.000000000000000000 ) ) ;
#624 = ORIENTED_EDGE ( 'NONE', *, *, #5201, .T. ) ;
#625 = VECTOR ( 'NONE', #3592, 1000.000000000000000 ) ;
#626 = PRODUCT ( '5267-06A-X', '5267-06A-X', '', ( #640 ) ) ;
#627 = CARTESIAN_POINT ( 'NONE',  ( 2.499999999999998224, 1.900000000000000577, 1.320000000000001616 ) ) ;
#628 = CARTESIAN_POINT ( 'NONE',  ( -3.449999999999993072, -1.399999999999999689, 0.8749999999999990008 ) ) ;
#629 = CARTESIAN_POINT ( 'NONE',  ( 5.900000000000002132, -0.6000000000000000888, 0.6499999999999991340 ) ) ;
#630 = VERTEX_POINT ( 'NONE', #490 ) ;
#631 = EDGE_CURVE ( 'NONE', #317, #1063, #2845, .T. ) ;
#632 = ORIENTED_EDGE ( 'NONE', *, *, #4392, .F. ) ;
#633 = VECTOR ( 'NONE', #2495, 1000.000000000000000 ) ;
#634 = CARTESIAN_POINT ( 'NONE',  ( 6.600000000000001421, -0.5999999999999998668, 0.6499999999999991340 ) ) ;
#635 = PRESENTATION_STYLE_ASSIGNMENT (( #2441 ) ) ;
#636 = FILL_AREA_STYLE ('',( #664 ) ) ;
#637 = ORIENTED_EDGE ( 'NONE', *, *, #953, .T. ) ;
#638 = CARTESIAN_POINT ( 'NONE',  ( 3.449999999999993072, -1.399999999999999689, 0.8749999999999990008 ) ) ;
#639 = FILL_AREA_STYLE ('',( #5182 ) ) ;
#640 = PRODUCT_CONTEXT ( 'NONE', #3321, 'mechanical' ) ;
#641 = DIRECTION ( 'NONE',  ( -0.7071067811865487940, -0.000000000000000000, -0.7071067811865463515 ) ) ;
#642 = CARTESIAN_POINT ( 'NONE',  ( -8.000000000000000000, 4.899999999999999467, -0.4300000000000062106 ) ) ;
#643 = CARTESIAN_POINT ( 'NONE',  ( 2.950000000000000178, 5.400000000000000355, 1.770000000000001794 ) ) ;
#644 = EDGE_CURVE ( 'NONE', #5844, #5142, #572, .T. ) ;
#645 = FILL_AREA_STYLE_COLOUR ( '', #2830 ) ;
#646 = VERTEX_POINT ( 'NONE', #5147 ) ;
#647 = ORIENTED_EDGE ( 'NONE', *, *, #3875, .T. ) ;
#648 = DIRECTION ( 'NONE',  ( -1.000000000000000000, 0.000000000000000000, -2.710505431213760469E-17 ) ) ;
#649 = VERTEX_POINT ( 'NONE', #3719 ) ;
#650 = PRESENTATION_STYLE_ASSIGNMENT (( #5690 ) ) ;
#651 = CYLINDRICAL_SURFACE ( 'NONE', #3315, 0.3499999999999989786 ) ;
#652 = ADVANCED_FACE ( 'NONE', ( #5111 ), #173, .F. ) ;
#653 = CARTESIAN_POINT ( 'NONE',  ( 1.249999999999997558, -7.989949493661161917, 0.6499999999999991340 ) ) ;
#654 = FACE_OUTER_BOUND ( 'NONE', #1223, .T. ) ;
#655 = EDGE_LOOP ( 'NONE', ( #4634, #3441, #2167, #2177 ) ) ;
#656 = DIRECTION ( 'NONE',  ( -0.000000000000000000, 1.000000000000000000, -0.000000000000000000 ) ) ;
#657 = ORIENTED_EDGE ( 'NONE', *, *, #4531, .T. ) ;
#658 = ORIENTED_EDGE ( 'NONE', *, *, #3634, .T. ) ;
#659 = AXIS2_PLACEMENT_3D ( 'NONE', #4382, #754, #3908 ) ;
#660 = ADVANCED_FACE ( 'NONE', ( #1945 ), #2885, .F. ) ;
#661 = PLANE ( 'NONE',  #5419 ) ;
#662 = SURFACE_SIDE_STYLE ('',( #1138 ) ) ;
#663 = COLOUR_RGB ( '',1.000000000000000000, 1.000000000000000000, 1.000000000000000000 ) ;
#664 = FILL_AREA_STYLE_COLOUR ( '', #218 ) ;
#665 = VERTEX_POINT ( 'NONE', #4226 ) ;
#666 = DIRECTION ( 'NONE',  ( 0.7071067811865473507, 0.000000000000000000, -0.7071067811865477948 ) ) ;
#667 = CARTESIAN_POINT ( 'NONE',  ( 5.922478559180708757, -0.6301269167115528536, 0.4249999999999991562 ) ) ;
#668 = B_SPLINE_CURVE_WITH_KNOTS ( 'NONE', 3,
 ( #1337, #3148, #885, #4512 ),
 .UNSPECIFIED., .F., .F.,
 ( 4, 4 ),
 ( 4.336808689942017736E-19, 0.0001969568602535471920 ),
 .UNSPECIFIED. ) ;
#669 = SURFACE_STYLE_FILL_AREA ( #4737 ) ;
#670 = CYLINDRICAL_SURFACE ( 'NONE', #5220, 3.249999999999999556 ) ;
#671 = TOROIDAL_SURFACE ( 'NONE', #2003, 0.1499999999999989120, 0.2000000000000000111 ) ;
#672 = ORIENTED_EDGE ( 'NONE', *, *, #4496, .F. ) ;
#673 = CIRCLE ( 'NONE', #1044, 0.3499999999999989786 ) ;
#674 = CARTESIAN_POINT ( 'NONE',  ( -5.900000000000003020, -2.199999999999999734, 0.6499999999999991340 ) ) ;
#675 = ORIENTED_EDGE ( 'NONE', *, *, #5789, .T. ) ;
#676 = CIRCLE ( 'NONE', #4935, 3.250000000000008438 ) ;
#677 = DIRECTION ( 'NONE',  ( -1.000000000000000000, 0.000000000000000000, 1.548860246407865555E-16 ) ) ;
#678 = ORIENTED_EDGE ( 'NONE', *, *, #4817, .T. ) ;
#679 = CIRCLE ( 'NONE', #5328, 0.3500000000000006994 ) ;
#680 =( NAMED_UNIT ( * ) SI_UNIT ( $, .STERADIAN. ) SOLID_ANGLE_UNIT ( ) );
#681 = EDGE_LOOP ( 'NONE', ( #2353, #128 ) ) ;
#682 = CARTESIAN_POINT ( 'NONE',  ( -5.000000000000000888, 5.400000000000000355, 1.320000000000001616 ) ) ;
#683 = FILL_AREA_STYLE ('',( #1578 ) ) ;
#684 = ADVANCED_FACE ( 'NONE', ( #5053 ), #3747, .T. ) ;
#685 = VECTOR ( 'NONE', #1206, 1000.000000000000000 ) ;
#686 = CARTESIAN_POINT ( 'NONE',  ( -6.634751733198990920, -2.047963268932763370, 0.4249999999999991007 ) ) ;
#687 = AXIS2_PLACEMENT_3D ( 'NONE', #5167, #741, #5600 ) ;
#688 = CARTESIAN_POINT ( 'NONE',  ( -7.999999999999996447, 4.899999999999999467, -1.230000000000000648 ) ) ;
#689 = SURFACE_SIDE_STYLE ('',( #3801 ) ) ;
#690 = EDGE_LOOP ( 'NONE', ( #252, #984, #2806 ) ) ;
#691 = CARTESIAN_POINT ( 'NONE',  ( 3.749999999999998224, 0.1000000000000000056, 0.2999999999999993228 ) ) ;
#692 = COLOUR_RGB ( '',1.000000000000000000, 1.000000000000000000, 1.000000000000000000 ) ;
#693 = ORIENTED_EDGE ( 'NONE', *, *, #4790, .T. ) ;
#694 = VERTEX_POINT ( 'NONE', #3242 ) ;
#695 = CIRCLE ( 'NONE', #2499, 3.250000000000008438 ) ;
#696 = DIRECTION ( 'NONE',  ( 0.000000000000000000, 1.000000000000000000, 0.000000000000000000 ) ) ;
#697 = CARTESIAN_POINT ( 'NONE',  ( 6.518095132369091438, -2.199999999999999734, 0.4249999999999993783 ) ) ;
#698 = CARTESIAN_POINT ( 'NONE',  ( -6.250000000000001776, -2.199999999999999734, 0.6499999999999991340 ) ) ;
#699 = LINE ( 'NONE', #5179, #4967 ) ;
#700 = ADVANCED_FACE ( 'NONE', ( #3873 ), #1588, .F. ) ;
#701 = STYLED_ITEM ( 'NONE', ( #72 ), #1886 ) ;
#702 = DIRECTION ( 'NONE',  ( -0.000000000000000000, -1.000000000000000000, -0.000000000000000000 ) ) ;
#703 = CARTESIAN_POINT ( 'NONE',  ( -2.500000000000000888, 1.900000000000000577, 1.320000000000001616 ) ) ;
#704 = DIRECTION ( 'NONE',  ( -0.000000000000000000, -1.000000000000000000, -0.000000000000000000 ) ) ;
#705 = ORIENTED_EDGE ( 'NONE', *, *, #3143, .F. ) ;
#706 = COLOUR_RGB ( '',1.000000000000000000, 1.000000000000000000, 1.000000000000000000 ) ;
#707 = DIRECTION ( 'NONE',  ( -0.000000000000000000, -0.000000000000000000, -1.000000000000000000 ) ) ;
#708 = CARTESIAN_POINT ( 'NONE',  ( 5.900000000000003020, -2.199999999999999734, 0.6499999999999991340 ) ) ;
#709 = VERTEX_POINT ( 'NONE', #3395 ) ;
#710 = LINE ( 'NONE', #4335, #5551 ) ;
#711 = ORIENTED_EDGE ( 'NONE', *, *, #2480, .F. ) ;
#712 = PRESENTATION_STYLE_ASSIGNMENT (( #1501 ) ) ;
#713 = AXIS2_PLACEMENT_3D ( 'NONE', #3954, #2690, #2171 ) ;
#714 = LINE ( 'NONE', #2086, #4008 ) ;
#715 = SURFACE_SIDE_STYLE ('',( #1220 ) ) ;
#716 =( NAMED_UNIT ( * ) PLANE_ANGLE_UNIT ( ) SI_UNIT ( $, .RADIAN. ) );
#717 = EDGE_CURVE ( 'NONE', #2496, #2876, #3909, .T. ) ;
#718 = VERTEX_POINT ( 'NONE', #5204 ) ;
#719 = SURFACE_SIDE_STYLE ('',( #1583 ) ) ;
#720 = DIRECTION ( 'NONE',  ( -1.000000000000000000, 0.000000000000000000, 0.000000000000000000 ) ) ;
#721 = VERTEX_POINT ( 'NONE', #4346 ) ;
#722 = ORIENTED_EDGE ( 'NONE', *, *, #1369, .T. ) ;
#723 = UNCERTAINTY_MEASURE_WITH_UNIT (LENGTH_MEASURE( 1.000000000000000082E-05 ), #4920, 'distance_accuracy_value', 'NONE');
#724 = EDGE_CURVE ( 'NONE', #1338, #2960, #3043, .T. ) ;
#725 =( GEOMETRIC_REPRESENTATION_CONTEXT ( 3 ) GLOBAL_UNCERTAINTY_ASSIGNED_CONTEXT ( ( #3202 ) ) GLOBAL_UNIT_ASSIGNED_CONTEXT ( ( #5672, #4371, #1669 ) ) REPRESENTATION_CONTEXT ( 'NONE', 'WORKASPACE' ) );
#726 = DIRECTION ( 'NONE',  ( -0.000000000000000000, 1.000000000000000000, -0.000000000000000000 ) ) ;
#727 = CARTESIAN_POINT ( 'NONE',  ( -6.025926863196521488, -2.199999999999999734, 0.9188702835254340950 ) ) ;
#728 = AXIS2_PLACEMENT_3D ( 'NONE', #524, #1434, #498 ) ;
#729 = CARTESIAN_POINT ( 'NONE',  ( 0.000000000000000000, 5.900000000000000355, 0.000000000000000000 ) ) ;
#730 = EDGE_CURVE ( 'NONE', #1298, #1111, #4379, .T. ) ;
#731 = AXIS2_PLACEMENT_3D ( 'NONE', #3342, #5250, #2486 ) ;
#732 = LINE ( 'NONE', #2540, #1186 ) ;
#733 = EDGE_CURVE ( 'NONE', #3858, #721, #120, .T. ) ;
#734 = PLANE ( 'NONE',  #9 ) ;
#735 = FILL_AREA_STYLE ('',( #2986 ) ) ;
#736 = DIRECTION ( 'NONE',  ( -1.548860246407865555E-16, 0.000000000000000000, -1.000000000000000000 ) ) ;
#737 = ORIENTED_EDGE ( 'NONE', *, *, #2244, .T. ) ;
#738 = DIRECTION ( 'NONE',  ( -0.7071067811865462405, 0.000000000000000000, 0.7071067811865489050 ) ) ;
#739 = ORIENTED_EDGE ( 'NONE', *, *, #3875, .F. ) ;
#740 = PLANE ( 'NONE',  #5047 ) ;
#741 = DIRECTION ( 'NONE',  ( -1.000000000000000000, -0.000000000000000000, -0.000000000000000000 ) ) ;
#742 = DIRECTION ( 'NONE',  ( 0.000000000000000000, 0.000000000000000000, -1.000000000000000000 ) ) ;
#743 =( NAMED_UNIT ( * ) SI_UNIT ( $, .STERADIAN. ) SOLID_ANGLE_UNIT ( ) );
#744 =( BOUNDED_SURFACE ( )  B_SPLINE_SURFACE ( 3, 2, ( 
 ( #967, #4569, #3258 ),
 ( #532, #2810, #3311 ),
 ( #556, #2369, #1383 ),
 ( #2431, #130, #1935 ) ),
 .UNSPECIFIED., .F., .F., .T. ) 
 B_SPLINE_SURFACE_WITH_KNOTS ( ( 4, 4 ),
 ( 3, 3 ),
 ( -2.740019801913136841E-06, 0.0002689158882195487430 ),
 ( 0.000000000000000000, 1.000000000000000000 ),
 .UNSPECIFIED. ) 
 GEOMETRIC_REPRESENTATION_ITEM ( )  RATIONAL_B_SPLINE_SURFACE ( (
 ( 1.000000000000000000, 1.000000000000000000, 1.000000000000000000),
 ( 1.000000000000000000, 0.9983343828585772295, 1.000000000000000000),
 ( 1.000000000000000000, 0.8988230139521494744, 1.000000000000000000),
 ( 1.000000000000000000, 0.8258888605168609454, 1.000000000000000000) ) ) 
 REPRESENTATION_ITEM ( '' )  SURFACE ( )  );
#745 =( NAMED_UNIT ( * ) PLANE_ANGLE_UNIT ( ) SI_UNIT ( $, .RADIAN. ) );
#746 = VERTEX_POINT ( 'NONE', #2947 ) ;
#747 = LINE ( 'NONE', #1170, #4040 ) ;
#748 = ORIENTED_EDGE ( 'NONE', *, *, #4020, .F. ) ;
#749 = ORIENTED_EDGE ( 'NONE', *, *, #3515, .F. ) ;
#750 = CARTESIAN_POINT ( 'NONE',  ( 5.922501893208872659, -0.6301150872478111786, 0.8749999999999990008 ) ) ;
#751 = DIRECTION ( 'NONE',  ( -0.000000000000000000, -0.000000000000000000, 1.000000000000000000 ) ) ;
#752 =( NAMED_UNIT ( * ) SI_UNIT ( $, .STERADIAN. ) SOLID_ANGLE_UNIT ( ) );
#753 = DIRECTION ( 'NONE',  ( 0.000000000000000000, 0.7071067811865479058, -0.7071067811865472397 ) ) ;
#754 = DIRECTION ( 'NONE',  ( 0.7071067811865462405, -0.000000000000000000, 0.7071067811865489050 ) ) ;
#755 = ADVANCED_FACE ( 'NONE', ( #2130 ), #3842, .T. ) ;
#756 = CIRCLE ( 'NONE', #3780, 0.3499999999999989786 ) ;
#757 = AXIS2_PLACEMENT_3D ( 'NONE', #1746, #3552, #844 ) ;
#758 = PRESENTATION_STYLE_ASSIGNMENT (( #1562 ) ) ;
#759 = CARTESIAN_POINT ( 'NONE',  ( -6.608906927535554310, -2.164926914037430539, 0.5476418831642868579 ) ) ;
#760 = SURFACE_STYLE_USAGE ( .BOTH. , #1185 ) ;
#761 = VECTOR ( 'NONE', #765, 1000.000000000000000 ) ;
#762 = EDGE_CURVE ( 'NONE', #5844, #3615, #4285, .T. ) ;
#763 =( GEOMETRIC_REPRESENTATION_CONTEXT ( 3 ) GLOBAL_UNCERTAINTY_ASSIGNED_CONTEXT ( ( #2080 ) ) GLOBAL_UNIT_ASSIGNED_CONTEXT ( ( #5770, #2598, #5684 ) ) REPRESENTATION_CONTEXT ( 'NONE', 'WORKASPACE' ) );
#764 = AXIS2_PLACEMENT_3D ( 'NONE', #1322, #5778, #3522 ) ;
#765 = DIRECTION ( 'NONE',  ( -0.000000000000000000, -0.000000000000000000, -1.000000000000000000 ) ) ;
#766 = CARTESIAN_POINT ( 'NONE',  ( 6.250000000000001776, 5.400000000000000355, 0.5000000000000002220 ) ) ;
#767 = ORIENTED_EDGE ( 'NONE', *, *, #2327, .F. ) ;
#768 = ORIENTED_EDGE ( 'NONE', *, *, #5758, .T. ) ;
#769 = FACE_OUTER_BOUND ( 'NONE', #1535, .T. ) ;
#770 = FILL_AREA_STYLE_COLOUR ( '', #2956 ) ;
#771 = CIRCLE ( 'NONE', #4078, 0.3499999999999989231 ) ;
#772 = ADVANCED_FACE ( 'NONE', ( #5298 ), #2561, .T. ) ;
#773 = CIRCLE ( 'NONE', #2377, 0.3499999999999987566 ) ;
#774 = COLOUR_RGB ( '',1.000000000000000000, 1.000000000000000000, 1.000000000000000000 ) ;
#775 = FILL_AREA_STYLE ('',( #1358 ) ) ;
#776 = SURFACE_SIDE_STYLE ('',( #3865 ) ) ;
#777 = PRESENTATION_LAYER_ASSIGNMENT (  '', '', ( #1155 ) ) ;
#778 = STYLED_ITEM ( 'NONE', ( #4756 ), #3105 ) ;
#779 = VERTEX_POINT ( 'NONE', #5794 ) ;
#780 = MECHANICAL_DESIGN_GEOMETRIC_PRESENTATION_REPRESENTATION (  '', ( #4671 ), #3334 ) ;
#781 = EDGE_LOOP ( 'NONE', ( #530, #426, #832, #2840 ) ) ;
#782 = AXIS2_PLACEMENT_3D ( 'NONE', #653, #3413, #4246 ) ;
#783 = DIRECTION ( 'NONE',  ( 0.000000000000000000, 0.7071067811865471286, 0.7071067811865479058 ) ) ;
#784 = CARTESIAN_POINT ( 'NONE',  ( -6.630304663648008301, -0.7301653675095874929, 0.7851033582459081561 ) ) ;
#785 = PLANE ( 'NONE',  #659 ) ;
#786 = AXIS2_PLACEMENT_3D ( 'NONE', #1579, #2548, #3925 ) ;
#787 = EDGE_CURVE ( 'NONE', #5484, #3168, #3593, .T. ) ;
#788 = CARTESIAN_POINT ( 'NONE',  ( 5.900000000000002132, -2.199999999999999734, 0.6499999999999991340 ) ) ;
#789 = VECTOR ( 'NONE', #1884, 1000.000000000000000 ) ;
#790 = SURFACE_SIDE_STYLE ('',( #4860 ) ) ;
#791 = SURFACE_STYLE_USAGE ( .BOTH. , #3969 ) ;
#792 = DIRECTION ( 'NONE',  ( 0.000000000000000000, 1.000000000000000000, 0.000000000000000000 ) ) ;
#793 = PRODUCT_DEFINITION ( 'UNKNOWN', '', #1416, #2382 ) ;
#794 = EDGE_LOOP ( 'NONE', ( #4627, #4070, #1072 ) ) ;
#795 = DIRECTION ( 'NONE',  ( 1.000000000000000000, 0.000000000000000000, 0.000000000000000000 ) ) ;
#796 = ORIENTED_EDGE ( 'NONE', *, *, #2313, .T. ) ;
#797 = CARTESIAN_POINT ( 'NONE',  ( -3.750000000000001776, 0.000000000000000000, 0.3000000000000002109 ) ) ;
#798 = AXIS2_PLACEMENT_3D ( 'NONE', #1042, #607, #4256 ) ;
#799 = FILL_AREA_STYLE_COLOUR ( '', #473 ) ;
#800 = CARTESIAN_POINT ( 'NONE',  ( 6.250000000000001776, 5.400000000000000355, 0.6499999999999991340 ) ) ;
#801 = EDGE_CURVE ( 'NONE', #126, #3501, #2384, .T. ) ;
#802 = CIRCLE ( 'NONE', #713, 3.249999999999999556 ) ;
#803 = ORIENTED_EDGE ( 'NONE', *, *, #1800, .T. ) ;
#804 = PLANE ( 'NONE',  #73 ) ;
#805 = VERTEX_POINT ( 'NONE', #16 ) ;
#806 = CARTESIAN_POINT ( 'NONE',  ( 8.000000000000001776, 1.900000000000000577, 0.8700000000000014388 ) ) ;
#807 = CARTESIAN_POINT ( 'NONE',  ( 7.100000000000002309, 5.900000000000000355, 1.770000000000001572 ) ) ;
#808 = EDGE_CURVE ( 'NONE', #4148, #2350, #1915, .T. ) ;
#809 = DIRECTION ( 'NONE',  ( 0.000000000000000000, -1.000000000000000000, -1.084202172485503448E-16 ) ) ;
#810 = VECTOR ( 'NONE', #1971, 1000.000000000000000 ) ;
#811 = FACE_OUTER_BOUND ( 'NONE', #5104, .T. ) ;
#812 = ORIENTED_EDGE ( 'NONE', *, *, #1115, .F. ) ;
#813 =( GEOMETRIC_REPRESENTATION_CONTEXT ( 3 ) GLOBAL_UNCERTAINTY_ASSIGNED_CONTEXT ( ( #5238 ) ) GLOBAL_UNIT_ASSIGNED_CONTEXT ( ( #1807, #1694, #2693 ) ) REPRESENTATION_CONTEXT ( 'NONE', 'WORKASPACE' ) );
#814 = DIRECTION ( 'NONE',  ( 0.000000000000000000, 0.000000000000000000, 1.000000000000000000 ) ) ;
#815 =( NAMED_UNIT ( * ) SI_UNIT ( $, .STERADIAN. ) SOLID_ANGLE_UNIT ( ) );
#816 = CIRCLE ( 'NONE', #1767, 0.1999999999999999833 ) ;
#817 = AXIS2_PLACEMENT_3D ( 'NONE', #5774, #1715, #5365 ) ;
#818 = ORIENTED_EDGE ( 'NONE', *, *, #2355, .T. ) ;
#819 = DIRECTION ( 'NONE',  ( 0.000000000000000000, 1.000000000000000000, 0.000000000000000000 ) ) ;
#820 = CARTESIAN_POINT ( 'NONE',  ( 6.250000000000001776, -7.989949493661161917, 0.3000000000000002109 ) ) ;
#821 = LINE ( 'NONE', #1247, #5520 ) ;
#822 = EDGE_CURVE ( 'NONE', #78, #3192, #1847, .T. ) ;
#823 = PLANE ( 'NONE',  #1616 ) ;
#824 = DIRECTION ( 'NONE',  ( -0.000000000000000000, 1.000000000000000000, -0.000000000000000000 ) ) ;
#825 = CARTESIAN_POINT ( 'NONE',  ( -0.4500000000000025091, 5.400000000000000355, 1.770000000000001794 ) ) ;
#826 = ORIENTED_EDGE ( 'NONE', *, *, #5447, .T. ) ;
#827 = ORIENTED_EDGE ( 'NONE', *, *, #306, .F. ) ;
#828 = EDGE_CURVE ( 'NONE', #1469, #3900, #3537, .T. ) ;
#829 = DIRECTION ( 'NONE',  ( 0.000000000000000000, 0.000000000000000000, -1.000000000000000000 ) ) ;
#830 = VERTEX_POINT ( 'NONE', #370 ) ;
#831 = DIRECTION ( 'NONE',  ( 0.000000000000000000, -0.000000000000000000, -1.000000000000000000 ) ) ;
#832 = ORIENTED_EDGE ( 'NONE', *, *, #48, .F. ) ;
#833 = EDGE_CURVE ( 'NONE', #4506, #5844, #2851, .T. ) ;
#834 =( LENGTH_UNIT ( ) NAMED_UNIT ( * ) SI_UNIT ( .MILLI., .METRE. ) );
#835 = SURFACE_STYLE_FILL_AREA ( #4997 ) ;
#836 = CARTESIAN_POINT ( 'NONE',  ( -5.450000000000002842, 5.400000000000000355, 1.770000000000001794 ) ) ;
#837 = VECTOR ( 'NONE', #1427, 1000.000000000000000 ) ;
#838 = ORIENTED_EDGE ( 'NONE', *, *, #5181, .F. ) ;
#839 = CARTESIAN_POINT ( 'NONE',  ( -1.250000000000001998, 0.000000000000000000, 0.9999999999999981126 ) ) ;
#840 =( NAMED_UNIT ( * ) SI_UNIT ( $, .STERADIAN. ) SOLID_ANGLE_UNIT ( ) );
#841 = ORIENTED_EDGE ( 'NONE', *, *, #5705, .F. ) ;
#842 = DIRECTION ( 'NONE',  ( 0.7071067811865489050, 0.000000000000000000, -0.7071067811865462405 ) ) ;
#843 = VECTOR ( 'NONE', #1087, 1000.000000000000000 ) ;
#844 = DIRECTION ( 'NONE',  ( 0.000000000000000000, 0.000000000000000000, 1.000000000000000000 ) ) ;
#845 = PLANE ( 'NONE',  #5323 ) ;
#846 = VECTOR ( 'NONE', #3398, 1000.000000000000000 ) ;
#847 = CARTESIAN_POINT ( 'NONE',  ( -5.900000000000002132, -0.5999999999999997558, 0.6499999999999991340 ) ) ;
#848 = CIRCLE ( 'NONE', #1147, 0.1999999999999999833 ) ;
#849 = EDGE_LOOP ( 'NONE', ( #5702, #5206, #5775 ) ) ;
#850 = COLOUR_RGB ( '',1.000000000000000000, 1.000000000000000000, 1.000000000000000000 ) ;
#851 = FILL_AREA_STYLE ('',( #5757 ) ) ;
#852 = ADVANCED_FACE ( 'NONE', ( #4992 ), #2723, .T. ) ;
#853 = VERTEX_POINT ( 'NONE', #483 ) ;
#854 = AXIS2_PLACEMENT_3D ( 'NONE', #990, #5832, #1432 ) ;
#855 = CARTESIAN_POINT ( 'NONE',  ( -5.922478559180708757, -0.6301269167115528536, 0.4249999999999991562 ) ) ;
#856 = ORIENTED_EDGE ( 'NONE', *, *, #2705, .F. ) ;
#857 = CARTESIAN_POINT ( 'NONE',  ( 1.249999999999997558, 0.000000000000000000, 0.2999999999999992673 ) ) ;
#858 = AXIS2_PLACEMENT_3D ( 'NONE', #1556, #3364, #1110 ) ;
#859 = DIRECTION ( 'NONE',  ( -1.000000000000000000, -0.000000000000000000, -0.000000000000000000 ) ) ;
#860 = EDGE_LOOP ( 'NONE', ( #4934, #4250 ) ) ;
#861 = VECTOR ( 'NONE', #1414, 1000.000000000000000 ) ;
#862 = CARTESIAN_POINT ( 'NONE',  ( 5.887713296532933072, -0.6460043921092899488, 0.8493751545449904627 ) ) ;
#863 = VECTOR ( 'NONE', #5738, 1000.000000000000000 ) ;
#864 = FACE_OUTER_BOUND ( 'NONE', #5165, .T. ) ;
#865 = EDGE_CURVE ( 'NONE', #5747, #2314, #1530, .T. ) ;
#866 = CARTESIAN_POINT ( 'NONE',  ( -6.634751733198990920, -0.7520367310672358974, 0.8749999999999990008 ) ) ;
#867 = CARTESIAN_POINT ( 'NONE',  ( 6.474073136803482065, -0.5999999999999998668, 0.9188702835254347612 ) ) ;
#868 = STYLED_ITEM ( 'NONE', ( #1407 ), #1590 ) ;
#869 = CARTESIAN_POINT ( 'NONE',  ( -8.700000000000002842, 5.900000000000000355, -2.450000000000000622 ) ) ;
#870 = AXIS2_PLACEMENT_3D ( 'NONE', #1661, #3549, #444 ) ;
#871 = DIRECTION ( 'NONE',  ( 0.000000000000000000, 1.000000000000000000, 0.000000000000000000 ) ) ;
#872 = DIRECTION ( 'NONE',  ( 0.000000000000000000, -1.000000000000000000, 0.000000000000000000 ) ) ;
#873 = EDGE_CURVE ( 'NONE', #5595, #5142, #2288, .T. ) ;
#874 = CARTESIAN_POINT ( 'NONE',  ( 7.999999999999996447, 0.000000000000000000, -0.5999999999999982014 ) ) ;
#875 = DIRECTION ( 'NONE',  ( 0.000000000000000000, 1.000000000000000000, 0.000000000000000000 ) ) ;
#876 = CARTESIAN_POINT ( 'NONE',  ( 5.981904867630913003, -2.199999999999999734, 0.4249999999999991562 ) ) ;
#877 = CARTESIAN_POINT ( 'NONE',  ( 6.249999999999998224, 1.900000000000000577, 0.6499999999999991340 ) ) ;
#878 = DIRECTION ( 'NONE',  ( 0.000000000000000000, 0.000000000000000000, 1.000000000000000000 ) ) ;
#879 = ORIENTED_EDGE ( 'NONE', *, *, #1306, .F. ) ;
#880 = CARTESIAN_POINT ( 'NONE',  ( 6.518095132369091438, -0.5999999999999998668, 0.8749999999999990008 ) ) ;
#881 = CARTESIAN_POINT ( 'NONE',  ( 6.608659998530879598, -2.165901255784670187, 0.6193201278972442214 ) ) ;
#882 = ORIENTED_EDGE ( 'NONE', *, *, #1491, .F. ) ;
#883 = CARTESIAN_POINT ( 'NONE',  ( -5.000000000000000888, 1.900000000000000577, 1.320000000000001839 ) ) ;
#884 = VECTOR ( 'NONE', #5360, 1000.000000000000000 ) ;
#885 = CARTESIAN_POINT ( 'NONE',  ( 6.577498106791130006, -2.169884912752188644, 0.8749999999999990008 ) ) ;
#886 = EDGE_LOOP ( 'NONE', ( #2319, #976, #3679, #1312, #4042, #5 ) ) ;
#887 = SURFACE_STYLE_FILL_AREA ( #3565 ) ;
#888 = DIRECTION ( 'NONE',  ( 1.000000000000000000, -0.000000000000000000, -0.000000000000000000 ) ) ;
#889 = CIRCLE ( 'NONE', #4213, 3.250000000000008438 ) ;
#890 = B_SPLINE_CURVE_WITH_KNOTS ( 'NONE', 3,
 ( #3833, #4667, #2409, #3262 ),
 .UNSPECIFIED., .F., .F.,
 ( 4, 4 ),
 ( 0.000000000000000000, 0.0001969568602535478696 ),
 .UNSPECIFIED. ) ;
#891 = ORIENTED_EDGE ( 'NONE', *, *, #5004, .T. ) ;
#892 = EDGE_CURVE ( 'NONE', #5574, #4635, #5824, .T. ) ;
#893 = COLOUR_RGB ( '',0.7921568627450980005, 0.8196078431372548767, 0.9333333333333333481 ) ;
#894 = CARTESIAN_POINT ( 'NONE',  ( 5.891664269171874579, -2.177880568150067919, 0.3924154122151004565 ) ) ;
#895 = FILL_AREA_STYLE_COLOUR ( '', #706 ) ;
#896 = DIRECTION ( 'NONE',  ( 0.000000000000000000, 0.000000000000000000, 1.000000000000000000 ) ) ;
#897 = CIRCLE ( 'NONE', #4706, 0.1499999999999988842 ) ;
#898 = EDGE_CURVE ( 'NONE', #5007, #3076, #2553, .T. ) ;
#899 = CARTESIAN_POINT ( 'NONE',  ( -3.449999999999993072, -1.399999999999999689, 0.8749999999999990008 ) ) ;
#900 = AXIS2_PLACEMENT_3D ( 'NONE', #5611, #1642, #2125 ) ;
#901 = CARTESIAN_POINT ( 'NONE',  ( 1.249999999999997558, 0.000000000000000000, 0.6499999999999991340 ) ) ;
#902 = CARTESIAN_POINT ( 'NONE',  ( 1.249999999999997558, -3.500000000000000000, 0.7999999999999979350 ) ) ;
#903 = AXIS2_PLACEMENT_3D ( 'NONE', #5688, #738, #5164 ) ;
#904 = EDGE_CURVE ( 'NONE', #4625, #779, #2753, .T. ) ;
#905 = DIRECTION ( 'NONE',  ( 0.000000000000000000, 0.7071067811865479058, -0.7071067811865472397 ) ) ;
#906 = VERTEX_POINT ( 'NONE', #1512 ) ;
#907 = DIRECTION ( 'NONE',  ( -1.000000000000000000, 0.000000000000000000, 0.000000000000000000 ) ) ;
#908 = ORIENTED_EDGE ( 'NONE', *, *, #1295, .T. ) ;
#909 = PLANE ( 'NONE',  #3952 ) ;
#910 = CARTESIAN_POINT ( 'NONE',  ( 6.616146336501874003, -2.134000131393833932, 0.5865080092161727432 ) ) ;
#911 = VERTEX_POINT ( 'NONE', #2067 ) ;
#912 = DIRECTION ( 'NONE',  ( 0.000000000000000000, 0.000000000000000000, -1.000000000000000000 ) ) ;
#913 = FACE_OUTER_BOUND ( 'NONE', #3986, .T. ) ;
#914 = ORIENTED_EDGE ( 'NONE', *, *, #4331, .T. ) ;
#915 = ORIENTED_EDGE ( 'NONE', *, *, #148, .T. ) ;
#916 = CARTESIAN_POINT ( 'NONE',  ( -1.250000000000001998, 0.000000000000000000, 0.6499999999999991340 ) ) ;
#917 = FACE_OUTER_BOUND ( 'NONE', #794, .T. ) ;
#918 = EDGE_CURVE ( 'NONE', #105, #4038, #4928, .T. ) ;
#919 = CARTESIAN_POINT ( 'NONE',  ( -6.250000000000001776, 5.200000000000001066, 0.6499999999999991340 ) ) ;
#920 = CARTESIAN_POINT ( 'NONE',  ( 7.999999999999996447, 1.000000000000000000, 0.2699999999999973532 ) ) ;
#921 =( LENGTH_UNIT ( ) NAMED_UNIT ( * ) SI_UNIT ( .MILLI., .METRE. ) );
#922 = PRESENTATION_STYLE_ASSIGNMENT (( #4556 ) ) ;
#923 =( LENGTH_UNIT ( ) NAMED_UNIT ( * ) SI_UNIT ( .MILLI., .METRE. ) );
#924 = ADVANCED_FACE ( 'NONE', ( #199 ), #1997, .F. ) ;
#925 = CARTESIAN_POINT ( 'NONE',  ( 2.049999999999997158, 1.900000000000000577, 1.770000000000001794 ) ) ;
#926 = ORIENTED_EDGE ( 'NONE', *, *, #4817, .F. ) ;
#927 = DIRECTION ( 'NONE',  ( 0.000000000000000000, 0.000000000000000000, 1.000000000000000000 ) ) ;
#928 = ORIENTED_EDGE ( 'NONE', *, *, #2701, .T. ) ;
#929 = CARTESIAN_POINT ( 'NONE',  ( 5.865248266801011745, -0.7520367310672358974, 0.8749999999999990008 ) ) ;
#930 = FILL_AREA_STYLE_COLOUR ( '', #2669 ) ;
#931 = ADVANCED_FACE ( 'NONE', ( #5251 ), #1739, .T. ) ;
#932 = DIRECTION ( 'NONE',  ( 0.000000000000000000, -0.000000000000000000, 1.000000000000000000 ) ) ;
#933 = ORIENTED_EDGE ( 'NONE', *, *, #5346, .F. ) ;
#934 = MECHANICAL_DESIGN_GEOMETRIC_PRESENTATION_REPRESENTATION (  '', ( #4543 ), #3787 ) ;
#935 = AXIS2_PLACEMENT_3D ( 'NONE', #5089, #3162, #3609 ) ;
#936 = ORIENTED_EDGE ( 'NONE', *, *, #2505, .F. ) ;
#937 = LINE ( 'NONE', #1909, #5646 ) ;
#938 = CARTESIAN_POINT ( 'NONE',  ( -1.250000000000001998, -3.299999999999999822, 0.5000000000000002220 ) ) ;
#939 = ORIENTED_EDGE ( 'NONE', *, *, #182, .F. ) ;
#940 = CIRCLE ( 'NONE', #3036, 0.1499999999999988842 ) ;
#941 = PRESENTATION_LAYER_ASSIGNMENT (  '', '', ( #5787 ) ) ;
#942 = ORIENTED_EDGE ( 'NONE', *, *, #343, .T. ) ;
#943 = UNCERTAINTY_MEASURE_WITH_UNIT (LENGTH_MEASURE( 1.000000000000000082E-05 ), #3666, 'distance_accuracy_value', 'NONE');
#944 = CARTESIAN_POINT ( 'NONE',  ( 6.250000000000001776, -7.989949493661161917, 0.9999999999999981126 ) ) ;
#945 = MECHANICAL_DESIGN_GEOMETRIC_PRESENTATION_REPRESENTATION (  '', ( #2481 ), #952 ) ;
#946 = CARTESIAN_POINT ( 'NONE',  ( 6.250000000000001776, -2.199999999999999734, 0.6499999999999991340 ) ) ;
#947 = AXIS2_PLACEMENT_3D ( 'NONE', #1234, #5741, #3037 ) ;
#948 = DIRECTION ( 'NONE',  ( -0.000000000000000000, -1.000000000000000000, -0.000000000000000000 ) ) ;
#949 = LINE ( 'NONE', #114, #3834 ) ;
#950 =( NAMED_UNIT ( * ) PLANE_ANGLE_UNIT ( ) SI_UNIT ( $, .RADIAN. ) );
#951 = LINE ( 'NONE', #5829, #205 ) ;
#952 =( GEOMETRIC_REPRESENTATION_CONTEXT ( 3 ) GLOBAL_UNCERTAINTY_ASSIGNED_CONTEXT ( ( #4329 ) ) GLOBAL_UNIT_ASSIGNED_CONTEXT ( ( #1487, #1075, #2352 ) ) REPRESENTATION_CONTEXT ( 'NONE', 'WORKASPACE' ) );
#953 = EDGE_CURVE ( 'NONE', #504, #3271, #848, .T. ) ;
#954 = CIRCLE ( 'NONE', #4089, 0.1999999999999999833 ) ;
#955 = DIRECTION ( 'NONE',  ( 0.000000000000000000, 0.000000000000000000, 1.000000000000000000 ) ) ;
#956 = DIRECTION ( 'NONE',  ( -0.000000000000000000, -1.000000000000000000, -0.000000000000000000 ) ) ;
#957 = AXIS2_PLACEMENT_3D ( 'NONE', #2811, #3233, #1504 ) ;
#958 = DIRECTION ( 'NONE',  ( 0.000000000000000000, 0.000000000000000000, 1.000000000000000000 ) ) ;
#959 = AXIS2_PLACEMENT_3D ( 'NONE', #359, #3578, #4419 ) ;
#960 = AXIS2_PLACEMENT_3D ( 'NONE', #189, #2871, #4690 ) ;
#961 = ADVANCED_FACE ( 'NONE', ( #1625 ), #4389, .F. ) ;
#962 = CARTESIAN_POINT ( 'NONE',  ( -5.869695336263586860, -2.069834632055607138, 0.5148966399674421712 ) ) ;
#963 = ORIENTED_EDGE ( 'NONE', *, *, #3704, .F. ) ;
#964 = ORIENTED_EDGE ( 'NONE', *, *, #1594, .T. ) ;
#965 = CARTESIAN_POINT ( 'NONE',  ( 6.630304663648032282, -2.069834632490291870, 0.5148966417537683693 ) ) ;
#966 = ORIENTED_EDGE ( 'NONE', *, *, #1015, .F. ) ;
#967 = CARTESIAN_POINT ( 'NONE',  ( 6.600000000000001421, -2.200000000000000178, 0.6499999999999991340 ) ) ;
#968 = CIRCLE ( 'NONE', #1737, 0.3499999999999989231 ) ;
#969 = VERTEX_POINT ( 'NONE', #377 ) ;
#970 = CARTESIAN_POINT ( 'NONE',  ( 5.981904867630913003, -2.199999999999999734, 0.8749999999999987788 ) ) ;
#971 = EDGE_CURVE ( 'NONE', #2314, #5747, #4843, .T. ) ;
#972 = CARTESIAN_POINT ( 'NONE',  ( -4.549999999999998934, 1.900000000000000577, 1.770000000000001572 ) ) ;
#973 =( NAMED_UNIT ( * ) SI_UNIT ( $, .STERADIAN. ) SOLID_ANGLE_UNIT ( ) );
#974 = ORIENTED_EDGE ( 'NONE', *, *, #4435, .F. ) ;
#975 = DIRECTION ( 'NONE',  ( 0.000000000000000000, 1.000000000000000000, 0.000000000000000000 ) ) ;
#976 = ORIENTED_EDGE ( 'NONE', *, *, #5391, .T. ) ;
#977 = VERTEX_POINT ( 'NONE', #4969 ) ;
#978 = AXIS2_PLACEMENT_3D ( 'NONE', #836, #2647, #2212 ) ;
#979 = DIRECTION ( 'NONE',  ( 0.000000000000000000, -1.000000000000000000, 0.000000000000000000 ) ) ;
#980 = EDGE_CURVE ( 'NONE', #562, #2960, #2214, .T. ) ;
#981 = CARTESIAN_POINT ( 'NONE',  ( -5.872019881077293668, -2.080941393045245835, 0.7875050416678439635 ) ) ;
#982 = PRESENTATION_STYLE_ASSIGNMENT (( #5554 ) ) ;
#983 = COLOUR_RGB ( '',1.000000000000000000, 1.000000000000000000, 1.000000000000000000 ) ;
#984 = ORIENTED_EDGE ( 'NONE', *, *, #3206, .T. ) ;
#985 = SURFACE_SIDE_STYLE ('',( #1347 ) ) ;
#986 = CARTESIAN_POINT ( 'NONE',  ( 6.250000000000001776, 5.200000000000001066, 0.6499999999999991340 ) ) ;
#987 = FACE_OUTER_BOUND ( 'NONE', #3408, .T. ) ;
#988 = VECTOR ( 'NONE', #3759, 1000.000000000000000 ) ;
#989 = DIRECTION ( 'NONE',  ( -0.000000000000000000, -0.000000000000000000, -1.000000000000000000 ) ) ;
#990 = CARTESIAN_POINT ( 'NONE',  ( -8.700000000000002842, 5.900000000000000355, 0.06999999999999476086 ) ) ;
#991 = FILL_AREA_STYLE_COLOUR ( '', #1586 ) ;
#992 = MECHANICAL_DESIGN_GEOMETRIC_PRESENTATION_REPRESENTATION (  '', ( #163 ), #3081 ) ;
#993 = VECTOR ( 'NONE', #3359, 1000.000000000000000 ) ;
#994 = CARTESIAN_POINT ( 'NONE',  ( 6.250000000000001776, 5.200000000000001066, 0.3000000000000002109 ) ) ;
#995 = VERTEX_POINT ( 'NONE', #5057 ) ;
#996 = SURFACE_SIDE_STYLE ('',( #2741 ) ) ;
#997 = EDGE_LOOP ( 'NONE', ( #3085, #2056, #3391, #4017 ) ) ;
#998 = DIRECTION ( 'NONE',  ( -1.548860246407863336E-16, -1.000000000000000000, -0.000000000000000000 ) ) ;
#999 = VERTEX_POINT ( 'NONE', #3571 ) ;
#1000 =( NAMED_UNIT ( * ) PLANE_ANGLE_UNIT ( ) SI_UNIT ( $, .RADIAN. ) );
#1001 = EDGE_CURVE ( 'NONE', #5430, #1499, #493, .T. ) ;
#1002 = PRESENTATION_STYLE_ASSIGNMENT (( #4244 ) ) ;
#1003 = CARTESIAN_POINT ( 'NONE',  ( -3.750000000000002220, 5.200000000000001066, 0.9999999999999981126 ) ) ;
#1004 = STYLED_ITEM ( 'NONE', ( #2801 ), #4428 ) ;
#1005 = ORIENTED_EDGE ( 'NONE', *, *, #3483, .T. ) ;
#1006 = CARTESIAN_POINT ( 'NONE',  ( -7.100000000000002309, 5.600000000000000533, 1.770000000000001572 ) ) ;
#1007 = EDGE_CURVE ( 'NONE', #2379, #1538, #3589, .T. ) ;
#1008 = EDGE_LOOP ( 'NONE', ( #4375, #3711, #402, #3382 ) ) ;
#1009 = ORIENTED_EDGE ( 'NONE', *, *, #42, .T. ) ;
#1010 = UNCERTAINTY_MEASURE_WITH_UNIT (LENGTH_MEASURE( 1.000000000000000082E-05 ), #5010, 'distance_accuracy_value', 'NONE');
#1011 = CARTESIAN_POINT ( 'NONE',  ( 6.250000000000001776, -3.500000000000000000, 0.5000000000000002220 ) ) ;
#1012 = PRESENTATION_STYLE_ASSIGNMENT (( #3656 ) ) ;
#1013 = DIRECTION ( 'NONE',  ( -1.000000000000000000, 0.000000000000000000, 0.000000000000000000 ) ) ;
#1014 = ORIENTED_EDGE ( 'NONE', *, *, #4331, .F. ) ;
#1015 = EDGE_CURVE ( 'NONE', #4116, #2026, #1133, .T. ) ;
#1016 = SURFACE_SIDE_STYLE ('',( #4736 ) ) ;
#1017 =( LENGTH_UNIT ( ) NAMED_UNIT ( * ) SI_UNIT ( .MILLI., .METRE. ) );
#1018 = SURFACE_STYLE_FILL_AREA ( #2304 ) ;
#1019 = PLANE ( 'NONE',  #1798 ) ;
#1020 = EDGE_LOOP ( 'NONE', ( #565, #3332, #2347, #1041 ) ) ;
#1021 = SURFACE_SIDE_STYLE ('',( #470 ) ) ;
#1022 = ORIENTED_EDGE ( 'NONE', *, *, #5195, .F. ) ;
#1023 = CARTESIAN_POINT ( 'NONE',  ( 5.891093072343988268, -2.164926914078221021, 0.7523581168465943714 ) ) ;
#1024 = VERTEX_POINT ( 'NONE', #2262 ) ;
#1025 = FILL_AREA_STYLE ('',( #3286 ) ) ;
#1026 = ORIENTED_EDGE ( 'NONE', *, *, #5239, .T. ) ;
#1027 = SURFACE_STYLE_FILL_AREA ( #5099 ) ;
#1028 = EDGE_CURVE ( 'NONE', #4625, #1511, #756, .T. ) ;
#1029 = AXIS2_PLACEMENT_3D ( 'NONE', #5207, #5557, #3300 ) ;
#1030 = DIRECTION ( 'NONE',  ( 0.000000000000000000, 1.000000000000000000, 0.000000000000000000 ) ) ;
#1031 = SURFACE_STYLE_USAGE ( .BOTH. , #5016 ) ;
#1032 = ORIENTED_EDGE ( 'NONE', *, *, #4916, .T. ) ;
#1033 = VECTOR ( 'NONE', #3211, 1000.000000000000000 ) ;
#1034 = VERTEX_POINT ( 'NONE', #1857 ) ;
#1035 = VECTOR ( 'NONE', #5060, 1000.000000000000000 ) ;
#1036 = ORIENTED_EDGE ( 'NONE', *, *, #904, .T. ) ;
#1037 = DIRECTION ( 'NONE',  ( 1.000000000000000000, -0.000000000000000000, -0.000000000000000000 ) ) ;
#1038 = EDGE_CURVE ( 'NONE', #4361, #4963, #3125, .T. ) ;
#1039 = CARTESIAN_POINT ( 'NONE',  ( -6.250000000000001776, -7.989949493661161917, 0.9999999999999981126 ) ) ;
#1040 = SURFACE_STYLE_FILL_AREA ( #636 ) ;
#1041 = ORIENTED_EDGE ( 'NONE', *, *, #1811, .F. ) ;
#1042 = CARTESIAN_POINT ( 'NONE',  ( -1.250000000000001998, 5.200000000000001066, 0.6499999999999991340 ) ) ;
#1043 = TOROIDAL_SURFACE ( 'NONE', #1421, 0.1499999999999989120, 0.2000000000000000111 ) ;
#1044 = AXIS2_PLACEMENT_3D ( 'NONE', #2874, #3766, #3390 ) ;
#1045 = ADVANCED_FACE ( 'NONE', ( #987 ), #5403, .T. ) ;
#1046 = CARTESIAN_POINT ( 'NONE',  ( 0.000000000000000000, 0.000000000000000000, 0.000000000000000000 ) ) ;
#1047 = SURFACE_STYLE_USAGE ( .BOTH. , #4714 ) ;
#1048 = CARTESIAN_POINT ( 'NONE',  ( -3.449999999999993072, -1.399999999999999689, 0.4249999999999991007 ) ) ;
#1049 = DIRECTION ( 'NONE',  ( -0.000000000000000000, -1.000000000000000000, -0.000000000000000000 ) ) ;
#1050 = AXIS2_PLACEMENT_3D ( 'NONE', #4134, #3269, #543 ) ;
#1051 = UNCERTAINTY_MEASURE_WITH_UNIT (LENGTH_MEASURE( 1.000000000000000082E-05 ), #921, 'distance_accuracy_value', 'NONE');
#1052 = EDGE_CURVE ( 'NONE', #4417, #2870, #29, .T. ) ;
#1053 = DIRECTION ( 'NONE',  ( -4.625929269271485322E-15, 0.000000000000000000, -1.000000000000000000 ) ) ;
#1054 = STYLED_ITEM ( 'NONE', ( #13 ), #2821 ) ;
#1055 = CARTESIAN_POINT ( 'NONE',  ( 4.999999999999999112, 1.900000000000000577, 1.320000000000001616 ) ) ;
#1056 = ORIENTED_EDGE ( 'NONE', *, *, #5696, .F. ) ;
#1057 = FACE_OUTER_BOUND ( 'NONE', #1482, .T. ) ;
#1058 = ORIENTED_EDGE ( 'NONE', *, *, #2027, .T. ) ;
#1059 = DIRECTION ( 'NONE',  ( 0.000000000000000000, -1.000000000000000000, -1.084202172485503571E-16 ) ) ;
#1060 = AXIS2_PLACEMENT_3D ( 'NONE', #1663, #5641, #3471 ) ;
#1061 = DIRECTION ( 'NONE',  ( -0.000000000000000000, 1.000000000000000000, -0.000000000000000000 ) ) ;
#1062 = VECTOR ( 'NONE', #534, 1000.000000000000000 ) ;
#1063 = VERTEX_POINT ( 'NONE', #2729 ) ;
#1064 = FILL_AREA_STYLE_COLOUR ( '', #4092 ) ;
#1065 = DIRECTION ( 'NONE',  ( 1.000000000000000000, 0.000000000000000000, -0.000000000000000000 ) ) ;
#1066 = ORIENTED_EDGE ( 'NONE', *, *, #3405, .F. ) ;
#1067 =( GEOMETRIC_REPRESENTATION_CONTEXT ( 3 ) GLOBAL_UNCERTAINTY_ASSIGNED_CONTEXT ( ( #3743 ) ) GLOBAL_UNIT_ASSIGNED_CONTEXT ( ( #2745, #1836, #1963 ) ) REPRESENTATION_CONTEXT ( 'NONE', 'WORKASPACE' ) );
#1068 = CARTESIAN_POINT ( 'NONE',  ( -8.000000000000001776, 1.900000000000000577, -1.729999999999998872 ) ) ;
#1069 = ORIENTED_EDGE ( 'NONE', *, *, #3596, .T. ) ;
#1070 = DIRECTION ( 'NONE',  ( -1.000000000000000000, 0.000000000000000000, 0.000000000000000000 ) ) ;
#1071 = ORIENTED_EDGE ( 'NONE', *, *, #1664, .T. ) ;
#1072 = ORIENTED_EDGE ( 'NONE', *, *, #724, .T. ) ;
#1073 = UNCERTAINTY_MEASURE_WITH_UNIT (LENGTH_MEASURE( 1.000000000000000082E-05 ), #3281, 'distance_accuracy_value', 'NONE');
#1074 = CARTESIAN_POINT ( 'NONE',  ( -8.700000000000002842, 0.1000000000000000056, -0.6000000000000003109 ) ) ;
#1075 =( NAMED_UNIT ( * ) PLANE_ANGLE_UNIT ( ) SI_UNIT ( $, .RADIAN. ) );
#1076 = ORIENTED_EDGE ( 'NONE', *, *, #1683, .F. ) ;
#1077 = CIRCLE ( 'NONE', #4209, 0.2000000000000000944 ) ;
#1078 = DIRECTION ( 'NONE',  ( 0.000000000000000000, 1.000000000000000000, 0.000000000000000000 ) ) ;
#1079 = EDGE_CURVE ( 'NONE', #3956, #4370, #951, .T. ) ;
#1080 = AXIS2_PLACEMENT_3D ( 'NONE', #4785, #2464, #5169 ) ;
#1081 =( NAMED_UNIT ( * ) PLANE_ANGLE_UNIT ( ) SI_UNIT ( $, .RADIAN. ) );
#1082 = DIRECTION ( 'NONE',  ( 1.000000000000000000, -0.000000000000000000, 0.000000000000000000 ) ) ;
#1083 =( NAMED_UNIT ( * ) SI_UNIT ( $, .STERADIAN. ) SOLID_ANGLE_UNIT ( ) );
#1084 = CARTESIAN_POINT ( 'NONE',  ( 1.249999999999997558, -3.500000000000000000, 0.6499999999999991340 ) ) ;
#1085 = EDGE_CURVE ( 'NONE', #1761, #779, #3127, .T. ) ;
#1086 = COLOUR_RGB ( '',1.000000000000000000, 1.000000000000000000, 1.000000000000000000 ) ;
#1087 = DIRECTION ( 'NONE',  ( 0.000000000000000000, 1.000000000000000000, 0.000000000000000000 ) ) ;
#1088 = EDGE_LOOP ( 'NONE', ( #5287, #4621, #553 ) ) ;
#1089 = DIRECTION ( 'NONE',  ( 0.000000000000000000, 1.000000000000000000, 0.000000000000000000 ) ) ;
#1090 = CIRCLE ( 'NONE', #4033, 0.3499999999999989231 ) ;
#1091 = ORIENTED_EDGE ( 'NONE', *, *, #3618, .T. ) ;
#1092 = FILL_AREA_STYLE ('',( #2988 ) ) ;
#1093 = ORIENTED_EDGE ( 'NONE', *, *, #5542, .F. ) ;
#1094 = CARTESIAN_POINT ( 'NONE',  ( 9.050000000000000711, -1.399999999999999689, 0.8749999999999990008 ) ) ;
#1095 = FACE_OUTER_BOUND ( 'NONE', #4047, .T. ) ;
#1096 = EDGE_CURVE ( 'NONE', #558, #5019, #1768, .T. ) ;
#1097 = STYLED_ITEM ( 'NONE', ( #1310 ), #3738 ) ;
#1098 = LINE ( 'NONE', #688, #1279 ) ;
#1099 =( LENGTH_UNIT ( ) NAMED_UNIT ( * ) SI_UNIT ( .MILLI., .METRE. ) );
#1100 = ORIENTED_EDGE ( 'NONE', *, *, #1678, .T. ) ;
#1101 = LINE ( 'NONE', #2091, #4510 ) ;
#1102 = PRESENTATION_LAYER_ASSIGNMENT (  '', '', ( #5651 ) ) ;
#1103 = FILL_AREA_STYLE ('',( #3360 ) ) ;
#1104 = ORIENTED_EDGE ( 'NONE', *, *, #3111, .T. ) ;
#1105 = ORIENTED_EDGE ( 'NONE', *, *, #5552, .T. ) ;
#1106 = PRESENTATION_LAYER_ASSIGNMENT (  '', '', ( #2432 ) ) ;
#1107 = CARTESIAN_POINT ( 'NONE',  ( 3.749999999999998224, 5.400000000000000355, 0.6499999999999991340 ) ) ;
#1108 = B_SPLINE_CURVE_WITH_KNOTS ( 'NONE', 3,
 ( #3876, #3505, #1265, #5796 ),
 .UNSPECIFIED., .F., .F.,
 ( 4, 4 ),
 ( 0.000000000000000000, 0.0001969903055741207447 ),
 .UNSPECIFIED. ) ;
#1109 = PRESENTATION_STYLE_ASSIGNMENT (( #5297 ) ) ;
#1110 = DIRECTION ( 'NONE',  ( 0.000000000000000000, 0.000000000000000000, -1.000000000000000000 ) ) ;
#1111 = VERTEX_POINT ( 'NONE', #1825 ) ;
#1112 = CARTESIAN_POINT ( 'NONE',  ( 6.249999999999998224, 0.000000000000000000, 0.6499999999999991340 ) ) ;
#1113 = CARTESIAN_POINT ( 'NONE',  ( 7.999999999999996447, 0.000000000000000000, 0.2699999999999973532 ) ) ;
#1114 = LINE ( 'NONE', #4681, #846 ) ;
#1115 = EDGE_CURVE ( 'NONE', #4636, #1976, #3877, .T. ) ;
#1116 = CARTESIAN_POINT ( 'NONE',  ( -6.634831635644926173, -0.7524295771151389145, 0.4234043363144971983 ) ) ;
#1117 = PRESENTATION_STYLE_ASSIGNMENT (( #215 ) ) ;
#1118 = ORIENTED_EDGE ( 'NONE', *, *, #5303, .T. ) ;
#1119 = PLANE ( 'NONE',  #4452 ) ;
#1120 = ORIENTED_EDGE ( 'NONE', *, *, #2042, .F. ) ;
#1121 = DIRECTION ( 'NONE',  ( -1.000000000000000000, 0.000000000000000000, 0.000000000000000000 ) ) ;
#1122 = EDGE_CURVE ( 'NONE', #718, #1215, #3635, .T. ) ;
#1123 = PLANE ( 'NONE',  #3378 ) ;
#1124 = EDGE_LOOP ( 'NONE', ( #3377, #1204, #5435, #3238 ) ) ;
#1125 = FILL_AREA_STYLE ('',( #1193 ) ) ;
#1126 = CARTESIAN_POINT ( 'NONE',  ( -6.250000000000001776, -7.989949493661161917, 0.6499999999999991340 ) ) ;
#1127 = FILL_AREA_STYLE ('',( #5197 ) ) ;
#1128 = CARTESIAN_POINT ( 'NONE',  ( 2.049999999999997158, 5.400000000000000355, 1.770000000000001794 ) ) ;
#1129 = DIRECTION ( 'NONE',  ( 0.000000000000000000, -0.7071067811865472397, -0.7071067811865479058 ) ) ;
#1130 = EDGE_CURVE ( 'NONE', #4086, #4855, #4590, .T. ) ;
#1131 = ORIENTED_EDGE ( 'NONE', *, *, #5158, .T. ) ;
#1132 = CARTESIAN_POINT ( 'NONE',  ( 6.518095132369091438, -2.199999999999999734, 0.8749999999999987788 ) ) ;
#1133 = CIRCLE ( 'NONE', #4259, 0.1499999999999988842 ) ;
#1134 = VERTEX_POINT ( 'NONE', #4677 ) ;
#1135 = ORIENTED_EDGE ( 'NONE', *, *, #2344, .F. ) ;
#1136 = UNCERTAINTY_MEASURE_WITH_UNIT (LENGTH_MEASURE( 1.000000000000000082E-05 ), #4412, 'distance_accuracy_value', 'NONE');
#1137 = DIRECTION ( 'NONE',  ( 0.000000000000000000, 0.000000000000000000, -1.000000000000000000 ) ) ;
#1138 = SURFACE_STYLE_FILL_AREA ( #1618 ) ;
#1139 = AXIS2_PLACEMENT_3D ( 'NONE', #2803, #2306, #4115 ) ;
#1140 = CARTESIAN_POINT ( 'NONE',  ( -6.250000000000001776, -2.199999999999999734, 0.6499999999999991340 ) ) ;
#1141 = DIRECTION ( 'NONE',  ( 0.000000000000000000, 0.000000000000000000, -1.000000000000000000 ) ) ;
#1142 = CLOSED_SHELL ( 'NONE', ( #1561, #2566, #3926, #3845, #3813, #5081, #585, #2075 ) ) ;
#1143 = CARTESIAN_POINT ( 'NONE',  ( -3.750000000000001776, 1.900000000000000577, 0.6499999999999991340 ) ) ;
#1144 = VECTOR ( 'NONE', #4391, 1000.000000000000000 ) ;
#1145 = AXIS2_PLACEMENT_3D ( 'NONE', #2516, #4801, #5587 ) ;
#1146 = CARTESIAN_POINT ( 'NONE',  ( 5.872019881077293668, -2.080941393045245835, 0.7875050416678439635 ) ) ;
#1147 = AXIS2_PLACEMENT_3D ( 'NONE', #5361, #3071, #2567 ) ;
#1148 = COLOUR_RGB ( '',1.000000000000000000, 1.000000000000000000, 1.000000000000000000 ) ;
#1149 = CARTESIAN_POINT ( 'NONE',  ( 8.699999999999995737, 0.000000000000000000, 1.230660171779828671 ) ) ;
#1150 = PRESENTATION_LAYER_ASSIGNMENT (  '', '', ( #4463 ) ) ;
#1151 = AXIS2_PLACEMENT_3D ( 'NONE', #569, #979, #4611 ) ;
#1152 = ORIENTED_EDGE ( 'NONE', *, *, #544, .F. ) ;
#1153 = EDGE_CURVE ( 'NONE', #1582, #5124, #3844, .T. ) ;
#1154 = DIRECTION ( 'NONE',  ( 0.000000000000000000, 0.000000000000000000, 1.000000000000000000 ) ) ;
#1155 = STYLED_ITEM ( 'NONE', ( #3003 ), #700 ) ;
#1156 = DIRECTION ( 'NONE',  ( -7.434529182757767680E-15, 0.000000000000000000, -1.000000000000000000 ) ) ;
#1157 = ORIENTED_EDGE ( 'NONE', *, *, #5605, .F. ) ;
#1158 = STYLED_ITEM ( 'NONE', ( #1012 ), #2634 ) ;
#1159 =( NAMED_UNIT ( * ) SI_UNIT ( $, .STERADIAN. ) SOLID_ANGLE_UNIT ( ) );
#1160 = ORIENTED_EDGE ( 'NONE', *, *, #644, .T. ) ;
#1161 = DIRECTION ( 'NONE',  ( 2.710505431213760469E-17, 0.000000000000000000, -1.000000000000000000 ) ) ;
#1162 = EDGE_CURVE ( 'NONE', #160, #4190, #5115, .T. ) ;
#1163 = PRESENTATION_LAYER_ASSIGNMENT (  '', '', ( #2755 ) ) ;
#1164 = LINE ( 'NONE', #2461, #232 ) ;
#1165 = VECTOR ( 'NONE', #2251, 1000.000000000000000 ) ;
#1166 = LINE ( 'NONE', #1128, #495 ) ;
#1167 =( BOUNDED_SURFACE ( )  B_SPLINE_SURFACE ( 3, 2, ( 
 ( #2898, #3402, #1468 ),
 ( #2832, #4655, #2866 ),
 ( #2017, #2957, #5533 ),
 ( #586, #4299, #1533 ) ),
 .UNSPECIFIED., .F., .F., .T. ) 
 B_SPLINE_SURFACE_WITH_KNOTS ( ( 4, 4 ),
 ( 3, 3 ),
 ( -2.740019801912362653E-06, 0.0002689158882195475503 ),
 ( 0.000000000000000000, 1.000000000000000000 ),
 .UNSPECIFIED. ) 
 GEOMETRIC_REPRESENTATION_ITEM ( )  RATIONAL_B_SPLINE_SURFACE ( (
 ( 1.000000000000000000, 1.000000000000000000, 1.000000000000000000),
 ( 1.000000000000000000, 0.9983343828585761193, 1.000000000000000000),
 ( 1.000000000000000000, 0.8988230139521530271, 1.000000000000000000),
 ( 1.000000000000000000, 0.8258888605168611674, 1.000000000000000000) ) ) 
 REPRESENTATION_ITEM ( '' )  SURFACE ( )  );
#1168 = FILL_AREA_STYLE_COLOUR ( '', #3034 ) ;
#1169 = ORIENTED_EDGE ( 'NONE', *, *, #3000, .T. ) ;
#1170 = CARTESIAN_POINT ( 'NONE',  ( 6.249999999999998224, 0.000000000000000000, 0.2999999999999983791 ) ) ;
#1171 = CIRCLE ( 'NONE', #957, 0.3499999999999989786 ) ;
#1172 = VERTEX_POINT ( 'NONE', #2012 ) ;
#1173 = ORIENTED_EDGE ( 'NONE', *, *, #3687, .F. ) ;
#1174 = EDGE_CURVE ( 'NONE', #1652, #5381, #4257, .T. ) ;
#1175 = MECHANICAL_DESIGN_GEOMETRIC_PRESENTATION_REPRESENTATION (  '', ( #4579 ), #500 ) ;
#1176 = LINE ( 'NONE', #3811, #3910 ) ;
#1177 =( NAMED_UNIT ( * ) PLANE_ANGLE_UNIT ( ) SI_UNIT ( $, .RADIAN. ) );
#1178 = LINE ( 'NONE', #4798, #1261 ) ;
#1179 = ORIENTED_EDGE ( 'NONE', *, *, #2816, .F. ) ;
#1180 = FACE_OUTER_BOUND ( 'NONE', #4834, .T. ) ;
#1181 = ADVANCED_FACE ( 'NONE', ( #115 ), #176, .F. ) ;
#1182 = LINE ( 'NONE', #2041, #5229 ) ;
#1183 = SURFACE_STYLE_FILL_AREA ( #3752 ) ;
#1184 = DIRECTION ( 'NONE',  ( 0.000000000000000000, -1.000000000000000000, 0.000000000000000000 ) ) ;
#1185 = SURFACE_SIDE_STYLE ('',( #3040 ) ) ;
#1186 = VECTOR ( 'NONE', #5560, 1000.000000000000000 ) ;
#1187 = FACE_OUTER_BOUND ( 'NONE', #591, .T. ) ;
#1188 = ORIENTED_EDGE ( 'NONE', *, *, #3498, .T. ) ;
#1189 = CARTESIAN_POINT ( 'NONE',  ( -8.700000000000002842, 5.900000000000000355, 0.06999999999999476086 ) ) ;
#1190 = VERTEX_POINT ( 'NONE', #1490 ) ;
#1191 = CARTESIAN_POINT ( 'NONE',  ( 2.950000000000001066, 5.400000000000000355, 1.770000000000001572 ) ) ;
#1192 = ORIENTED_EDGE ( 'NONE', *, *, #3067, .F. ) ;
#1193 = FILL_AREA_STYLE_COLOUR ( '', #3246 ) ;
#1194 =( GEOMETRIC_REPRESENTATION_CONTEXT ( 3 ) GLOBAL_UNCERTAINTY_ASSIGNED_CONTEXT ( ( #204 ) ) GLOBAL_UNIT_ASSIGNED_CONTEXT ( ( #2148, #2614, #5841 ) ) REPRESENTATION_CONTEXT ( 'NONE', 'WORKASPACE' ) );
#1195 = FACE_OUTER_BOUND ( 'NONE', #3829, .T. ) ;
#1196 = AXIS2_PLACEMENT_3D ( 'NONE', #5772, #2267, #466 ) ;
#1197 = LINE ( 'NONE', #2121, #4114 ) ;
#1198 = CARTESIAN_POINT ( 'NONE',  ( -3.750000000000002220, 5.200000000000001066, 0.6499999999999991340 ) ) ;
#1199 = VERTEX_POINT ( 'NONE', #2389 ) ;
#1200 = CARTESIAN_POINT ( 'NONE',  ( -6.634751733198991808, -0.7520367310672355643, 0.4249999999999991007 ) ) ;
#1201 = EDGE_CURVE ( 'NONE', #5459, #911, #3508, .T. ) ;
#1202 = VECTOR ( 'NONE', #751, 1000.000000000000000 ) ;
#1203 = ORIENTED_EDGE ( 'NONE', *, *, #762, .T. ) ;
#1204 = ORIENTED_EDGE ( 'NONE', *, *, #3559, .T. ) ;
#1205 = CARTESIAN_POINT ( 'NONE',  ( 5.865248266801011745, -0.7520367310672358974, 0.8749999999999990008 ) ) ;
#1206 = DIRECTION ( 'NONE',  ( 0.000000000000000000, 0.000000000000000000, 1.000000000000000000 ) ) ;
#1207 = VECTOR ( 'NONE', #3803, 1000.000000000000000 ) ;
#1208 = SURFACE_STYLE_USAGE ( .BOTH. , #5269 ) ;
#1209 = CARTESIAN_POINT ( 'NONE',  ( 7.100000000000002309, 1.900000000000000577, 1.770000000000001572 ) ) ;
#1210 = CARTESIAN_POINT ( 'NONE',  ( -6.250000000000001776, -3.500000000000000000, 0.6499999999999991340 ) ) ;
#1211 = STYLED_ITEM ( 'NONE', ( #4171 ), #4365 ) ;
#1212 = CARTESIAN_POINT ( 'NONE',  ( 5.900000121251731677, -2.200000477428683876, 0.5058950770727230761 ) ) ;
#1213 = EDGE_CURVE ( 'NONE', #3768, #4014, #4263, .T. ) ;
#1214 = DIRECTION ( 'NONE',  ( 0.000000000000000000, 1.000000000000000000, 0.000000000000000000 ) ) ;
#1215 = VERTEX_POINT ( 'NONE', #5151 ) ;
#1216 = DIRECTION ( 'NONE',  ( 0.000000000000000000, 0.000000000000000000, 1.000000000000000000 ) ) ;
#1217 = VERTEX_POINT ( 'NONE', #1560 ) ;
#1218 = DIRECTION ( 'NONE',  ( 0.000000000000000000, 1.000000000000000000, 0.000000000000000000 ) ) ;
#1219 =( NAMED_UNIT ( * ) PLANE_ANGLE_UNIT ( ) SI_UNIT ( $, .RADIAN. ) );
#1220 = SURFACE_STYLE_FILL_AREA ( #2062 ) ;
#1221 = FACE_OUTER_BOUND ( 'NONE', #4983, .T. ) ;
#1222 = CARTESIAN_POINT ( 'NONE',  ( 8.000000000000003553, 5.399999999999999467, -1.230000000000006199 ) ) ;
#1223 = EDGE_LOOP ( 'NONE', ( #2576, #407, #1342 ) ) ;
#1224 = CARTESIAN_POINT ( 'NONE',  ( 5.900000000000001243, -0.5999999999999999778, 0.6499999999999991340 ) ) ;
#1225 = VERTEX_POINT ( 'NONE', #3776 ) ;
#1226 = EDGE_CURVE ( 'NONE', #2400, #1217, #2932, .T. ) ;
#1227 = FILL_AREA_STYLE_COLOUR ( '', #1818 ) ;
#1228 = CARTESIAN_POINT ( 'NONE',  ( 6.577521440819295684, -2.169873083288446303, 0.4249999999999993783 ) ) ;
#1229 = CARTESIAN_POINT ( 'NONE',  ( -6.600000000000001421, -0.5999999999999997558, 0.6499999999999991340 ) ) ;
#1230 = DIRECTION ( 'NONE',  ( 1.000000000000000000, 0.000000000000000000, -2.787948443534164063E-15 ) ) ;
#1231 =( NAMED_UNIT ( * ) PLANE_ANGLE_UNIT ( ) SI_UNIT ( $, .RADIAN. ) );
#1232 = EDGE_CURVE ( 'NONE', #2998, #5747, #2360, .T. ) ;
#1233 = CIRCLE ( 'NONE', #1317, 0.3499999999999989786 ) ;
#1234 = CARTESIAN_POINT ( 'NONE',  ( 6.250000000000001776, -7.989949493661161917, 0.6499999999999991340 ) ) ;
#1235 =( GEOMETRIC_REPRESENTATION_CONTEXT ( 3 ) GLOBAL_UNCERTAINTY_ASSIGNED_CONTEXT ( ( #434 ) ) GLOBAL_UNIT_ASSIGNED_CONTEXT ( ( #5274, #1231, #322 ) ) REPRESENTATION_CONTEXT ( 'NONE', 'WORKASPACE' ) );
#1236 = CARTESIAN_POINT ( 'NONE',  ( -6.612286703546840450, -2.153995607406992363, 0.4506248466342981929 ) ) ;
#1237 = STYLED_ITEM ( 'NONE', ( #2266 ), #57 ) ;
#1238 = ADVANCED_FACE ( 'NONE', ( #239 ), #3033, .T. ) ;
#1239 = VECTOR ( 'NONE', #2239, 1000.000000000000000 ) ;
#1240 = FACE_OUTER_BOUND ( 'NONE', #269, .T. ) ;
#1241 = DIRECTION ( 'NONE',  ( -1.000000000000000000, -0.000000000000000000, -0.000000000000000000 ) ) ;
#1242 = EDGE_LOOP ( 'NONE', ( #5773, #2586, #3566 ) ) ;
#1243 = DIRECTION ( 'NONE',  ( 0.000000000000000000, 0.000000000000000000, -1.000000000000000000 ) ) ;
#1244 = STYLED_ITEM ( 'NONE', ( #3249 ), #76 ) ;
#1245 = CARTESIAN_POINT ( 'NONE',  ( 5.878532046106205833, -2.113253295688959366, 0.4249999999999991562 ) ) ;
#1246 = AXIS2_PLACEMENT_3D ( 'NONE', #3717, #542, #1914 ) ;
#1247 = CARTESIAN_POINT ( 'NONE',  ( 8.699999999999995737, 5.400000000000000355, -0.4300000000000061551 ) ) ;
#1248 = ADVANCED_FACE ( 'NONE', ( #811 ), #785, .F. ) ;
#1249 = FACE_OUTER_BOUND ( 'NONE', #2808, .T. ) ;
#1250 = CARTESIAN_POINT ( 'NONE',  ( -7.999999999999996447, 1.000000000000000000, -1.230000000000000648 ) ) ;
#1251 = VECTOR ( 'NONE', #5387, 1000.000000000000000 ) ;
#1252 = AXIS2_PLACEMENT_3D ( 'NONE', #2515, #4324, #1653 ) ;
#1253 = DIRECTION ( 'NONE',  ( 0.000000000000000000, 0.000000000000000000, 1.000000000000000000 ) ) ;
#1254 = CYLINDRICAL_SURFACE ( 'NONE', #338, 0.3499999999999998113 ) ;
#1255 = SURFACE_STYLE_USAGE ( .BOTH. , #776 ) ;
#1256 = ORIENTED_EDGE ( 'NONE', *, *, #1594, .F. ) ;
#1257 = CARTESIAN_POINT ( 'NONE',  ( 6.621467561225959031, -0.6867447743411774219, 0.8749999999999990008 ) ) ;
#1258 = PRESENTATION_LAYER_ASSIGNMENT (  '', '', ( #778 ) ) ;
#1259 = ORIENTED_EDGE ( 'NONE', *, *, #4325, .T. ) ;
#1260 = PRESENTATION_STYLE_ASSIGNMENT (( #1362 ) ) ;
#1261 = VECTOR ( 'NONE', #5709, 1000.000000000000000 ) ;
#1262 = AXIS2_PLACEMENT_3D ( 'NONE', #1476, #2371, #75 ) ;
#1263 = SURFACE_STYLE_USAGE ( .BOTH. , #3456 ) ;
#1264 = CIRCLE ( 'NONE', #3337, 0.3499999999999989231 ) ;
#1265 = CARTESIAN_POINT ( 'NONE',  ( -6.621467561225959031, -0.6867447743411774219, 0.8749999999999990008 ) ) ;
#1266 =( GEOMETRIC_REPRESENTATION_CONTEXT ( 3 ) GLOBAL_UNCERTAINTY_ASSIGNED_CONTEXT ( ( #4284 ) ) GLOBAL_UNIT_ASSIGNED_CONTEXT ( ( #3887, #3859, #1576 ) ) REPRESENTATION_CONTEXT ( 'NONE', 'WORKASPACE' ) );
#1267 = CARTESIAN_POINT ( 'NONE',  ( -3.750000000000002220, -3.299999999999999822, 0.6499999999999991340 ) ) ;
#1268 = MECHANICAL_DESIGN_GEOMETRIC_PRESENTATION_REPRESENTATION (  '', ( #701 ), #240 ) ;
#1269 =( NAMED_UNIT ( * ) PLANE_ANGLE_UNIT ( ) SI_UNIT ( $, .RADIAN. ) );
#1270 = EDGE_CURVE ( 'NONE', #3243, #649, #4322, .T. ) ;
#1271 =( NAMED_UNIT ( * ) PLANE_ANGLE_UNIT ( ) SI_UNIT ( $, .RADIAN. ) );
#1272 = DIRECTION ( 'NONE',  ( 0.000000000000000000, -0.000000000000000000, -1.000000000000000000 ) ) ;
#1273 = ADVANCED_FACE ( 'NONE', ( #1180 ), #5216, .T. ) ;
#1274 = CYLINDRICAL_SURFACE ( 'NONE', #1731, 3.250000000000007994 ) ;
#1275 = FILL_AREA_STYLE_COLOUR ( '', #3312 ) ;
#1276 = MECHANICAL_DESIGN_GEOMETRIC_PRESENTATION_REPRESENTATION (  '', ( #4787 ), #1838 ) ;
#1277 = DIRECTION ( 'NONE',  ( 0.000000000000000000, 0.000000000000000000, 1.000000000000000000 ) ) ;
#1278 = CARTESIAN_POINT ( 'NONE',  ( 8.699999999999995737, 5.900000000000000355, 2.449999999999999734 ) ) ;
#1279 = VECTOR ( 'NONE', #5260, 1000.000000000000000 ) ;
#1280 = ORIENTED_EDGE ( 'NONE', *, *, #3399, .F. ) ;
#1281 = CARTESIAN_POINT ( 'NONE',  ( 3.749999999999998224, 5.400000000000000355, 0.7999999999999979350 ) ) ;
#1282 = EDGE_CURVE ( 'NONE', #649, #2466, #1108, .T. ) ;
#1283 = CARTESIAN_POINT ( 'NONE',  ( -5.450000000000002842, 1.900000000000000577, 1.770000000000001794 ) ) ;
#1284 = ORIENTED_EDGE ( 'NONE', *, *, #5476, .T. ) ;
#1285 = CIRCLE ( 'NONE', #5536, 0.3499999999999989786 ) ;
#1286 = CARTESIAN_POINT ( 'NONE',  ( -8.000000000000003553, 1.000000000000000000, -1.449999999999997291 ) ) ;
#1287 = EDGE_LOOP ( 'NONE', ( #4874, #2590, #4193, #4780 ) ) ;
#1288 = CARTESIAN_POINT ( 'NONE',  ( -6.250000000000001776, -0.5999999999999998668, 0.6499999999999991340 ) ) ;
#1289 = PRESENTATION_LAYER_ASSIGNMENT (  '', '', ( #4890 ) ) ;
#1290 = ORIENTED_EDGE ( 'NONE', *, *, #499, .T. ) ;
#1291 = COLOUR_RGB ( '',1.000000000000000000, 1.000000000000000000, 1.000000000000000000 ) ;
#1292 = CARTESIAN_POINT ( 'NONE',  ( 7.999999999999996447, 1.000000000000000000, -1.449999999999999067 ) ) ;
#1293 = ORIENTED_EDGE ( 'NONE', *, *, #631, .T. ) ;
#1294 =( LENGTH_UNIT ( ) NAMED_UNIT ( * ) SI_UNIT ( .MILLI., .METRE. ) );
#1295 = EDGE_CURVE ( 'NONE', #3615, #1698, #1751, .T. ) ;
#1296 = AXIS2_PLACEMENT_3D ( 'NONE', #3692, #1355, #3161 ) ;
#1297 =( NAMED_UNIT ( * ) SI_UNIT ( $, .STERADIAN. ) SOLID_ANGLE_UNIT ( ) );
#1298 = VERTEX_POINT ( 'NONE', #5679 ) ;
#1299 = DIRECTION ( 'NONE',  ( 1.000000000000000000, 0.000000000000000000, 0.000000000000000000 ) ) ;
#1300 = FACE_OUTER_BOUND ( 'NONE', #3931, .T. ) ;
#1301 = CARTESIAN_POINT ( 'NONE',  ( -1.250000000000001998, 5.400000000000000355, 0.7999999999999979350 ) ) ;
#1302 = DIRECTION ( 'NONE',  ( -0.7071067811865487940, -0.000000000000000000, 0.7071067811865463515 ) ) ;
#1303 = ORIENTED_EDGE ( 'NONE', *, *, #5789, .F. ) ;
#1304 = SURFACE_SIDE_STYLE ('',( #1330 ) ) ;
#1305 = ORIENTED_EDGE ( 'NONE', *, *, #5705, .T. ) ;
#1306 = EDGE_CURVE ( 'NONE', #5310, #4124, #4741, .T. ) ;
#1307 = CARTESIAN_POINT ( 'NONE',  ( -6.621467519489754316, -2.113255430793058665, 0.4249999999999991007 ) ) ;
#1308 = DIRECTION ( 'NONE',  ( -0.7071067811865480168, 0.000000000000000000, -0.7071067811865470176 ) ) ;
#1309 = ORIENTED_EDGE ( 'NONE', *, *, #499, .F. ) ;
#1310 = PRESENTATION_STYLE_ASSIGNMENT (( #4487 ) ) ;
#1311 = DIRECTION ( 'NONE',  ( 0.000000000000000000, 0.7071067811865435759, 0.7071067811865515695 ) ) ;
#1312 = ORIENTED_EDGE ( 'NONE', *, *, #4273, .T. ) ;
#1313 = DIRECTION ( 'NONE',  ( 0.000000000000000000, 0.000000000000000000, 1.000000000000000000 ) ) ;
#1314 = CARTESIAN_POINT ( 'NONE',  ( -6.600000000000001421, -0.5999999999999998668, 0.6499999999999991340 ) ) ;
#1315 = PRESENTATION_LAYER_ASSIGNMENT (  '', '', ( #3883 ) ) ;
#1316 = DIRECTION ( 'NONE',  ( 0.000000000000000000, 0.000000000000000000, 1.000000000000000000 ) ) ;
#1317 = AXIS2_PLACEMENT_3D ( 'NONE', #3279, #5190, #2361 ) ;
#1318 = CARTESIAN_POINT ( 'NONE',  ( -9.757819552369539906E-16, 1.900000000000000577, 1.320000000000001616 ) ) ;
#1319 = DIRECTION ( 'NONE',  ( 0.000000000000000000, -0.000000000000000000, -1.000000000000000000 ) ) ;
#1320 = DIRECTION ( 'NONE',  ( 0.000000000000000000, 0.000000000000000000, -1.000000000000000000 ) ) ;
#1321 = CARTESIAN_POINT ( 'NONE',  ( -6.250000000000001776, -3.500000000000000000, 0.5000000000000002220 ) ) ;
#1322 = CARTESIAN_POINT ( 'NONE',  ( -1.250000000000001998, -7.989949493661161917, 0.6499999999999991340 ) ) ;
#1323 = EDGE_CURVE ( 'NONE', #1469, #2822, #5546, .T. ) ;
#1324 = FACE_OUTER_BOUND ( 'NONE', #2113, .T. ) ;
#1325 = DIRECTION ( 'NONE',  ( 0.000000000000000000, 0.000000000000000000, -1.000000000000000000 ) ) ;
#1326 = PRESENTATION_LAYER_ASSIGNMENT (  '', '', ( #3901 ) ) ;
#1327 = CARTESIAN_POINT ( 'NONE',  ( -5.882544144188545765, -0.6687324322576124747, 0.7118847047464347266 ) ) ;
#1328 = ORIENTED_EDGE ( 'NONE', *, *, #4971, .F. ) ;
#1329 = AXIS2_PLACEMENT_3D ( 'NONE', #1954, #4651, #584 ) ;
#1330 = SURFACE_STYLE_FILL_AREA ( #851 ) ;
#1331 = CARTESIAN_POINT ( 'NONE',  ( 3.749999999999998224, -3.299999999999999822, 0.3000000000000002109 ) ) ;
#1332 = ADVANCED_FACE ( 'NONE', ( #1249 ), #823, .F. ) ;
#1333 = ORIENTED_EDGE ( 'NONE', *, *, #1854, .T. ) ;
#1334 = VECTOR ( 'NONE', #2242, 1000.000000000000000 ) ;
#1335 = AXIS2_PLACEMENT_3D ( 'NONE', #4338, #4691, #2457 ) ;
#1336 = DIRECTION ( 'NONE',  ( 0.7071067811865473507, 0.000000000000000000, 0.7071067811865477948 ) ) ;
#1337 = CARTESIAN_POINT ( 'NONE',  ( 6.634751733198990920, -2.047963268932763370, 0.8749999999999990008 ) ) ;
#1338 = VERTEX_POINT ( 'NONE', #4950 ) ;
#1339 = AXIS2_PLACEMENT_3D ( 'NONE', #3934, #1619, #3480 ) ;
#1340 = MECHANICAL_DESIGN_GEOMETRIC_PRESENTATION_REPRESENTATION (  '', ( #1158 ), #5235 ) ;
#1341 = EDGE_CURVE ( 'NONE', #5124, #4304, #2687, .T. ) ;
#1342 = ORIENTED_EDGE ( 'NONE', *, *, #4496, .T. ) ;
#1343 = AXIS2_PLACEMENT_3D ( 'NONE', #135, #1030, #3765 ) ;
#1344 =( NAMED_UNIT ( * ) SI_UNIT ( $, .STERADIAN. ) SOLID_ANGLE_UNIT ( ) );
#1345 = VECTOR ( 'NONE', #753, 999.9999999999998863 ) ;
#1346 = CARTESIAN_POINT ( 'NONE',  ( -8.700000000000002842, 5.900000000000000355, 2.449999999999999734 ) ) ;
#1347 = SURFACE_STYLE_FILL_AREA ( #5085 ) ;
#1348 = EDGE_CURVE ( 'NONE', #3627, #977, #4057, .T. ) ;
#1349 = CARTESIAN_POINT ( 'NONE',  ( -6.600000000000001421, -2.199999999999999734, 0.8749999999999990008 ) ) ;
#1350 = FILL_AREA_STYLE_COLOUR ( '', #3418 ) ;
#1351 = CIRCLE ( 'NONE', #2128, 0.3499999999999989786 ) ;
#1352 = FILL_AREA_STYLE ('',( #5026 ) ) ;
#1353 = FILL_AREA_STYLE_COLOUR ( '', #850 ) ;
#1354 = CARTESIAN_POINT ( 'NONE',  ( -1.250000000000001998, -3.299999999999999822, 0.6499999999999991340 ) ) ;
#1355 = DIRECTION ( 'NONE',  ( 0.000000000000000000, -1.000000000000000000, -0.000000000000000000 ) ) ;
#1356 = CARTESIAN_POINT ( 'NONE',  ( -6.250000000000001776, 1.900000000000000577, 0.3000000000000002109 ) ) ;
#1357 = FACE_OUTER_BOUND ( 'NONE', #1242, .T. ) ;
#1358 = FILL_AREA_STYLE_COLOUR ( '', #1719 ) ;
#1359 = VERTEX_POINT ( 'NONE', #1356 ) ;
#1360 = CARTESIAN_POINT ( 'NONE',  ( -1.250000000000001998, 5.200000000000001066, 0.9999999999999981126 ) ) ;
#1361 = CARTESIAN_POINT ( 'NONE',  ( 1.249999999999997558, 0.000000000000000000, 0.9999999999999988898 ) ) ;
#1362 = SURFACE_STYLE_USAGE ( .BOTH. , #399 ) ;
#1363 = CIRCLE ( 'NONE', #50, 0.1499999999999988842 ) ;
#1364 = EDGE_CURVE ( 'NONE', #371, #3243, #5583, .T. ) ;
#1365 = EDGE_LOOP ( 'NONE', ( #4538, #637, #767, #192 ) ) ;
#1366 = VERTEX_POINT ( 'NONE', #4064 ) ;
#1367 = UNCERTAINTY_MEASURE_WITH_UNIT (LENGTH_MEASURE( 1.000000000000000082E-05 ), #206, 'distance_accuracy_value', 'NONE');
#1368 = CARTESIAN_POINT ( 'NONE',  ( -5.900000000000002132, -0.5999999999999997558, 0.6499999999999991340 ) ) ;
#1369 = EDGE_CURVE ( 'NONE', #5661, #3403, #3785, .T. ) ;
#1370 = COLOUR_RGB ( '',0.7921568627450980005, 0.8196078431372548767, 0.9333333333333333481 ) ;
#1371 = DIRECTION ( 'NONE',  ( -1.000000000000000000, 0.000000000000000000, 0.000000000000000000 ) ) ;
#1372 = DIRECTION ( 'NONE',  ( -0.7071067811865470176, 0.000000000000000000, 0.7071067811865481278 ) ) ;
#1373 = VECTOR ( 'NONE', #5242, 1000.000000000000000 ) ;
#1374 = EDGE_CURVE ( 'NONE', #2960, #2470, #3797, .T. ) ;
#1375 = DIRECTION ( 'NONE',  ( 0.000000000000000000, 0.000000000000000000, 1.000000000000000000 ) ) ;
#1376 = DIRECTION ( 'NONE',  ( -1.000000000000000000, 0.000000000000000000, 0.000000000000000000 ) ) ;
#1377 = AXIS2_PLACEMENT_3D ( 'NONE', #5068, #3256, #1897 ) ;
#1378 = VECTOR ( 'NONE', #1272, 1000.000000000000000 ) ;
#1379 =( NAMED_UNIT ( * ) SI_UNIT ( $, .STERADIAN. ) SOLID_ANGLE_UNIT ( ) );
#1380 = ORIENTED_EDGE ( 'NONE', *, *, #1640, .F. ) ;
#1381 = CARTESIAN_POINT ( 'NONE',  ( -7.100000000000002309, 5.600000000000000533, 1.770000000000001572 ) ) ;
#1382 = SURFACE_STYLE_FILL_AREA ( #3229 ) ;
#1383 = CARTESIAN_POINT ( 'NONE',  ( 6.519292378786517794, -2.199999887382632302, 0.8811856441508300053 ) ) ;
#1384 = DIRECTION ( 'NONE',  ( 1.000000000000000000, 0.000000000000000000, 7.124757133476196788E-15 ) ) ;
#1385 = ORIENTED_EDGE ( 'NONE', *, *, #5004, .F. ) ;
#1386 = DIRECTION ( 'NONE',  ( -0.7071067811865487940, -0.000000000000000000, -0.7071067811865463515 ) ) ;
#1387 = CARTESIAN_POINT ( 'NONE',  ( -2.049999999999999822, 5.400000000000000355, 1.770000000000001794 ) ) ;
#1388 = ORIENTED_EDGE ( 'NONE', *, *, #5532, .F. ) ;
#1389 = DIRECTION ( 'NONE',  ( -1.000000000000000000, 0.000000000000000000, -0.000000000000000000 ) ) ;
#1390 = EDGE_CURVE ( 'NONE', #1190, #2546, #477, .T. ) ;
#1391 = VERTEX_POINT ( 'NONE', #4429 ) ;
#1392 = EDGE_CURVE ( 'NONE', #4304, #5647, #1727, .T. ) ;
#1393 =( LENGTH_UNIT ( ) NAMED_UNIT ( * ) SI_UNIT ( .MILLI., .METRE. ) );
#1394 = FILL_AREA_STYLE_COLOUR ( '', #1524 ) ;
#1395 = SURFACE_STYLE_USAGE ( .BOTH. , #985 ) ;
#1396 = CARTESIAN_POINT ( 'NONE',  ( -6.250000000000001776, 0.000000000000000000, 0.9999999999999981126 ) ) ;
#1397 = EDGE_CURVE ( 'NONE', #2876, #2496, #3499, .T. ) ;
#1398 = LINE ( 'NONE', #1794, #3029 ) ;
#1399 = DIRECTION ( 'NONE',  ( -1.548860246407863336E-16, 1.000000000000000000, 0.000000000000000000 ) ) ;
#1400 = DIRECTION ( 'NONE',  ( -0.000000000000000000, 1.000000000000000000, -0.000000000000000000 ) ) ;
#1401 = ADVANCED_FACE ( 'NONE', ( #4484 ), #5779, .T. ) ;
#1402 = CARTESIAN_POINT ( 'NONE',  ( -5.900000000000002132, -2.199999999999998845, 0.6499999999999991340 ) ) ;
#1403 = ORIENTED_EDGE ( 'NONE', *, *, #4576, .F. ) ;
#1404 = PRESENTATION_STYLE_ASSIGNMENT (( #4564 ) ) ;
#1405 = ORIENTED_EDGE ( 'NONE', *, *, #2542, .F. ) ;
#1406 = CARTESIAN_POINT ( 'NONE',  ( 6.612286703547062494, -2.153995607405489121, 0.4506248466375721851 ) ) ;
#1407 = PRESENTATION_STYLE_ASSIGNMENT (( #2777 ) ) ;
#1408 =( NAMED_UNIT ( * ) PLANE_ANGLE_UNIT ( ) SI_UNIT ( $, .RADIAN. ) );
#1409 = ADVANCED_FACE ( 'NONE', ( #5350 ), #3146, .F. ) ;
#1410 = ORIENTED_EDGE ( 'NONE', *, *, #343, .F. ) ;
#1411 = AXIS2_PLACEMENT_3D ( 'NONE', #4052, #4112, #5474 ) ;
#1412 = CARTESIAN_POINT ( 'NONE',  ( -3.750000000000001776, 0.1000000000000000056, 0.9999999999999981126 ) ) ;
#1413 = AXIS2_PLACEMENT_3D ( 'NONE', #2709, #4525, #151 ) ;
#1414 = DIRECTION ( 'NONE',  ( 1.000000000000000000, -0.000000000000000000, -0.000000000000000000 ) ) ;
#1415 = CARTESIAN_POINT ( 'NONE',  ( -6.700000000000001954, -1.399999999999999689, 0.4249999999999991007 ) ) ;
#1416 = PRODUCT_DEFINITION_FORMATION_WITH_SPECIFIED_SOURCE ( 'ANY', '', #626, .NOT_KNOWN. ) ;
#1417 = VECTOR ( 'NONE', #5813, 1000.000000000000000 ) ;
#1418 = COLOUR_RGB ( '',1.000000000000000000, 1.000000000000000000, 1.000000000000000000 ) ;
#1419 = UNCERTAINTY_MEASURE_WITH_UNIT (LENGTH_MEASURE( 1.000000000000000082E-05 ), #1570, 'distance_accuracy_value', 'NONE');
#1420 = CARTESIAN_POINT ( 'NONE',  ( 3.749999999999998224, 5.200000000000001066, 0.6499999999999991340 ) ) ;
#1421 = AXIS2_PLACEMENT_3D ( 'NONE', #4946, #872, #2682 ) ;
#1422 = CARTESIAN_POINT ( 'NONE',  ( 6.627980118922710773, -0.7190586069547536541, 0.7875050416678441856 ) ) ;
#1423 = CIRCLE ( 'NONE', #1252, 0.3499999999999989786 ) ;
#1424 = ORIENTED_EDGE ( 'NONE', *, *, #2215, .T. ) ;
#1425 = CARTESIAN_POINT ( 'NONE',  ( 8.000000000000001776, 1.900000000000000577, 0.8700000000000014388 ) ) ;
#1426 = CARTESIAN_POINT ( 'NONE',  ( -5.882743583160800149, -2.132052858695643760, 0.5888655021534476841 ) ) ;
#1427 = DIRECTION ( 'NONE',  ( -0.000000000000000000, -0.000000000000000000, 1.000000000000000000 ) ) ;
#1428 =( GEOMETRIC_REPRESENTATION_CONTEXT ( 3 ) GLOBAL_UNCERTAINTY_ASSIGNED_CONTEXT ( ( #4223 ) ) GLOBAL_UNIT_ASSIGNED_CONTEXT ( ( #1617, #4794, #2533 ) ) REPRESENTATION_CONTEXT ( 'NONE', 'WORKASPACE' ) );
#1429 = AXIS2_PLACEMENT_3D ( 'NONE', #2746, #5481, #3231 ) ;
#1430 = FILL_AREA_STYLE_COLOUR ( '', #5023 ) ;
#1431 = EDGE_CURVE ( 'NONE', #1452, #5237, #2449, .T. ) ;
#1432 = DIRECTION ( 'NONE',  ( 0.000000000000000000, -0.7071067811865471286, -0.7071067811865479058 ) ) ;
#1433 = AXIS2_PLACEMENT_3D ( 'NONE', #3197, #3708, #103 ) ;
#1434 = DIRECTION ( 'NONE',  ( 0.000000000000000000, -1.000000000000000000, 0.000000000000000000 ) ) ;
#1435 = STYLED_ITEM ( 'NONE', ( #3409 ), #1604 ) ;
#1436 = DIRECTION ( 'NONE',  ( 0.000000000000000000, 0.000000000000000000, 1.000000000000000000 ) ) ;
#1437 = VERTEX_POINT ( 'NONE', #883 ) ;
#1438 = CARTESIAN_POINT ( 'NONE',  ( -3.750000000000001776, 0.000000000000000000, 0.6499999999999991340 ) ) ;
#1439 = EDGE_CURVE ( 'NONE', #1024, #1437, #5013, .T. ) ;
#1440 = EDGE_LOOP ( 'NONE', ( #1685, #4342, #134, #1723 ) ) ;
#1441 = SURFACE_STYLE_FILL_AREA ( #159 ) ;
#1442 = EDGE_LOOP ( 'NONE', ( #5095, #4240, #2189, #4154, #5263, #4913, #2069 ) ) ;
#1443 = FILL_AREA_STYLE_COLOUR ( '', #4955 ) ;
#1444 = DIRECTION ( 'NONE',  ( -1.000000000000000000, -0.000000000000000000, -0.000000000000000000 ) ) ;
#1445 = ORIENTED_EDGE ( 'NONE', *, *, #5411, .F. ) ;
#1446 = SURFACE_SIDE_STYLE ('',( #5042 ) ) ;
#1447 = PLANE ( 'NONE',  #5140 ) ;
#1448 = EDGE_CURVE ( 'NONE', #4336, #1894, #164, .T. ) ;
#1449 = EDGE_LOOP ( 'NONE', ( #5006, #5466, #278 ) ) ;
#1450 = LINE ( 'NONE', #2410, #810 ) ;
#1451 = ORIENTED_EDGE ( 'NONE', *, *, #4309, .T. ) ;
#1452 = VERTEX_POINT ( 'NONE', #970 ) ;
#1453 = MANIFOLD_SOLID_BREP ( 'LPattern1[3]', #4168 ) ;
#1454 = CIRCLE ( 'NONE', #333, 0.1499999999999988842 ) ;
#1455 = CARTESIAN_POINT ( 'NONE',  ( -7.100000000000002309, 5.900000000000000355, 2.070000000000001616 ) ) ;
#1456 = CARTESIAN_POINT ( 'NONE',  ( -5.867552523149390353, -2.059288732506216135, 0.8295252848930162459 ) ) ;
#1457 = STYLED_ITEM ( 'NONE', ( #4480 ), #3247 ) ;
#1458 = ORIENTED_EDGE ( 'NONE', *, *, #5045, .F. ) ;
#1459 = DIRECTION ( 'NONE',  ( 0.000000000000000000, 0.000000000000000000, 1.000000000000000000 ) ) ;
#1460 =( GEOMETRIC_REPRESENTATION_CONTEXT ( 3 ) GLOBAL_UNCERTAINTY_ASSIGNED_CONTEXT ( ( #5051 ) ) GLOBAL_UNIT_ASSIGNED_CONTEXT ( ( #5342, #1271, #1713 ) ) REPRESENTATION_CONTEXT ( 'NONE', 'WORKASPACE' ) );
#1461 = PRESENTATION_STYLE_ASSIGNMENT (( #5059 ) ) ;
#1462 = CARTESIAN_POINT ( 'NONE',  ( -6.600000000000001421, -0.5999999999999997558, 0.6499999999999991340 ) ) ;
#1463 = ORIENTED_EDGE ( 'NONE', *, *, #3500, .T. ) ;
#1464 = VECTOR ( 'NONE', #5422, 1000.000000000000000 ) ;
#1465 = CARTESIAN_POINT ( 'NONE',  ( 1.249999999999997558, -3.299999999999999822, 0.7999999999999979350 ) ) ;
#1466 = EDGE_CURVE ( 'NONE', #1981, #4534, #3223, .T. ) ;
#1467 = COLOUR_RGB ( '',1.000000000000000000, 1.000000000000000000, 1.000000000000000000 ) ;
#1468 = CARTESIAN_POINT ( 'NONE',  ( 6.600000000000001421, -0.5999999999999996447, 0.6499999999999992450 ) ) ;
#1469 = VERTEX_POINT ( 'NONE', #4573 ) ;
#1470 = CYLINDRICAL_SURFACE ( 'NONE', #3839, 0.3499999999999989786 ) ;
#1471 = FILL_AREA_STYLE_COLOUR ( '', #1467 ) ;
#1472 = ORIENTED_EDGE ( 'NONE', *, *, #2264, .F. ) ;
#1473 = FILL_AREA_STYLE ('',( #1443 ) ) ;
#1474 = SURFACE_SIDE_STYLE ('',( #2311 ) ) ;
#1475 = VECTOR ( 'NONE', #382, 1000.000000000000000 ) ;
#1476 = CARTESIAN_POINT ( 'NONE',  ( -6.250000000000001776, -0.5999999999999998668, 0.6499999999999991340 ) ) ;
#1477 = DIRECTION ( 'NONE',  ( 1.000000000000000000, 0.000000000000000000, -1.224646799147353207E-16 ) ) ;
#1478 = DIRECTION ( 'NONE',  ( 0.000000000000000000, 1.000000000000000000, 0.000000000000000000 ) ) ;
#1479 = ORIENTED_EDGE ( 'NONE', *, *, #2896, .T. ) ;
#1480 = CARTESIAN_POINT ( 'NONE',  ( -8.700000000000002842, 5.900000000000000355, 2.449999999999999734 ) ) ;
#1481 = CARTESIAN_POINT ( 'NONE',  ( 7.100000000000002309, 5.600000000000000533, 1.770000000000001572 ) ) ;
#1482 = EDGE_LOOP ( 'NONE', ( #5636, #80, #4221, #5132 ) ) ;
#1483 = VERTEX_POINT ( 'NONE', #3288 ) ;
#1484 = EDGE_CURVE ( 'NONE', #184, #3675, #1171, .T. ) ;
#1485 = UNCERTAINTY_MEASURE_WITH_UNIT (LENGTH_MEASURE( 1.000000000000000082E-05 ), #3208, 'distance_accuracy_value', 'NONE');
#1486 = FACE_OUTER_BOUND ( 'NONE', #886, .T. ) ;
#1487 =( LENGTH_UNIT ( ) NAMED_UNIT ( * ) SI_UNIT ( .MILLI., .METRE. ) );
#1488 = VERTEX_POINT ( 'NONE', #627 ) ;
#1489 = CARTESIAN_POINT ( 'NONE',  ( -1.250000000000001998, -3.299999999999999822, 0.6499999999999991340 ) ) ;
#1490 = CARTESIAN_POINT ( 'NONE',  ( 8.000000000000003553, 1.900000000000000577, 0.2699999999999994071 ) ) ;
#1491 = EDGE_CURVE ( 'NONE', #1483, #4734, #4665, .T. ) ;
#1492 = CARTESIAN_POINT ( 'NONE',  ( 2.049999999999996270, 5.400000000000000355, 1.770000000000001572 ) ) ;
#1493 = DIRECTION ( 'NONE',  ( -1.000000000000000000, 0.000000000000000000, 0.000000000000000000 ) ) ;
#1494 = DIRECTION ( 'NONE',  ( 0.000000000000000000, 1.000000000000000000, 0.000000000000000000 ) ) ;
#1495 = ORIENTED_EDGE ( 'NONE', *, *, #1892, .F. ) ;
#1496 = DIRECTION ( 'NONE',  ( 0.000000000000000000, 0.000000000000000000, 1.000000000000000000 ) ) ;
#1497 = ORIENTED_EDGE ( 'NONE', *, *, #3649, .F. ) ;
#1498 = CARTESIAN_POINT ( 'NONE',  ( 6.599999878747185633, -2.200000477432961787, 0.5058950770723017465 ) ) ;
#1499 = VERTEX_POINT ( 'NONE', #1872 ) ;
#1500 = LINE ( 'NONE', #3077, #5623 ) ;
#1501 = SURFACE_STYLE_USAGE ( .BOTH. , #3443 ) ;
#1502 = DIRECTION ( 'NONE',  ( 0.000000000000000000, 0.000000000000000000, 1.000000000000000000 ) ) ;
#1503 = EDGE_LOOP ( 'NONE', ( #1135, #2794, #2530, #2286, #2494, #803, #3741, #4563, #5697, #1472, #1942, #2165, #4908 ) ) ;
#1504 = DIRECTION ( 'NONE',  ( 0.000000000000000000, 0.000000000000000000, 1.000000000000000000 ) ) ;
#1505 =( GEOMETRIC_REPRESENTATION_CONTEXT ( 3 ) GLOBAL_UNCERTAINTY_ASSIGNED_CONTEXT ( ( #943 ) ) GLOBAL_UNIT_ASSIGNED_CONTEXT ( ( #3666, #66, #1379 ) ) REPRESENTATION_CONTEXT ( 'NONE', 'WORKASPACE' ) );
#1506 = CARTESIAN_POINT ( 'NONE',  ( -7.100000000000002309, 1.900000000000000577, 1.770000000000001572 ) ) ;
#1507 =( NAMED_UNIT ( * ) PLANE_ANGLE_UNIT ( ) SI_UNIT ( $, .RADIAN. ) );
#1508 = VERTEX_POINT ( 'NONE', #1903 ) ;
#1509 =( NAMED_UNIT ( * ) PLANE_ANGLE_UNIT ( ) SI_UNIT ( $, .RADIAN. ) );
#1510 = EDGE_CURVE ( 'NONE', #4013, #1695, #3150, .T. ) ;
#1511 = VERTEX_POINT ( 'NONE', #3673 ) ;
#1512 = CARTESIAN_POINT ( 'NONE',  ( 1.249999999999997558, -3.299999999999999822, 0.9999999999999981126 ) ) ;
#1513 = CIRCLE ( 'NONE', #2734, 0.3499999999999989786 ) ;
#1514 = VECTOR ( 'NONE', #3275, 1000.000000000000000 ) ;
#1515 = ORIENTED_EDGE ( 'NONE', *, *, #4940, .F. ) ;
#1516 = MECHANICAL_DESIGN_GEOMETRIC_PRESENTATION_REPRESENTATION (  '', ( #4547 ), #5491 ) ;
#1517 = CIRCLE ( 'NONE', #3506, 0.1999999999999999833 ) ;
#1518 = PLANE ( 'NONE',  #3998 ) ;
#1519 = SURFACE_SIDE_STYLE ('',( #3663 ) ) ;
#1520 = VECTOR ( 'NONE', #273, 1000.000000000000000 ) ;
#1521 = DIRECTION ( 'NONE',  ( -0.000000000000000000, -1.000000000000000000, -0.000000000000000000 ) ) ;
#1522 = EDGE_CURVE ( 'NONE', #5731, #38, #1729, .T. ) ;
#1523 = ORIENTED_EDGE ( 'NONE', *, *, #1348, .T. ) ;
#1524 = COLOUR_RGB ( '',1.000000000000000000, 1.000000000000000000, 1.000000000000000000 ) ;
#1525 = STYLED_ITEM ( 'NONE', ( #435 ), #2588 ) ;
#1526 = MANIFOLD_SOLID_BREP ( 'Mirror1', #4927 ) ;
#1527 = CARTESIAN_POINT ( 'NONE',  ( -2.049999999999999822, 1.900000000000000577, 1.770000000000001572 ) ) ;
#1528 = CARTESIAN_POINT ( 'NONE',  ( 0.000000000000000000, -3.500000000000000000, 0.000000000000000000 ) ) ;
#1529 = EDGE_CURVE ( 'NONE', #3108, #287, #5226, .T. ) ;
#1530 = CIRCLE ( 'NONE', #4856, 0.1499999999999988842 ) ;
#1531 = AXIS2_PLACEMENT_3D ( 'NONE', #1286, #5375, #5821 ) ;
#1532 = VECTOR ( 'NONE', #5131, 1000.000000000000000 ) ;
#1533 = CARTESIAN_POINT ( 'NONE',  ( 6.474073136803482065, -0.5999999999999998668, 0.3811297164745633959 ) ) ;
#1534 =( GEOMETRIC_REPRESENTATION_CONTEXT ( 3 ) GLOBAL_UNCERTAINTY_ASSIGNED_CONTEXT ( ( #3009 ) ) GLOBAL_UNIT_ASSIGNED_CONTEXT ( ( #4043, #5374, #4926 ) ) REPRESENTATION_CONTEXT ( 'NONE', 'WORKASPACE' ) );
#1535 = EDGE_LOOP ( 'NONE', ( #588, #2365, #3669, #3153 ) ) ;
#1536 = FACE_OUTER_BOUND ( 'NONE', #1287, .T. ) ;
#1537 = ORIENTED_EDGE ( 'NONE', *, *, #5584, .T. ) ;
#1538 = VERTEX_POINT ( 'NONE', #1412 ) ;
#1539 = FACE_OUTER_BOUND ( 'NONE', #2172, .T. ) ;
#1540 = AXIS2_PLACEMENT_3D ( 'NONE', #5313, #5390, #5367 ) ;
#1541 = DIRECTION ( 'NONE',  ( -0.7071067811865493491, -0.000000000000000000, 0.7071067811865456854 ) ) ;
#1542 = MANIFOLD_SOLID_BREP ( 'LPattern1[4]', #4841 ) ;
#1543 = DIRECTION ( 'NONE',  ( 0.000000000000000000, 1.000000000000000000, 0.000000000000000000 ) ) ;
#1544 = AXIS2_PLACEMENT_3D ( 'NONE', #4183, #4207, #4567 ) ;
#1545 = SURFACE_STYLE_FILL_AREA ( #5198 ) ;
#1546 = CYLINDRICAL_SURFACE ( 'NONE', #2846, 0.3499999999999989786 ) ;
#1547 = VERTEX_POINT ( 'NONE', #686 ) ;
#1548 = PRESENTATION_LAYER_ASSIGNMENT (  '', '', ( #4871 ) ) ;
#1549 = DIRECTION ( 'NONE',  ( 0.000000000000000000, 0.000000000000000000, -1.000000000000000000 ) ) ;
#1550 = ORIENTED_EDGE ( 'NONE', *, *, #3649, .T. ) ;
#1551 = ORIENTED_EDGE ( 'NONE', *, *, #4245, .T. ) ;
#1552 = EDGE_LOOP ( 'NONE', ( #1424, #3419, #1333, #3653, #5550, #620, #1305, #4650 ) ) ;
#1553 = EDGE_CURVE ( 'NONE', #3192, #536, #1164, .T. ) ;
#1554 = CARTESIAN_POINT ( 'NONE',  ( -3.750000000000002220, 5.200000000000001066, 0.5000000000000002220 ) ) ;
#1555 = LINE ( 'NONE', #62, #5455 ) ;
#1556 = CARTESIAN_POINT ( 'NONE',  ( 7.999999999999996447, 1.000000000000000000, 0.2699999999999973532 ) ) ;
#1557 = ORIENTED_EDGE ( 'NONE', *, *, #4743, .T. ) ;
#1558 = DIRECTION ( 'NONE',  ( 0.000000000000000000, -1.000000000000000000, 0.000000000000000000 ) ) ;
#1559 = COLOUR_RGB ( '',1.000000000000000000, 1.000000000000000000, 1.000000000000000000 ) ;
#1560 = CARTESIAN_POINT ( 'NONE',  ( -3.750000000000001776, 1.900000000000000577, 0.3000000000000002109 ) ) ;
#1561 = ADVANCED_FACE ( 'NONE', ( #5669 ), #3437, .T. ) ;
#1562 = SURFACE_STYLE_USAGE ( .BOTH. , #5680 ) ;
#1563 = VECTOR ( 'NONE', #4060, 1000.000000000000000 ) ;
#1564 = DIRECTION ( 'NONE',  ( 0.000000000000000000, 0.000000000000000000, -1.000000000000000000 ) ) ;
#1565 = CARTESIAN_POINT ( 'NONE',  ( -6.608335730828128085, -0.6221194318499316811, 0.3924154122150999013 ) ) ;
#1566 = AXIS2_PLACEMENT_3D ( 'NONE', #4440, #3075, #4831 ) ;
#1567 = ADVANCED_FACE ( 'NONE', ( #1195 ), #5168, .F. ) ;
#1568 = FACE_OUTER_BOUND ( 'NONE', #5126, .T. ) ;
#1569 = ORIENTED_EDGE ( 'NONE', *, *, #2183, .F. ) ;
#1570 =( LENGTH_UNIT ( ) NAMED_UNIT ( * ) SI_UNIT ( .MILLI., .METRE. ) );
#1571 = SURFACE_STYLE_USAGE ( .BOTH. , #3348 ) ;
#1572 = VECTOR ( 'NONE', #1675, 1000.000000000000000 ) ;
#1573 = ORIENTED_EDGE ( 'NONE', *, *, #1390, .F. ) ;
#1574 =( LENGTH_UNIT ( ) NAMED_UNIT ( * ) SI_UNIT ( .MILLI., .METRE. ) );
#1575 = VERTEX_POINT ( 'NONE', #3862 ) ;
#1576 =( NAMED_UNIT ( * ) SI_UNIT ( $, .STERADIAN. ) SOLID_ANGLE_UNIT ( ) );
#1577 = DIRECTION ( 'NONE',  ( 0.000000000000000000, 1.000000000000000000, 0.000000000000000000 ) ) ;
#1578 = FILL_AREA_STYLE_COLOUR ( '', #5141 ) ;
#1579 = CARTESIAN_POINT ( 'NONE',  ( 0.000000000000000000, 5.400000000000000355, 0.000000000000000000 ) ) ;
#1580 = DIRECTION ( 'NONE',  ( 0.000000000000000000, 0.000000000000000000, 1.000000000000000000 ) ) ;
#1581 = CARTESIAN_POINT ( 'NONE',  ( -8.700000000000002842, 5.900000000000000355, -1.730000000000007088 ) ) ;
#1582 = VERTEX_POINT ( 'NONE', #5727 ) ;
#1583 = SURFACE_STYLE_FILL_AREA ( #3867 ) ;
#1584 = VECTOR ( 'NONE', #3857, 999.9999999999998863 ) ;
#1585 = EDGE_LOOP ( 'NONE', ( #262, #5012, #396, #5479, #2630, #1959, #2381, #964, #3930 ) ) ;
#1586 = COLOUR_RGB ( '',1.000000000000000000, 1.000000000000000000, 1.000000000000000000 ) ;
#1587 = SURFACE_STYLE_FILL_AREA ( #2440 ) ;
#1588 = PLANE ( 'NONE',  #3810 ) ;
#1589 = SURFACE_STYLE_FILL_AREA ( #3775 ) ;
#1590 = ADVANCED_FACE ( 'NONE', ( #5290 ), #2366, .F. ) ;
#1591 =( NAMED_UNIT ( * ) SI_UNIT ( $, .STERADIAN. ) SOLID_ANGLE_UNIT ( ) );
#1592 = FILL_AREA_STYLE_COLOUR ( '', #3224 ) ;
#1593 = ORIENTED_EDGE ( 'NONE', *, *, #1522, .F. ) ;
#1594 = EDGE_CURVE ( 'NONE', #460, #1698, #695, .T. ) ;
#1595 = PRODUCT_RELATED_PRODUCT_CATEGORY ( 'part', '', ( #626 ) ) ;
#1596 = ORIENTED_EDGE ( 'NONE', *, *, #2666, .F. ) ;
#1597 = SURFACE_SIDE_STYLE ('',( #217 ) ) ;
#1598 = ORIENTED_EDGE ( 'NONE', *, *, #3898, .F. ) ;
#1599 = DIRECTION ( 'NONE',  ( -0.000000000000000000, 1.000000000000000000, -0.000000000000000000 ) ) ;
#1600 = ORIENTED_EDGE ( 'NONE', *, *, #1772, .F. ) ;
#1601 = ORIENTED_EDGE ( 'NONE', *, *, #1439, .F. ) ;
#1602 =( NAMED_UNIT ( * ) PLANE_ANGLE_UNIT ( ) SI_UNIT ( $, .RADIAN. ) );
#1603 = ADVANCED_FACE ( 'NONE', ( #5460 ), #3285, .F. ) ;
#1604 = MANIFOLD_SOLID_BREP ( 'Cut-Extrude7', #3989 ) ;
#1605 = PRESENTATION_STYLE_ASSIGNMENT (( #5196 ) ) ;
#1606 = SURFACE_SIDE_STYLE ('',( #4163 ) ) ;
#1607 = DIRECTION ( 'NONE',  ( 0.000000000000000000, 1.000000000000000000, 0.000000000000000000 ) ) ;
#1608 = CARTESIAN_POINT ( 'NONE',  ( 6.250000000000001776, -3.299999999999999822, 0.7999999999999979350 ) ) ;
#1609 = ORIENTED_EDGE ( 'NONE', *, *, #5338, .T. ) ;
#1610 = PRESENTATION_STYLE_ASSIGNMENT (( #2527 ) ) ;
#1611 = ADVANCED_FACE ( 'NONE', ( #1539 ), #4482, .T. ) ;
#1612 = ORIENTED_EDGE ( 'NONE', *, *, #1934, .T. ) ;
#1613 = ORIENTED_EDGE ( 'NONE', *, *, #4061, .F. ) ;
#1614 = UNCERTAINTY_MEASURE_WITH_UNIT (LENGTH_MEASURE( 1.000000000000000082E-05 ), #5666, 'distance_accuracy_value', 'NONE');
#1615 = CARTESIAN_POINT ( 'NONE',  ( 5.869856958013280668, -0.7293849265132109627, 0.7840470467656730502 ) ) ;
#1616 = AXIS2_PLACEMENT_3D ( 'NONE', #3581, #4979, #3136 ) ;
#1617 =( LENGTH_UNIT ( ) NAMED_UNIT ( * ) SI_UNIT ( .MILLI., .METRE. ) );
#1618 = FILL_AREA_STYLE ('',( #2509 ) ) ;
#1619 = DIRECTION ( 'NONE',  ( 0.000000000000000000, 1.000000000000000000, 0.000000000000000000 ) ) ;
#1620 =( LENGTH_UNIT ( ) NAMED_UNIT ( * ) SI_UNIT ( .MILLI., .METRE. ) );
#1621 = VECTOR ( 'NONE', #2706, 1000.000000000000000 ) ;
#1622 =( NAMED_UNIT ( * ) PLANE_ANGLE_UNIT ( ) SI_UNIT ( $, .RADIAN. ) );
#1623 = AXIS2_PLACEMENT_3D ( 'NONE', #3606, #3447, #5421 ) ;
#1624 = DIRECTION ( 'NONE',  ( -0.000000000000000000, 1.000000000000000000, -0.000000000000000000 ) ) ;
#1625 = FACE_OUTER_BOUND ( 'NONE', #1503, .T. ) ;
#1626 = VECTOR ( 'NONE', #1037, 1000.000000000000000 ) ;
#1627 = ADVANCED_FACE ( 'NONE', ( #4722 ), #2525, .F. ) ;
#1628 = DIRECTION ( 'NONE',  ( 0.000000000000000000, 0.000000000000000000, 1.000000000000000000 ) ) ;
#1629 = FACE_OUTER_BOUND ( 'NONE', #2663, .T. ) ;
#1630 = AXIS2_PLACEMENT_3D ( 'NONE', #698, #4853, #5653 ) ;
#1631 = CARTESIAN_POINT ( 'NONE',  ( -6.250000000000001776, -7.989949493661161917, 0.3000000000000002109 ) ) ;
#1632 = ORIENTED_EDGE ( 'NONE', *, *, #3498, .F. ) ;
#1633 = MECHANICAL_DESIGN_GEOMETRIC_PRESENTATION_REPRESENTATION (  '', ( #4186 ), #3138 ) ;
#1634 = ORIENTED_EDGE ( 'NONE', *, *, #1892, .T. ) ;
#1635 =( NAMED_UNIT ( * ) SI_UNIT ( $, .STERADIAN. ) SOLID_ANGLE_UNIT ( ) );
#1636 = CARTESIAN_POINT ( 'NONE',  ( -8.700000000000002842, 5.900000000000000355, -1.730000000000007088 ) ) ;
#1637 = CARTESIAN_POINT ( 'NONE',  ( -7.100000000000002309, 1.900000000000000577, 1.770000000000001572 ) ) ;
#1638 = TOROIDAL_SURFACE ( 'NONE', #1343, 0.1499999999999989120, 0.2000000000000000111 ) ;
#1639 = PRESENTATION_STYLE_ASSIGNMENT (( #3893 ) ) ;
#1640 = EDGE_CURVE ( 'NONE', #3558, #5459, #5249, .T. ) ;
#1641 = ORIENTED_EDGE ( 'NONE', *, *, #2905, .T. ) ;
#1642 = DIRECTION ( 'NONE',  ( 0.000000000000000000, 1.000000000000000000, 0.000000000000000000 ) ) ;
#1643 = PRESENTATION_LAYER_ASSIGNMENT (  '', '', ( #868 ) ) ;
#1644 = ORIENTED_EDGE ( 'NONE', *, *, #2129, .T. ) ;
#1645 = ORIENTED_EDGE ( 'NONE', *, *, #1096, .F. ) ;
#1646 = ADVANCED_FACE ( 'NONE', ( #3442 ), #740, .F. ) ;
#1647 = AXIS2_PLACEMENT_3D ( 'NONE', #3132, #3470, #4915 ) ;
#1648 = DIRECTION ( 'NONE',  ( 0.000000000000000000, -0.000000000000000000, 1.000000000000000000 ) ) ;
#1649 = SURFACE_STYLE_FILL_AREA ( #5176 ) ;
#1650 = FILL_AREA_STYLE_COLOUR ( '', #225 ) ;
#1651 = LINE ( 'NONE', #4854, #863 ) ;
#1652 = VERTEX_POINT ( 'NONE', #5638 ) ;
#1653 = DIRECTION ( 'NONE',  ( 0.000000000000000000, 0.000000000000000000, 1.000000000000000000 ) ) ;
#1654 = DIRECTION ( 'NONE',  ( 1.000000000000000000, -0.000000000000000000, -1.084202172485504434E-16 ) ) ;
#1655 = UNCERTAINTY_MEASURE_WITH_UNIT (LENGTH_MEASURE( 1.000000000000000082E-05 ), #2404, 'distance_accuracy_value', 'NONE');
#1656 = AXIS2_PLACEMENT_3D ( 'NONE', #1947, #2948, #2856 ) ;
#1657 =( NAMED_UNIT ( * ) PLANE_ANGLE_UNIT ( ) SI_UNIT ( $, .RADIAN. ) );
#1658 = FACE_OUTER_BOUND ( 'NONE', #5806, .T. ) ;
#1659 = CARTESIAN_POINT ( 'NONE',  ( -6.250000000000001776, -3.500000000000000000, 0.7999999999999979350 ) ) ;
#1660 = VERTEX_POINT ( 'NONE', #2114 ) ;
#1661 = CARTESIAN_POINT ( 'NONE',  ( -6.250000000000001776, -0.5999999999999998668, 0.6499999999999991340 ) ) ;
#1662 = TOROIDAL_SURFACE ( 'NONE', #4970, 0.1499999999999989120, 0.2000000000000000111 ) ;
#1663 = CARTESIAN_POINT ( 'NONE',  ( -3.750000000000001776, 0.000000000000000000, 0.6499999999999991340 ) ) ;
#1664 = EDGE_CURVE ( 'NONE', #746, #5647, #1500, .T. ) ;
#1665 =( LENGTH_UNIT ( ) NAMED_UNIT ( * ) SI_UNIT ( .MILLI., .METRE. ) );
#1666 = PRESENTATION_LAYER_ASSIGNMENT (  '', '', ( #3173 ) ) ;
#1667 = FACE_BOUND ( 'NONE', #4441, .T. ) ;
#1668 = ORIENTED_EDGE ( 'NONE', *, *, #1392, .T. ) ;
#1669 =( NAMED_UNIT ( * ) SI_UNIT ( $, .STERADIAN. ) SOLID_ANGLE_UNIT ( ) );
#1670 = EDGE_CURVE ( 'NONE', #3243, #5562, #5515, .T. ) ;
#1671 = ORIENTED_EDGE ( 'NONE', *, *, #5828, .T. ) ;
#1672 = ORIENTED_EDGE ( 'NONE', *, *, #4467, .T. ) ;
#1673 = FACE_OUTER_BOUND ( 'NONE', #2814, .T. ) ;
#1674 = PRESENTATION_LAYER_ASSIGNMENT (  '', '', ( #266 ) ) ;
#1675 = DIRECTION ( 'NONE',  ( -1.000000000000000000, 0.000000000000000000, -2.710505431213760469E-17 ) ) ;
#1676 = DIRECTION ( 'NONE',  ( 0.000000000000000000, 1.000000000000000000, 0.000000000000000000 ) ) ;
#1677 = FACE_OUTER_BOUND ( 'NONE', #4821, .T. ) ;
#1678 = EDGE_CURVE ( 'NONE', #830, #5067, #1927, .T. ) ;
#1679 = VECTOR ( 'NONE', #2683, 1000.000000000000000 ) ;
#1680 = DIRECTION ( 'NONE',  ( 0.000000000000000000, -0.000000000000000000, -1.000000000000000000 ) ) ;
#1681 = CARTESIAN_POINT ( 'NONE',  ( 5.887713296533702234, -2.153995607894464204, 0.4506248454459381159 ) ) ;
#1682 = FACE_OUTER_BOUND ( 'NONE', #2454, .T. ) ;
#1683 = EDGE_CURVE ( 'NONE', #139, #1805, #5834, .T. ) ;
#1684 = CARTESIAN_POINT ( 'NONE',  ( 8.000000000000001776, 1.900000000000000577, 0.8700000000000014388 ) ) ;
#1685 = ORIENTED_EDGE ( 'NONE', *, *, #3777, .F. ) ;
#1686 = CARTESIAN_POINT ( 'NONE',  ( 8.000000000000003553, 5.400000000000000355, -0.4300000000000061551 ) ) ;
#1687 = ORIENTED_EDGE ( 'NONE', *, *, #4654, .T. ) ;
#1688 = DIRECTION ( 'NONE',  ( -0.000000000000000000, 1.000000000000000000, -0.000000000000000000 ) ) ;
#1689 = CARTESIAN_POINT ( 'NONE',  ( -7.100000000000002309, 1.900000000000000577, 1.770000000000001572 ) ) ;
#1690 = CARTESIAN_POINT ( 'NONE',  ( 7.100000000000002309, 5.900000000000000355, 1.770000000000001572 ) ) ;
#1691 = CARTESIAN_POINT ( 'NONE',  ( -5.882743583160897849, -0.6679471413039678174, 0.7111344978470075517 ) ) ;
#1692 =( NAMED_UNIT ( * ) SI_UNIT ( $, .STERADIAN. ) SOLID_ANGLE_UNIT ( ) );
#1693 = EDGE_LOOP ( 'NONE', ( #5825, #624, #3343, #915, #4877, #5648 ) ) ;
#1694 =( NAMED_UNIT ( * ) PLANE_ANGLE_UNIT ( ) SI_UNIT ( $, .RADIAN. ) );
#1695 = VERTEX_POINT ( 'NONE', #5389 ) ;
#1696 = EDGE_CURVE ( 'NONE', #5539, #292, #5776, .T. ) ;
#1697 = SURFACE_SIDE_STYLE ('',( #4430 ) ) ;
#1698 = VERTEX_POINT ( 'NONE', #2219 ) ;
#1699 = CARTESIAN_POINT ( 'NONE',  ( 6.621467519489754316, -2.113255430793058665, 0.4249999999999991007 ) ) ;
#1700 = CARTESIAN_POINT ( 'NONE',  ( -6.608335730828128085, -0.6221194318499316811, 0.9075845877848983667 ) ) ;
#1701 = DIRECTION ( 'NONE',  ( -0.000000000000000000, -1.000000000000000000, -0.000000000000000000 ) ) ;
#1702 = CARTESIAN_POINT ( 'NONE',  ( -5.887713296452492528, -2.153995607404395329, 0.8493751533599084302 ) ) ;
#1703 = AXIS2_PLACEMENT_3D ( 'NONE', #3661, #3686, #1791 ) ;
#1704 = CIRCLE ( 'NONE', #3888, 0.1999999999999999833 ) ;
#1705 = FILL_AREA_STYLE ('',( #4491 ) ) ;
#1706 = ADVANCED_FACE ( 'NONE', ( #769 ), #5311, .F. ) ;
#1707 = VECTOR ( 'NONE', #2158, 1000.000000000000000 ) ;
#1708 = DIRECTION ( 'NONE',  ( 0.000000000000000000, -1.000000000000000000, 0.000000000000000000 ) ) ;
#1709 = FILL_AREA_STYLE_COLOUR ( '', #4461 ) ;
#1710 = AXIS2_PLACEMENT_3D ( 'NONE', #2680, #2730, #5000 ) ;
#1711 = CIRCLE ( 'NONE', #4548, 0.1499999999999988842 ) ;
#1712 = EDGE_CURVE ( 'NONE', #512, #139, #2168, .T. ) ;
#1713 =( NAMED_UNIT ( * ) SI_UNIT ( $, .STERADIAN. ) SOLID_ANGLE_UNIT ( ) );
#1714 = VERTEX_POINT ( 'NONE', #5808 ) ;
#1715 = DIRECTION ( 'NONE',  ( 0.000000000000000000, -1.000000000000000000, 0.000000000000000000 ) ) ;
#1716 = FILL_AREA_STYLE ('',( #2577 ) ) ;
#1717 = DIRECTION ( 'NONE',  ( -0.000000000000000000, 1.000000000000000000, -0.000000000000000000 ) ) ;
#1718 = VECTOR ( 'NONE', #1541, 1000.000000000000000 ) ;
#1719 = COLOUR_RGB ( '',1.000000000000000000, 1.000000000000000000, 1.000000000000000000 ) ;
#1720 = VECTOR ( 'NONE', #2852, 1000.000000000000000 ) ;
#1721 = CARTESIAN_POINT ( 'NONE',  ( 8.699999999999995737, 5.900000000000000355, 2.449999999999999734 ) ) ;
#1722 = DIRECTION ( 'NONE',  ( 0.000000000000000000, 1.000000000000000000, 0.000000000000000000 ) ) ;
#1723 = ORIENTED_EDGE ( 'NONE', *, *, #4763, .T. ) ;
#1724 = CARTESIAN_POINT ( 'NONE',  ( 6.700000000000001954, -1.399999999999999689, 0.4249999999999991007 ) ) ;
#1725 = PRESENTATION_LAYER_ASSIGNMENT (  '', '', ( #1054 ) ) ;
#1726 = VERTEX_POINT ( 'NONE', #3577 ) ;
#1727 = LINE ( 'NONE', #427, #1992 ) ;
#1728 = CARTESIAN_POINT ( 'NONE',  ( -1.250000000000001998, 5.200000000000001066, 0.6499999999999991340 ) ) ;
#1729 = CIRCLE ( 'NONE', #1433, 0.3499999999999987566 ) ;
#1730 = LINE ( 'NONE', #2178, #5456 ) ;
#1731 = AXIS2_PLACEMENT_3D ( 'NONE', #5344, #3134, #2169 ) ;
#1732 = ADVANCED_FACE ( 'NONE', ( #5366 ), #41, .T. ) ;
#1733 = EDGE_LOOP ( 'NONE', ( #3319, #2053, #4599, #1303 ) ) ;
#1734 = AXIS2_PLACEMENT_3D ( 'NONE', #3384, #2903, #4270 ) ;
#1735 = CARTESIAN_POINT ( 'NONE',  ( 5.980707621213483094, -0.6000001126173690746, 0.8811856441508369997 ) ) ;
#1736 = CARTESIAN_POINT ( 'NONE',  ( 5.900000000000002132, -2.199999999999999734, 0.6499999999999991340 ) ) ;
#1737 = AXIS2_PLACEMENT_3D ( 'NONE', #5810, #2633, #332 ) ;
#1738 = CARTESIAN_POINT ( 'NONE',  ( -6.608335730828128085, -2.177880568150067475, 0.3924154122150996793 ) ) ;
#1739 = PLANE ( 'NONE',  #3218 ) ;
#1740 = EDGE_CURVE ( 'NONE', #196, #1391, #5805, .T. ) ;
#1741 = CARTESIAN_POINT ( 'NONE',  ( -8.000000000000003553, 1.000000000000000000, -1.449999999999997291 ) ) ;
#1742 =( NAMED_UNIT ( * ) PLANE_ANGLE_UNIT ( ) SI_UNIT ( $, .RADIAN. ) );
#1743 = VERTEX_POINT ( 'NONE', #420 ) ;
#1744 = CARTESIAN_POINT ( 'NONE',  ( -5.450000000000002842, 5.400000000000000355, 1.770000000000001572 ) ) ;
#1745 = DIRECTION ( 'NONE',  ( -0.000000000000000000, 1.000000000000000000, -0.000000000000000000 ) ) ;
#1746 = CARTESIAN_POINT ( 'NONE',  ( 3.749999999999998224, -7.989949493661161917, 0.6499999999999991340 ) ) ;
#1747 = DIRECTION ( 'NONE',  ( 1.000000000000000000, 0.000000000000000000, 0.000000000000000000 ) ) ;
#1748 = EDGE_CURVE ( 'NONE', #906, #1063, #4032, .T. ) ;
#1749 = CIRCLE ( 'NONE', #3358, 0.3499999999999989231 ) ;
#1750 = DIRECTION ( 'NONE',  ( 7.434529182757767680E-15, 0.000000000000000000, -1.000000000000000000 ) ) ;
#1751 = B_SPLINE_CURVE_WITH_KNOTS ( 'NONE', 3,
 ( #5245, #4347, #2978, #293 ),
 .UNSPECIFIED., .F., .F.,
 ( 4, 4 ),
 ( -2.913817343146791946E-06, 0.0002761349558053516774 ),
 .UNSPECIFIED. ) ;
#1752 = DIRECTION ( 'NONE',  ( -0.000000000000000000, 1.000000000000000000, -0.000000000000000000 ) ) ;
#1753 = VECTOR ( 'NONE', #1302, 1000.000000000000000 ) ;
#1754 = B_SPLINE_CURVE_WITH_KNOTS ( 'NONE', 3,
 ( #3962, #4409, #4986, #910, #881, #4062 ),
 .UNSPECIFIED., .F., .F.,
 ( 4, 2, 4 ),
 ( 5.421010862427522170E-20, 0.0001400384557297713200, 0.0002800769114595425859 ),
 .UNSPECIFIED. ) ;
#1755 = ORIENTED_EDGE ( 'NONE', *, *, #132, .F. ) ;
#1756 = ORIENTED_EDGE ( 'NONE', *, *, #717, .T. ) ;
#1757 = AXIS2_PLACEMENT_3D ( 'NONE', #4204, #1089, #5254 ) ;
#1758 = CARTESIAN_POINT ( 'NONE',  ( 6.634751733198990920, -0.7520367310672358974, 0.8749999999999990008 ) ) ;
#1759 = ORIENTED_EDGE ( 'NONE', *, *, #3756, .T. ) ;
#1760 = LINE ( 'NONE', #4907, #2151 ) ;
#1761 = VERTEX_POINT ( 'NONE', #5724 ) ;
#1762 = AXIS2_PLACEMENT_3D ( 'NONE', #197, #656, #4425 ) ;
#1763 =( LENGTH_UNIT ( ) NAMED_UNIT ( * ) SI_UNIT ( .MILLI., .METRE. ) );
#1764 = EDGE_CURVE ( 'NONE', #292, #5441, #1351, .T. ) ;
#1765 = CARTESIAN_POINT ( 'NONE',  ( -8.000000000000003553, 1.000000000000000000, -1.449999999999997291 ) ) ;
#1766 = PRESENTATION_STYLE_ASSIGNMENT (( #3512 ) ) ;
#1767 = AXIS2_PLACEMENT_3D ( 'NONE', #5748, #1241, #1216 ) ;
#1768 = LINE ( 'NONE', #4520, #1889 ) ;
#1769 = VECTOR ( 'NONE', #1049, 1000.000000000000000 ) ;
#1770 = CARTESIAN_POINT ( 'NONE',  ( 6.600000000000001421, -2.199999999999999734, 0.8749999999999990008 ) ) ;
#1771 = DIRECTION ( 'NONE',  ( 0.000000000000000000, -0.7071067811865472397, -0.7071067811865479058 ) ) ;
#1772 = EDGE_CURVE ( 'NONE', #4855, #142, #1824, .T. ) ;
#1773 = PLANE ( 'NONE',  #2997 ) ;
#1774 = CARTESIAN_POINT ( 'NONE',  ( 7.999999999999996447, 1.000000000000000000, -1.449999999999999067 ) ) ;
#1775 = SURFACE_STYLE_USAGE ( .BOTH. , #4034 ) ;
#1776 =( LENGTH_UNIT ( ) NAMED_UNIT ( * ) SI_UNIT ( .MILLI., .METRE. ) );
#1777 = CARTESIAN_POINT ( 'NONE',  ( 5.981904867630913003, -0.5999999999999998668, 0.4249999999999991562 ) ) ;
#1778 = CARTESIAN_POINT ( 'NONE',  ( -5.872019881077293668, -0.7190586069547538761, 0.5124949583321547486 ) ) ;
#1779 = CARTESIAN_POINT ( 'NONE',  ( -5.900000000000001243, -0.5999999999999999778, 0.6499999999999991340 ) ) ;
#1780 = EDGE_CURVE ( 'NONE', #718, #186, #4075, .T. ) ;
#1781 = ORIENTED_EDGE ( 'NONE', *, *, #3483, .F. ) ;
#1782 = ORIENTED_EDGE ( 'NONE', *, *, #3461, .T. ) ;
#1783 = CARTESIAN_POINT ( 'NONE',  ( 1.249999999999997558, 5.400000000000000355, 0.5000000000000002220 ) ) ;
#1784 = EDGE_CURVE ( 'NONE', #5595, #1199, #5845, .T. ) ;
#1785 = EDGE_LOOP ( 'NONE', ( #1756, #5139 ) ) ;
#1786 = DIRECTION ( 'NONE',  ( 0.000000000000000000, 0.000000000000000000, -1.000000000000000000 ) ) ;
#1787 = UNCERTAINTY_MEASURE_WITH_UNIT (LENGTH_MEASURE( 1.000000000000000082E-05 ), #4726, 'distance_accuracy_value', 'NONE');
#1788 = SURFACE_SIDE_STYLE ('',( #488 ) ) ;
#1789 = CARTESIAN_POINT ( 'NONE',  ( 7.999999999999996447, 0.1000000000000000056, -0.5999999999999982014 ) ) ;
#1790 = LINE ( 'NONE', #520, #3059 ) ;
#1791 = DIRECTION ( 'NONE',  ( 0.000000000000000000, 0.000000000000000000, 1.000000000000000000 ) ) ;
#1792 = CIRCLE ( 'NONE', #3412, 0.3499999999999989786 ) ;
#1793 = AXIS2_PLACEMENT_3D ( 'NONE', #1143, #1078, #2890 ) ;
#1794 = CARTESIAN_POINT ( 'NONE',  ( -8.700000000000002842, 0.000000000000000000, 1.599999999999999867 ) ) ;
#1795 =( LENGTH_UNIT ( ) NAMED_UNIT ( * ) SI_UNIT ( .MILLI., .METRE. ) );
#1796 = SURFACE_STYLE_FILL_AREA ( #4523 ) ;
#1797 = CARTESIAN_POINT ( 'NONE',  ( -4.549999999999998934, 5.400000000000000355, 1.770000000000001794 ) ) ;
#1798 = AXIS2_PLACEMENT_3D ( 'NONE', #379, #2187, #277 ) ;
#1799 = STYLED_ITEM ( 'NONE', ( #2585 ), #2079 ) ;
#1800 = EDGE_CURVE ( 'NONE', #4868, #4097, #4494, .T. ) ;
#1801 = CARTESIAN_POINT ( 'NONE',  ( -5.882544144188225133, -2.131267567741123248, 0.5881152952575275927 ) ) ;
#1802 = DIRECTION ( 'NONE',  ( 0.000000000000000000, 1.000000000000000000, 0.000000000000000000 ) ) ;
#1803 = VECTOR ( 'NONE', #3494, 1000.000000000000000 ) ;
#1804 = FILL_AREA_STYLE ('',( #3642 ) ) ;
#1805 = VERTEX_POINT ( 'NONE', #5416 ) ;
#1806 = PRESENTATION_LAYER_ASSIGNMENT (  '', '', ( #5586 ) ) ;
#1807 =( LENGTH_UNIT ( ) NAMED_UNIT ( * ) SI_UNIT ( .MILLI., .METRE. ) );
#1808 = DIRECTION ( 'NONE',  ( 0.000000000000000000, 1.000000000000000000, 0.000000000000000000 ) ) ;
#1809 = ORIENTED_EDGE ( 'NONE', *, *, #4420, .T. ) ;
#1810 = MECHANICAL_DESIGN_GEOMETRIC_PRESENTATION_REPRESENTATION (  '', ( #23 ), #309 ) ;
#1811 = EDGE_CURVE ( 'NONE', #1575, #4021, #1790, .T. ) ;
#1812 = B_SPLINE_CURVE_WITH_KNOTS ( 'NONE', 3,
 ( #461, #2213, #4549, #4519 ),
 .UNSPECIFIED., .F., .F.,
 ( 4, 4 ),
 ( 2.168404344971008868E-19, 0.0001969568602535456199 ),
 .UNSPECIFIED. ) ;
#1813 = AXIS2_PLACEMENT_3D ( 'NONE', #4723, #1161, #2526 ) ;
#1814 = CARTESIAN_POINT ( 'NONE',  ( 5.922478749301400391, -2.169873179672530128, 0.8749999999999987788 ) ) ;
#1815 = ORIENTED_EDGE ( 'NONE', *, *, #833, .T. ) ;
#1816 = VECTOR ( 'NONE', #888, 1000.000000000000000 ) ;
#1817 = DIRECTION ( 'NONE',  ( -0.000000000000000000, 1.000000000000000000, -0.000000000000000000 ) ) ;
#1818 = COLOUR_RGB ( '',1.000000000000000000, 1.000000000000000000, 1.000000000000000000 ) ;
#1819 = AXIS2_PLACEMENT_3D ( 'NONE', #321, #2157, #2694 ) ;
#1820 = VERTEX_POINT ( 'NONE', #2763 ) ;
#1821 = EDGE_CURVE ( 'NONE', #527, #1743, #3602, .T. ) ;
#1822 = SURFACE_STYLE_USAGE ( .BOTH. , #4049 ) ;
#1823 = DIRECTION ( 'NONE',  ( 1.000000000000000000, 0.000000000000000000, 0.000000000000000000 ) ) ;
#1824 = LINE ( 'NONE', #4998, #2865 ) ;
#1825 = CARTESIAN_POINT ( 'NONE',  ( -8.700000000000002842, 4.899999999999999467, -0.4300000000000062106 ) ) ;
#1826 = DIRECTION ( 'NONE',  ( 0.000000000000000000, 0.000000000000000000, -1.000000000000000000 ) ) ;
#1827 = STYLED_ITEM ( 'NONE', ( #650 ), #1646 ) ;
#1828 = DIRECTION ( 'NONE',  ( -0.7071067811865462405, 0.000000000000000000, 0.7071067811865489050 ) ) ;
#1829 = LINE ( 'NONE', #3363, #4500 ) ;
#1830 = LINE ( 'NONE', #3639, #5282 ) ;
#1831 = B_SPLINE_CURVE_WITH_KNOTS ( 'NONE', 3,
 ( #1779, #1691, #3584, #5814 ),
 .UNSPECIFIED., .F., .F.,
 ( 4, 4 ),
 ( -2.913817343147705895E-06, 0.0002761349558053597004 ),
 .UNSPECIFIED. ) ;
#1832 = CARTESIAN_POINT ( 'NONE',  ( -6.250000000000001776, 0.000000000000000000, 0.6499999999999991340 ) ) ;
#1833 = ORIENTED_EDGE ( 'NONE', *, *, #376, .F. ) ;
#1834 = ORIENTED_EDGE ( 'NONE', *, *, #2666, .T. ) ;
#1835 = SURFACE_STYLE_USAGE ( .BOTH. , #5564 ) ;
#1836 =( NAMED_UNIT ( * ) PLANE_ANGLE_UNIT ( ) SI_UNIT ( $, .RADIAN. ) );
#1837 = EDGE_CURVE ( 'NONE', #3768, #38, #1812, .T. ) ;
#1838 =( GEOMETRIC_REPRESENTATION_CONTEXT ( 3 ) GLOBAL_UNCERTAINTY_ASSIGNED_CONTEXT ( ( #264 ) ) GLOBAL_UNIT_ASSIGNED_CONTEXT ( ( #5449, #2762, #2260 ) ) REPRESENTATION_CONTEXT ( 'NONE', 'WORKASPACE' ) );
#1839 = CARTESIAN_POINT ( 'NONE',  ( -8.700000000000002842, 0.1000000000000000056, 0.2699999999999994071 ) ) ;
#1840 = ORIENTED_EDGE ( 'NONE', *, *, #5112, .F. ) ;
#1841 =( NAMED_UNIT ( * ) SI_UNIT ( $, .STERADIAN. ) SOLID_ANGLE_UNIT ( ) );
#1842 = MECHANICAL_DESIGN_GEOMETRIC_PRESENTATION_REPRESENTATION (  '', ( #1457 ), #1194 ) ;
#1843 =( NAMED_UNIT ( * ) SI_UNIT ( $, .STERADIAN. ) SOLID_ANGLE_UNIT ( ) );
#1844 = ORIENTED_EDGE ( 'NONE', *, *, #3968, .T. ) ;
#1845 = DIRECTION ( 'NONE',  ( 0.7071067811865473507, 0.000000000000000000, -0.7071067811865477948 ) ) ;
#1846 = ADVANCED_FACE ( 'NONE', ( #492 ), #4139, .F. ) ;
#1847 = LINE ( 'NONE', #4962, #1816 ) ;
#1848 = AXIS2_PLACEMENT_3D ( 'NONE', #3489, #354, #327 ) ;
#1849 = ORIENTED_EDGE ( 'NONE', *, *, #1740, .T. ) ;
#1850 = UNCERTAINTY_MEASURE_WITH_UNIT (LENGTH_MEASURE( 1.000000000000000082E-05 ), #2991, 'distance_accuracy_value', 'NONE');
#1851 = SURFACE_STYLE_FILL_AREA ( #2884 ) ;
#1852 =( GEOMETRIC_REPRESENTATION_CONTEXT ( 3 ) GLOBAL_UNCERTAINTY_ASSIGNED_CONTEXT ( ( #3266 ) ) GLOBAL_UNIT_ASSIGNED_CONTEXT ( ( #4345, #1177, #2973 ) ) REPRESENTATION_CONTEXT ( 'NONE', 'WORKASPACE' ) );
#1853 = CARTESIAN_POINT ( 'NONE',  ( -5.878532046106205833, -0.6867467043110404568, 0.8749999999999987788 ) ) ;
#1854 = EDGE_CURVE ( 'NONE', #2941, #2774, #437, .T. ) ;
#1855 = FACE_BOUND ( 'NONE', #2033, .T. ) ;
#1856 = SURFACE_STYLE_USAGE ( .BOTH. , #5056 ) ;
#1857 = CARTESIAN_POINT ( 'NONE',  ( -5.865248266801011745, -0.7520367310672358974, 0.4249999999999991007 ) ) ;
#1858 = VECTOR ( 'NONE', #5048, 999.9999999999998863 ) ;
#1859 = DIRECTION ( 'NONE',  ( 0.000000000000000000, -1.000000000000000000, 0.000000000000000000 ) ) ;
#1860 = DIRECTION ( 'NONE',  ( 1.000000000000000000, 0.000000000000000000, 1.858632295689442709E-15 ) ) ;
#1861 = FACE_OUTER_BOUND ( 'NONE', #2980, .T. ) ;
#1862 = MECHANICAL_DESIGN_GEOMETRIC_PRESENTATION_REPRESENTATION (  '', ( #266 ), #2621 ) ;
#1863 = EDGE_CURVE ( 'NONE', #830, #4506, #3560, .T. ) ;
#1864 = SURFACE_STYLE_FILL_AREA ( #1890 ) ;
#1865 = AXIS2_PLACEMENT_3D ( 'NONE', #4867, #4833, #795 ) ;
#1866 = CARTESIAN_POINT ( 'NONE',  ( -5.000000000000000888, 1.900000000000000577, 1.320000000000001616 ) ) ;
#1867 = ORIENTED_EDGE ( 'NONE', *, *, #4679, .T. ) ;
#1868 = ORIENTED_EDGE ( 'NONE', *, *, #631, .F. ) ;
#1869 = DIRECTION ( 'NONE',  ( 0.000000000000000000, 0.000000000000000000, 1.000000000000000000 ) ) ;
#1870 = LINE ( 'NONE', #3671, #3816 ) ;
#1871 = EDGE_LOOP ( 'NONE', ( #4396, #1403, #2150, #4415, #1169 ) ) ;
#1872 = CARTESIAN_POINT ( 'NONE',  ( 7.480660171779826229, 5.900000000000000355, 2.449999999999999734 ) ) ;
#1873 = CARTESIAN_POINT ( 'NONE',  ( -8.700000000000002842, 4.899999999999999467, -0.4300000000000062106 ) ) ;
#1874 =( LENGTH_UNIT ( ) NAMED_UNIT ( * ) SI_UNIT ( .MILLI., .METRE. ) );
#1875 = ORIENTED_EDGE ( 'NONE', *, *, #531, .F. ) ;
#1876 = SURFACE_STYLE_FILL_AREA ( #3236 ) ;
#1877 = VERTEX_POINT ( 'NONE', #1283 ) ;
#1878 = ORIENTED_EDGE ( 'NONE', *, *, #4629, .T. ) ;
#1879 = EDGE_CURVE ( 'NONE', #512, #4963, #4123, .T. ) ;
#1880 = DIRECTION ( 'NONE',  ( 0.000000000000000000, 0.000000000000000000, 1.000000000000000000 ) ) ;
#1881 = LINE ( 'NONE', #3568, #2946 ) ;
#1882 = ORIENTED_EDGE ( 'NONE', *, *, #2355, .F. ) ;
#1883 = DIRECTION ( 'NONE',  ( 0.000000000000000000, -1.000000000000000000, 0.000000000000000000 ) ) ;
#1884 = DIRECTION ( 'NONE',  ( -0.000000000000000000, -1.000000000000000000, -0.000000000000000000 ) ) ;
#1885 = DIRECTION ( 'NONE',  ( 0.000000000000000000, 1.000000000000000000, 0.000000000000000000 ) ) ;
#1886 = ADVANCED_FACE ( 'NONE', ( #594 ), #2718, .F. ) ;
#1887 = DIRECTION ( 'NONE',  ( -0.000000000000000000, 1.000000000000000000, -0.000000000000000000 ) ) ;
#1888 = CARTESIAN_POINT ( 'NONE',  ( 6.250000000000001776, -0.5999999999999998668, 0.6499999999999991340 ) ) ;
#1889 = VECTOR ( 'NONE', #521, 1000.000000000000000 ) ;
#1890 = FILL_AREA_STYLE ('',( #2769 ) ) ;
#1891 =( GEOMETRIC_REPRESENTATION_CONTEXT ( 3 ) GLOBAL_UNCERTAINTY_ASSIGNED_CONTEXT ( ( #5281 ) ) GLOBAL_UNIT_ASSIGNED_CONTEXT ( ( #2146, #3554, #4898 ) ) REPRESENTATION_CONTEXT ( 'NONE', 'WORKASPACE' ) );
#1892 = EDGE_CURVE ( 'NONE', #3677, #5731, #4776, .T. ) ;
#1893 = CARTESIAN_POINT ( 'NONE',  ( -8.700000000000002842, 4.899999999999999467, 0.2699999999999994071 ) ) ;
#1894 = VERTEX_POINT ( 'NONE', #3195 ) ;
#1895 = CIRCLE ( 'NONE', #5213, 0.3499999999999987566 ) ;
#1896 = ORIENTED_EDGE ( 'NONE', *, *, #2313, .F. ) ;
#1897 = DIRECTION ( 'NONE',  ( 0.000000000000000000, 0.000000000000000000, -1.000000000000000000 ) ) ;
#1898 = ORIENTED_EDGE ( 'NONE', *, *, #1664, .F. ) ;
#1899 = MECHANICAL_DESIGN_GEOMETRIC_PRESENTATION_REPRESENTATION (  '', ( #4454 ), #3598 ) ;
#1900 = DIRECTION ( 'NONE',  ( 0.000000000000000000, 1.000000000000000000, 0.000000000000000000 ) ) ;
#1901 = ORIENTED_EDGE ( 'NONE', *, *, #1341, .F. ) ;
#1902 = CIRCLE ( 'NONE', #1710, 0.3499999999999998113 ) ;
#1903 = CARTESIAN_POINT ( 'NONE',  ( -0.4500000000000025091, 5.400000000000000355, 1.770000000000001572 ) ) ;
#1904 = PRESENTATION_LAYER_ASSIGNMENT (  '', '', ( #5318 ) ) ;
#1905 = CIRCLE ( 'NONE', #4272, 0.1999999999999999833 ) ;
#1906 = DIRECTION ( 'NONE',  ( -7.434529182757767680E-15, 0.000000000000000000, -1.000000000000000000 ) ) ;
#1907 = PRESENTATION_STYLE_ASSIGNMENT (( #195 ) ) ;
#1908 = VERTEX_POINT ( 'NONE', #4570 ) ;
#1909 = CARTESIAN_POINT ( 'NONE',  ( -8.000000000000001776, 1.900000000000000577, -1.729999999999998872 ) ) ;
#1910 = VECTOR ( 'NONE', #4839, 1000.000000000000000 ) ;
#1911 = ORIENTED_EDGE ( 'NONE', *, *, #2849, .T. ) ;
#1912 = VERTEX_POINT ( 'NONE', #3049 ) ;
#1913 = UNCERTAINTY_MEASURE_WITH_UNIT (LENGTH_MEASURE( 1.000000000000000082E-05 ), #1763, 'distance_accuracy_value', 'NONE');
#1914 = DIRECTION ( 'NONE',  ( 0.000000000000000000, 0.000000000000000000, 1.000000000000000000 ) ) ;
#1915 = CIRCLE ( 'NONE', #4560, 0.1999999999999999833 ) ;
#1916 = CARTESIAN_POINT ( 'NONE',  ( 6.249999999999998224, 0.000000000000000000, 0.6499999999999991340 ) ) ;
#1917 = PRESENTATION_LAYER_ASSIGNMENT (  '', '', ( #1158 ) ) ;
#1918 =( NAMED_UNIT ( * ) SI_UNIT ( $, .STERADIAN. ) SOLID_ANGLE_UNIT ( ) );
#1919 = ORIENTED_EDGE ( 'NONE', *, *, #116, .F. ) ;
#1920 = CARTESIAN_POINT ( 'NONE',  ( -6.250000000000001776, -2.199999999999999734, 0.6499999999999991340 ) ) ;
#1921 = EDGE_CURVE ( 'NONE', #5647, #3802, #821, .T. ) ;
#1922 =( LENGTH_UNIT ( ) NAMED_UNIT ( * ) SI_UNIT ( .MILLI., .METRE. ) );
#1923 =( GEOMETRIC_REPRESENTATION_CONTEXT ( 3 ) GLOBAL_UNCERTAINTY_ASSIGNED_CONTEXT ( ( #5521 ) ) GLOBAL_UNIT_ASSIGNED_CONTEXT ( ( #3261, #4096, #1843 ) ) REPRESENTATION_CONTEXT ( 'NONE', 'WORKASPACE' ) );
#1924 = AXIS2_PLACEMENT_3D ( 'NONE', #2780, #1900, #932 ) ;
#1925 =( NAMED_UNIT ( * ) SI_UNIT ( $, .STERADIAN. ) SOLID_ANGLE_UNIT ( ) );
#1926 = FACE_OUTER_BOUND ( 'NONE', #4219, .T. ) ;
#1927 = CIRCLE ( 'NONE', #3344, 0.3499999999999989231 ) ;
#1928 = CARTESIAN_POINT ( 'NONE',  ( 8.000000000000003553, 4.899999999999999467, 0.2699999999999994071 ) ) ;
#1929 = ORIENTED_EDGE ( 'NONE', *, *, #5798, .T. ) ;
#1930 = ORIENTED_EDGE ( 'NONE', *, *, #1800, .F. ) ;
#1931 = CARTESIAN_POINT ( 'NONE',  ( 5.865168364355077379, -2.047570422884861241, 0.8765956636855013473 ) ) ;
#1932 = VERTEX_POINT ( 'NONE', #3976 ) ;
#1933 = DIRECTION ( 'NONE',  ( 0.000000000000000000, 0.000000000000000000, 1.000000000000000000 ) ) ;
#1934 = EDGE_CURVE ( 'NONE', #906, #1366, #968, .T. ) ;
#1935 = CARTESIAN_POINT ( 'NONE',  ( 6.474073136803482065, -2.199999999999999734, 0.9188702835254347612 ) ) ;
#1936 = DIRECTION ( 'NONE',  ( 0.000000000000000000, 0.000000000000000000, 1.000000000000000000 ) ) ;
#1937 = FILL_AREA_STYLE_COLOUR ( '', #575 ) ;
#1938 = ORIENTED_EDGE ( 'NONE', *, *, #4531, .F. ) ;
#1939 = LINE ( 'NONE', #4669, #4125 ) ;
#1940 = ADVANCED_FACE ( 'NONE', ( #2609 ), #360, .T. ) ;
#1941 = ORIENTED_EDGE ( 'NONE', *, *, #3259, .T. ) ;
#1942 = ORIENTED_EDGE ( 'NONE', *, *, #1153, .F. ) ;
#1943 = ORIENTED_EDGE ( 'NONE', *, *, #3507, .T. ) ;
#1944 = DIRECTION ( 'NONE',  ( -0.000000000000000000, 1.000000000000000000, -0.000000000000000000 ) ) ;
#1945 = FACE_OUTER_BOUND ( 'NONE', #4314, .T. ) ;
#1946 = ORIENTED_EDGE ( 'NONE', *, *, #4790, .F. ) ;
#1947 = CARTESIAN_POINT ( 'NONE',  ( -6.250000000000001776, 5.200000000000001066, 0.5000000000000002220 ) ) ;
#1948 = CARTESIAN_POINT ( 'NONE',  ( 5.981904867630913003, -0.5999999999999998668, 0.4249999999999991562 ) ) ;
#1949 = TOROIDAL_SURFACE ( 'NONE', #2696, 0.1499999999999989120, 0.2000000000000000111 ) ;
#1950 = CARTESIAN_POINT ( 'NONE',  ( -8.700000000000002842, 0.000000000000000000, -0.6000000000000003109 ) ) ;
#1951 = FACE_OUTER_BOUND ( 'NONE', #339, .T. ) ;
#1952 = DIRECTION ( 'NONE',  ( -0.7071067811865487940, -0.000000000000000000, 0.7071067811865463515 ) ) ;
#1953 = EDGE_LOOP ( 'NONE', ( #1596, #3110, #4357, #2506 ) ) ;
#1954 = CARTESIAN_POINT ( 'NONE',  ( -6.250000000000001776, -7.989949493661161917, 0.6499999999999991340 ) ) ;
#1955 = UNCERTAINTY_MEASURE_WITH_UNIT (LENGTH_MEASURE( 1.000000000000000082E-05 ), #5737, 'distance_accuracy_value', 'NONE');
#1956 = EDGE_CURVE ( 'NONE', #96, #2407, #5345, .T. ) ;
#1957 = MECHANICAL_DESIGN_GEOMETRIC_PRESENTATION_REPRESENTATION (  '', ( #5651 ), #813 ) ;
#1958 = DIRECTION ( 'NONE',  ( 0.000000000000000000, 1.000000000000000000, 0.000000000000000000 ) ) ;
#1959 = ORIENTED_EDGE ( 'NONE', *, *, #1282, .T. ) ;
#1960 = CARTESIAN_POINT ( 'NONE',  ( -3.750000000000002220, -3.500000000000000000, 0.7999999999999979350 ) ) ;
#1961 = ORIENTED_EDGE ( 'NONE', *, *, #3626, .T. ) ;
#1962 = ORIENTED_EDGE ( 'NONE', *, *, #1491, .T. ) ;
#1963 =( NAMED_UNIT ( * ) SI_UNIT ( $, .STERADIAN. ) SOLID_ANGLE_UNIT ( ) );
#1964 = DIRECTION ( 'NONE',  ( 0.000000000000000000, 0.000000000000000000, 1.000000000000000000 ) ) ;
#1965 =( NAMED_UNIT ( * ) PLANE_ANGLE_UNIT ( ) SI_UNIT ( $, .RADIAN. ) );
#1966 = COLOUR_RGB ( '',1.000000000000000000, 1.000000000000000000, 1.000000000000000000 ) ;
#1967 = EDGE_LOOP ( 'NONE', ( #3476, #5015, #3351, #3307, #5464 ) ) ;
#1968 = CARTESIAN_POINT ( 'NONE',  ( -5.000000000000000888, 5.400000000000000355, 1.320000000000001616 ) ) ;
#1969 = ADVANCED_FACE ( 'NONE', ( #3018 ), #2116, .T. ) ;
#1970 = FILL_AREA_STYLE_COLOUR ( '', #587 ) ;
#1971 = DIRECTION ( 'NONE',  ( -0.000000000000000000, 1.000000000000000000, -0.000000000000000000 ) ) ;
#1972 = ORIENTED_EDGE ( 'NONE', *, *, #3693, .F. ) ;
#1973 = UNCERTAINTY_MEASURE_WITH_UNIT (LENGTH_MEASURE( 1.000000000000000082E-05 ), #4727, 'distance_accuracy_value', 'NONE');
#1974 = EDGE_CURVE ( 'NONE', #5255, #2350, #1711, .T. ) ;
#1975 = SURFACE_STYLE_FILL_AREA ( #4708 ) ;
#1976 = VERTEX_POINT ( 'NONE', #4113 ) ;
#1977 = LINE ( 'NONE', #175, #4111 ) ;
#1978 = DIRECTION ( 'NONE',  ( -0.000000000000000000, 1.000000000000000000, -0.000000000000000000 ) ) ;
#1979 = FACE_OUTER_BOUND ( 'NONE', #4791, .T. ) ;
#1980 = FILL_AREA_STYLE ('',( #3374 ) ) ;
#1981 = VERTEX_POINT ( 'NONE', #4595 ) ;
#1982 = LINE ( 'NONE', #1055, #4702 ) ;
#1983 = ORIENTED_EDGE ( 'NONE', *, *, #157, .F. ) ;
#1984 = ORIENTED_EDGE ( 'NONE', *, *, #3890, .F. ) ;
#1985 = DIRECTION ( 'NONE',  ( -0.000000000000000000, 0.000000000000000000, -1.000000000000000000 ) ) ;
#1986 = LINE ( 'NONE', #3793, #1626 ) ;
#1987 =( NAMED_UNIT ( * ) PLANE_ANGLE_UNIT ( ) SI_UNIT ( $, .RADIAN. ) );
#1988 = EDGE_CURVE ( 'NONE', #995, #4730, #2359, .T. ) ;
#1989 = ORIENTED_EDGE ( 'NONE', *, *, #3687, .T. ) ;
#1990 = DIRECTION ( 'NONE',  ( 0.000000000000000000, 1.000000000000000000, 0.000000000000000000 ) ) ;
#1991 = CIRCLE ( 'NONE', #5395, 0.1999999999999999833 ) ;
#1992 = VECTOR ( 'NONE', #3533, 1000.000000000000000 ) ;
#1993 = CARTESIAN_POINT ( 'NONE',  ( -6.600000000000001421, -2.199999999999999734, -2.450000000000000622 ) ) ;
#1994 = EDGE_LOOP ( 'NONE', ( #5458, #5098, #5080, #1984, #4274, #4541, #3789, #1056 ) ) ;
#1995 = FACE_OUTER_BOUND ( 'NONE', #5189, .T. ) ;
#1996 = ORIENTED_EDGE ( 'NONE', *, *, #5812, .F. ) ;
#1997 = CYLINDRICAL_SURFACE ( 'NONE', #5585, 0.3499999999999989786 ) ;
#1998 = AXIS2_PLACEMENT_3D ( 'NONE', #4000, #2107, #4863 ) ;
#1999 = ADVANCED_FACE ( 'NONE', ( #1926 ), #3903, .T. ) ;
#2000 = ORIENTED_EDGE ( 'NONE', *, *, #2145, .F. ) ;
#2001 = ORIENTED_EDGE ( 'NONE', *, *, #4971, .T. ) ;
#2002 = COLOUR_RGB ( '',1.000000000000000000, 1.000000000000000000, 1.000000000000000000 ) ;
#2003 = AXIS2_PLACEMENT_3D ( 'NONE', #1198, #3955, #3020 ) ;
#2004 =( GEOMETRIC_REPRESENTATION_CONTEXT ( 3 ) GLOBAL_UNCERTAINTY_ASSIGNED_CONTEXT ( ( #81 ) ) GLOBAL_UNIT_ASSIGNED_CONTEXT ( ( #1017, #4647, #3371 ) ) REPRESENTATION_CONTEXT ( 'NONE', 'WORKASPACE' ) );
#2005 =( NAMED_UNIT ( * ) SI_UNIT ( $, .STERADIAN. ) SOLID_ANGLE_UNIT ( ) );
#2006 =( NAMED_UNIT ( * ) PLANE_ANGLE_UNIT ( ) SI_UNIT ( $, .RADIAN. ) );
#2007 = VECTOR ( 'NONE', #3082, 999.9999999999998863 ) ;
#2008 = ORIENTED_EDGE ( 'NONE', *, *, #1448, .F. ) ;
#2009 = MECHANICAL_DESIGN_GEOMETRIC_PRESENTATION_REPRESENTATION (  '', ( #4755 ), #3701 ) ;
#2010 = DIRECTION ( 'NONE',  ( -1.000000000000000000, 0.000000000000000000, 0.000000000000000000 ) ) ;
#2011 = EDGE_CURVE ( 'NONE', #906, #2026, #1905, .T. ) ;
#2012 = CARTESIAN_POINT ( 'NONE',  ( 8.699999999999995737, 5.399999999999999467, -1.230000000000006199 ) ) ;
#2013 = DIRECTION ( 'NONE',  ( 0.000000000000000000, 0.000000000000000000, 1.000000000000000000 ) ) ;
#2014 = VECTOR ( 'NONE', #720, 1000.000000000000000 ) ;
#2015 = CIRCLE ( 'NONE', #4562, 0.3499999999999989231 ) ;
#2016 = VECTOR ( 'NONE', #1701, 1000.000000000000000 ) ;
#2017 = CARTESIAN_POINT ( 'NONE',  ( 6.630304663736358073, -0.7301653679441048039, 0.5148966399684197226 ) ) ;
#2018 =( GEOMETRIC_REPRESENTATION_CONTEXT ( 3 ) GLOBAL_UNCERTAINTY_ASSIGNED_CONTEXT ( ( #5743 ) ) GLOBAL_UNIT_ASSIGNED_CONTEXT ( ( #1665, #4366, #5604 ) ) REPRESENTATION_CONTEXT ( 'NONE', 'WORKASPACE' ) );
#2019 = FILL_AREA_STYLE_COLOUR ( '', #1086 ) ;
#2020 = ORIENTED_EDGE ( 'NONE', *, *, #2180, .T. ) ;
#2021 = ORIENTED_EDGE ( 'NONE', *, *, #4136, .T. ) ;
#2022 = DIRECTION ( 'NONE',  ( -0.7071067811865462405, 0.000000000000000000, 0.7071067811865489050 ) ) ;
#2023 = AXIS2_PLACEMENT_3D ( 'NONE', #2632, #1688, #3975 ) ;
#2024 = LINE ( 'NONE', #1636, #216 ) ;
#2025 = VECTOR ( 'NONE', #4006, 1000.000000000000000 ) ;
#2026 = VERTEX_POINT ( 'NONE', #902 ) ;
#2027 = EDGE_CURVE ( 'NONE', #1652, #2984, #5493, .T. ) ;
#2028 = ADVANCED_FACE ( 'NONE', ( #2395 ), #4200, .T. ) ;
#2029 = CARTESIAN_POINT ( 'NONE',  ( 5.980707621212842717, -0.6000001126173708510, 0.4188143558496870145 ) ) ;
#2030 = VERTEX_POINT ( 'NONE', #1222 ) ;
#2031 = CARTESIAN_POINT ( 'NONE',  ( -8.000000000000003553, 0.1000000000000000472, -1.449999999999997291 ) ) ;
#2032 = DIRECTION ( 'NONE',  ( 0.000000000000000000, 1.000000000000000000, 0.000000000000000000 ) ) ;
#2033 = EDGE_LOOP ( 'NONE', ( #528, #5620 ) ) ;
#2034 = EDGE_LOOP ( 'NONE', ( #4761, #3265, #3700, #1188 ) ) ;
#2035 = UNCERTAINTY_MEASURE_WITH_UNIT (LENGTH_MEASURE( 1.000000000000000082E-05 ), #368, 'distance_accuracy_value', 'NONE');
#2036 = EDGE_CURVE ( 'NONE', #202, #5381, #5225, .T. ) ;
#2037 = SURFACE_SIDE_STYLE ('',( #1587 ) ) ;
#2038 = CARTESIAN_POINT ( 'NONE',  ( -8.700000000000002842, 5.399999999999999467, -1.230000000000006199 ) ) ;
#2039 = CARTESIAN_POINT ( 'NONE',  ( -8.700000000000002842, 5.400000000000000355, -0.4300000000000061551 ) ) ;
#2040 = CIRCLE ( 'NONE', #5631, 0.3499999999999998113 ) ;
#2041 = CARTESIAN_POINT ( 'NONE',  ( 7.999999999999996447, 4.899999999999999467, -1.230000000000000648 ) ) ;
#2042 = EDGE_CURVE ( 'NONE', #3518, #5255, #1517, .T. ) ;
#2043 = COLOUR_RGB ( '',1.000000000000000000, 1.000000000000000000, 1.000000000000000000 ) ;
#2044 = FILL_AREA_STYLE ('',( #4198 ) ) ;
#2045 = CARTESIAN_POINT ( 'NONE',  ( -1.250000000000001998, 5.400000000000000355, 0.6499999999999991340 ) ) ;
#2046 = ORIENTED_EDGE ( 'NONE', *, *, #3477, .F. ) ;
#2047 = CARTESIAN_POINT ( 'NONE',  ( -6.617455855811643417, -0.6687324322583383385, 0.5881152952558051927 ) ) ;
#2048 = CARTESIAN_POINT ( 'NONE',  ( 3.749999999999998224, 0.1000000000000000056, 0.6499999999999991340 ) ) ;
#2049 = PRESENTATION_LAYER_ASSIGNMENT (  '', '', ( #4598 ) ) ;
#2050 = ORIENTED_EDGE ( 'NONE', *, *, #1096, .T. ) ;
#2051 = ADVANCED_FACE ( 'NONE', ( #3414 ), #5729, .F. ) ;
#2052 = DIRECTION ( 'NONE',  ( 0.000000000000000000, 0.000000000000000000, 1.000000000000000000 ) ) ;
#2053 = ORIENTED_EDGE ( 'NONE', *, *, #730, .F. ) ;
#2054 = SURFACE_STYLE_FILL_AREA ( #4237 ) ;
#2055 = CIRCLE ( 'NONE', #3746, 0.3499999999999987566 ) ;
#2056 = ORIENTED_EDGE ( 'NONE', *, *, #2027, .F. ) ;
#2057 = SURFACE_SIDE_STYLE ('',( #4303 ) ) ;
#2058 = ORIENTED_EDGE ( 'NONE', *, *, #2912, .T. ) ;
#2059 =( NAMED_UNIT ( * ) PLANE_ANGLE_UNIT ( ) SI_UNIT ( $, .RADIAN. ) );
#2060 = LINE ( 'NONE', #682, #3906 ) ;
#2061 = LINE ( 'NONE', #3385, #5425 ) ;
#2062 = FILL_AREA_STYLE ('',( #2908 ) ) ;
#2063 = PLANE ( 'NONE',  #2372 ) ;
#2064 = ORIENTED_EDGE ( 'NONE', *, *, #1522, .T. ) ;
#2065 = DIRECTION ( 'NONE',  ( 0.000000000000000000, 0.000000000000000000, -1.000000000000000000 ) ) ;
#2066 = MECHANICAL_DESIGN_GEOMETRIC_PRESENTATION_REPRESENTATION (  '', ( #3179 ), #171 ) ;
#2067 = CARTESIAN_POINT ( 'NONE',  ( 5.865248266801011745, -0.7520367310672358974, 0.4249999999999991007 ) ) ;
#2068 = ORIENTED_EDGE ( 'NONE', *, *, #4067, .F. ) ;
#2069 = ORIENTED_EDGE ( 'NONE', *, *, #2284, .F. ) ;
#2070 = PLANE ( 'NONE',  #583 ) ;
#2071 = LINE ( 'NONE', #237, #3369 ) ;
#2072 =( NAMED_UNIT ( * ) PLANE_ANGLE_UNIT ( ) SI_UNIT ( $, .RADIAN. ) );
#2073 = CARTESIAN_POINT ( 'NONE',  ( -8.700000000000002842, 5.900000000000000355, 0.06999999999999476086 ) ) ;
#2074 = DIRECTION ( 'NONE',  ( 0.000000000000000000, 1.000000000000000000, 0.000000000000000000 ) ) ;
#2075 = ADVANCED_FACE ( 'NONE', ( #3928 ), #671, .T. ) ;
#2076 = FACE_OUTER_BOUND ( 'NONE', #5492, .T. ) ;
#2077 = FACE_OUTER_BOUND ( 'NONE', #849, .T. ) ;
#2078 = DIRECTION ( 'NONE',  ( 0.000000000000000000, 0.000000000000000000, -1.000000000000000000 ) ) ;
#2079 = ADVANCED_FACE ( 'NONE', ( #4812, #4341, #4974, #3979, #1667, #5293, #4842 ), #4424, .F. ) ;
#2080 = UNCERTAINTY_MEASURE_WITH_UNIT (LENGTH_MEASURE( 1.000000000000000082E-05 ), #5770, 'distance_accuracy_value', 'NONE');
#2081 = CARTESIAN_POINT ( 'NONE',  ( 8.699999999999995737, 5.400000000000000355, -0.4300000000000061551 ) ) ;
#2082 = EDGE_LOOP ( 'NONE', ( #1131, #5537, #1593 ) ) ;
#2083 = ORIENTED_EDGE ( 'NONE', *, *, #4802, .T. ) ;
#2084 = FACE_OUTER_BOUND ( 'NONE', #3538, .T. ) ;
#2085 = VERTEX_POINT ( 'NONE', #286 ) ;
#2086 = CARTESIAN_POINT ( 'NONE',  ( 8.699999999999995737, 0.1000000000000000056, 1.230660171779828671 ) ) ;
#2087 = ADVANCED_FACE ( 'NONE', ( #4311 ), #5261, .F. ) ;
#2088 =( NAMED_UNIT ( * ) SI_UNIT ( $, .STERADIAN. ) SOLID_ANGLE_UNIT ( ) );
#2089 = CARTESIAN_POINT ( 'NONE',  ( 3.749999999999998224, -3.299999999999999822, 0.6499999999999991340 ) ) ;
#2090 = ORIENTED_EDGE ( 'NONE', *, *, #4823, .F. ) ;
#2091 = CARTESIAN_POINT ( 'NONE',  ( -8.700000000000002842, 1.000000000000000000, -2.450000000000000622 ) ) ;
#2092 = VERTEX_POINT ( 'NONE', #430 ) ;
#2093 = ORIENTED_EDGE ( 'NONE', *, *, #3119, .T. ) ;
#2094 = UNCERTAINTY_MEASURE_WITH_UNIT (LENGTH_MEASURE( 1.000000000000000082E-05 ), #2358, 'distance_accuracy_value', 'NONE');
#2095 = DIRECTION ( 'NONE',  ( -1.000000000000000000, 0.000000000000000000, -0.000000000000000000 ) ) ;
#2096 = DIRECTION ( 'NONE',  ( 1.000000000000000000, 0.000000000000000000, -1.548860246407865555E-16 ) ) ;
#2097 = LINE ( 'NONE', #2593, #1345 ) ;
#2098 = ORIENTED_EDGE ( 'NONE', *, *, #2976, .F. ) ;
#2099 =( GEOMETRIC_REPRESENTATION_CONTEXT ( 3 ) GLOBAL_UNCERTAINTY_ASSIGNED_CONTEXT ( ( #1051 ) ) GLOBAL_UNIT_ASSIGNED_CONTEXT ( ( #921, #4169, #1925 ) ) REPRESENTATION_CONTEXT ( 'NONE', 'WORKASPACE' ) );
#2100 = CARTESIAN_POINT ( 'NONE',  ( -8.673617379884035472E-16, 5.400000000000000355, 1.320000000000001616 ) ) ;
#2101 =( GEOMETRIC_REPRESENTATION_CONTEXT ( 3 ) GLOBAL_UNCERTAINTY_ASSIGNED_CONTEXT ( ( #20 ) ) GLOBAL_UNIT_ASSIGNED_CONTEXT ( ( #1874, #5044, #973 ) ) REPRESENTATION_CONTEXT ( 'NONE', 'WORKASPACE' ) );
#2102 = CARTESIAN_POINT ( 'NONE',  ( 6.600000000000001421, -0.5999999999999998668, -2.450000000000000622 ) ) ;
#2103 = ADVANCED_FACE ( 'NONE', ( #2255 ), #5438, .F. ) ;
#2104 = CARTESIAN_POINT ( 'NONE',  ( -6.600000000000001421, -2.200000000000001510, 0.6499999999999991340 ) ) ;
#2105 = VECTOR ( 'NONE', #4231, 1000.000000000000000 ) ;
#2106 = VECTOR ( 'NONE', #4770, 1000.000000000000000 ) ;
#2107 = DIRECTION ( 'NONE',  ( 0.000000000000000000, 1.000000000000000000, 0.000000000000000000 ) ) ;
#2108 = AXIS2_PLACEMENT_3D ( 'NONE', #938, #859, #3152 ) ;
#2109 = CARTESIAN_POINT ( 'NONE',  ( 3.449999999999993072, -1.399999999999999689, 0.8749999999999990008 ) ) ;
#2110 = ORIENTED_EDGE ( 'NONE', *, *, #3206, .F. ) ;
#2111 = AXIS2_PLACEMENT_3D ( 'NONE', #1554, #4253, #3001 ) ;
#2112 = LINE ( 'NONE', #4688, #1584 ) ;
#2113 = EDGE_LOOP ( 'NONE', ( #2256, #4191 ) ) ;
#2114 = CARTESIAN_POINT ( 'NONE',  ( -8.000000000000001776, 5.400000000000000355, -0.4300000000000061551 ) ) ;
#2115 = CARTESIAN_POINT ( 'NONE',  ( 5.865248266801011745, -2.047963268932763370, 0.8749999999999990008 ) ) ;
#2116 = PLANE ( 'NONE',  #2373 ) ;
#2117 = AXIS2_PLACEMENT_3D ( 'NONE', #2966, #5728, #5670 ) ;
#2118 = SURFACE_STYLE_FILL_AREA ( #1127 ) ;
#2119 = CARTESIAN_POINT ( 'NONE',  ( 1.249999999999997558, 5.200000000000001066, 0.7999999999999979350 ) ) ;
#2120 = DIRECTION ( 'NONE',  ( -1.000000000000000000, 0.000000000000000000, 0.000000000000000000 ) ) ;
#2121 = CARTESIAN_POINT ( 'NONE',  ( 6.250000000000001776, -7.989949493661161917, 0.3000000000000002109 ) ) ;
#2122 = DIRECTION ( 'NONE',  ( -1.000000000000000000, 1.548860246407863336E-16, 0.000000000000000000 ) ) ;
#2123 = ADVANCED_FACE ( 'NONE', ( #2465 ), #4215, .F. ) ;
#2124 = VERTEX_POINT ( 'NONE', #5199 ) ;
#2125 = DIRECTION ( 'NONE',  ( 0.000000000000000000, 0.000000000000000000, 1.000000000000000000 ) ) ;
#2126 = EDGE_LOOP ( 'NONE', ( #3958, #3291, #966, #515 ) ) ;
#2127 = ORIENTED_EDGE ( 'NONE', *, *, #1764, .T. ) ;
#2128 = AXIS2_PLACEMENT_3D ( 'NONE', #986, #3570, #4589 ) ;
#2129 = EDGE_CURVE ( 'NONE', #1199, #5142, #890, .T. ) ;
#2130 = FACE_OUTER_BOUND ( 'NONE', #3373, .T. ) ;
#2131 = CARTESIAN_POINT ( 'NONE',  ( 1.249999999999997558, 5.200000000000001066, 0.6499999999999991340 ) ) ;
#2132 = CARTESIAN_POINT ( 'NONE',  ( -5.891093072571216283, -2.164926914023518556, 0.7523581168441784151 ) ) ;
#2133 = CARTESIAN_POINT ( 'NONE',  ( 1.249999999999997558, 5.400000000000000355, 0.7999999999999979350 ) ) ;
#2134 = CARTESIAN_POINT ( 'NONE',  ( -6.519292378787157283, -2.199999887382627861, 0.4188143558496776331 ) ) ;
#2135 = FILL_AREA_STYLE ('',( #5305 ) ) ;
#2136 = UNCERTAINTY_MEASURE_WITH_UNIT (LENGTH_MEASURE( 1.000000000000000082E-05 ), #3648, 'distance_accuracy_value', 'NONE');
#2137 = AXIS2_PLACEMENT_3D ( 'NONE', #5678, #2444, #4710 ) ;
#2138 = CARTESIAN_POINT ( 'NONE',  ( -3.750000000000002220, -7.989949493661161917, 0.9999999999999981126 ) ) ;
#2139 = VERTEX_POINT ( 'NONE', #1581 ) ;
#2140 = LINE ( 'NONE', #2166, #3386 ) ;
#2141 = ORIENTED_EDGE ( 'NONE', *, *, #4553, .F. ) ;
#2142 = CARTESIAN_POINT ( 'NONE',  ( 6.250000000000001776, -7.989949493661161917, 0.9999999999999981126 ) ) ;
#2143 = MECHANICAL_DESIGN_GEOMETRIC_PRESENTATION_REPRESENTATION (  '', ( #5640 ), #3167 ) ;
#2144 = DIRECTION ( 'NONE',  ( -0.000000000000000000, 1.000000000000000000, -0.000000000000000000 ) ) ;
#2145 = EDGE_CURVE ( 'NONE', #1217, #2400, #673, .T. ) ;
#2146 =( LENGTH_UNIT ( ) NAMED_UNIT ( * ) SI_UNIT ( .MILLI., .METRE. ) );
#2147 = CARTESIAN_POINT ( 'NONE',  ( -7.100000000000002309, 1.900000000000000577, 1.770000000000001572 ) ) ;
#2148 =( LENGTH_UNIT ( ) NAMED_UNIT ( * ) SI_UNIT ( .MILLI., .METRE. ) );
#2149 = DIRECTION ( 'NONE',  ( 0.000000000000000000, 0.000000000000000000, -1.000000000000000000 ) ) ;
#2150 = ORIENTED_EDGE ( 'NONE', *, *, #1052, .F. ) ;
#2151 = VECTOR ( 'NONE', #5325, 1000.000000000000000 ) ;
#2152 = ORIENTED_EDGE ( 'NONE', *, *, #3756, .F. ) ;
#2153 = EDGE_CURVE ( 'NONE', #709, #527, #3227, .T. ) ;
#2154 = DIRECTION ( 'NONE',  ( 0.000000000000000000, 0.000000000000000000, 1.000000000000000000 ) ) ;
#2155 = COLOUR_RGB ( '',1.000000000000000000, 1.000000000000000000, 1.000000000000000000 ) ;
#2156 = CARTESIAN_POINT ( 'NONE',  ( -6.612286703546409683, -0.6460043925904993545, 0.8493751533720493851 ) ) ;
#2157 = DIRECTION ( 'NONE',  ( -0.000000000000000000, 1.000000000000000000, -0.000000000000000000 ) ) ;
#2158 = DIRECTION ( 'NONE',  ( -1.000000000000000000, -0.000000000000000000, -0.000000000000000000 ) ) ;
#2159 =( GEOMETRIC_REPRESENTATION_CONTEXT ( 3 ) GLOBAL_UNCERTAINTY_ASSIGNED_CONTEXT ( ( #2972 ) ) GLOBAL_UNIT_ASSIGNED_CONTEXT ( ( #2523, #187, #1159 ) ) REPRESENTATION_CONTEXT ( 'NONE', 'WORKASPACE' ) );
#2160 = ADVANCED_FACE ( 'NONE', ( #654 ), #2778, .T. ) ;
#2161 = CYLINDRICAL_SURFACE ( 'NONE', #5413, 3.250000000000007994 ) ;
#2162 = LINE ( 'NONE', #2539, #2950 ) ;
#2163 = LINE ( 'NONE', #1684, #5780 ) ;
#2164 = B_SPLINE_CURVE_WITH_KNOTS ( 'NONE', 3,
 ( #5109, #5704, #750, #5174 ),
 .UNSPECIFIED., .F., .F.,
 ( 4, 4 ),
 ( 0.000000000000000000, 0.0001969568602535470023 ),
 .UNSPECIFIED. ) ;
#2165 = ORIENTED_EDGE ( 'NONE', *, *, #238, .F. ) ;
#2166 = CARTESIAN_POINT ( 'NONE',  ( -7.100000000000002309, 1.900000000000000577, 1.770000000000001572 ) ) ;
#2167 = ORIENTED_EDGE ( 'NONE', *, *, #5812, .T. ) ;
#2168 = LINE ( 'NONE', #1774, #2025 ) ;
#2169 = DIRECTION ( 'NONE',  ( 1.000000000000000000, 0.000000000000000000, 0.000000000000000000 ) ) ;
#2170 = DIRECTION ( 'NONE',  ( 0.000000000000000000, 0.000000000000000000, 1.000000000000000000 ) ) ;
#2171 = DIRECTION ( 'NONE',  ( 1.000000000000000000, 0.000000000000000000, 0.000000000000000000 ) ) ;
#2172 = EDGE_LOOP ( 'NONE', ( #1569, #2175, #3564, #5685 ) ) ;
#2173 = SURFACE_STYLE_FILL_AREA ( #5816 ) ;
#2174 = ADVANCED_FACE ( 'NONE', ( #2375 ), #1546, .T. ) ;
#2175 = ORIENTED_EDGE ( 'NONE', *, *, #4407, .T. ) ;
#2176 = FACE_OUTER_BOUND ( 'NONE', #3324, .T. ) ;
#2177 = ORIENTED_EDGE ( 'NONE', *, *, #3178, .T. ) ;
#2178 = CARTESIAN_POINT ( 'NONE',  ( -8.673617379884035472E-16, 1.900000000000000577, 1.320000000000001616 ) ) ;
#2179 = DIRECTION ( 'NONE',  ( 0.000000000000000000, -1.000000000000000000, 0.000000000000000000 ) ) ;
#2180 = EDGE_CURVE ( 'NONE', #4148, #3518, #771, .T. ) ;
#2181 = EDGE_LOOP ( 'NONE', ( #3742, #658, #5749, #1598 ) ) ;
#2182 = DIRECTION ( 'NONE',  ( 1.000000000000000000, 0.000000000000000000, 1.858632295689442709E-15 ) ) ;
#2183 = EDGE_CURVE ( 'NONE', #3076, #105, #4850, .T. ) ;
#2184 = DIRECTION ( 'NONE',  ( -1.000000000000000000, 0.000000000000000000, 0.000000000000000000 ) ) ;
#2185 = CARTESIAN_POINT ( 'NONE',  ( -3.750000000000002220, 5.400000000000000355, 0.6499999999999991340 ) ) ;
#2186 = AXIS2_PLACEMENT_3D ( 'NONE', #2246, #2223, #1325 ) ;
#2187 = DIRECTION ( 'NONE',  ( -0.7071067811865462405, 0.000000000000000000, 0.7071067811865489050 ) ) ;
#2188 =( LENGTH_UNIT ( ) NAMED_UNIT ( * ) SI_UNIT ( .MILLI., .METRE. ) );
#2189 = ORIENTED_EDGE ( 'NONE', *, *, #5063, .T. ) ;
#2190 = CIRCLE ( 'NONE', #3509, 0.3499999999999989231 ) ;
#2191 =( GEOMETRIC_REPRESENTATION_CONTEXT ( 3 ) GLOBAL_UNCERTAINTY_ASSIGNED_CONTEXT ( ( #5703 ) ) GLOBAL_UNIT_ASSIGNED_CONTEXT ( ( #1099, #1507, #5543 ) ) REPRESENTATION_CONTEXT ( 'NONE', 'WORKASPACE' ) );
#2192 = SURFACE_STYLE_USAGE ( .BOTH. , #3080 ) ;
#2193 = AXIS2_PLACEMENT_3D ( 'NONE', #1528, #2421, #4295 ) ;
#2194 = STYLED_ITEM ( 'NONE', ( #4022 ), #2547 ) ;
#2195 = LINE ( 'NONE', #4899, #4374 ) ;
#2196 = CARTESIAN_POINT ( 'NONE',  ( -5.865168364355077379, -0.7524295771151383594, 0.8765956636855010142 ) ) ;
#2197 = FACE_OUTER_BOUND ( 'NONE', #2199, .T. ) ;
#2198 = AXIS2_PLACEMENT_3D ( 'NONE', #5790, #2698, #4486 ) ;
#2199 = EDGE_LOOP ( 'NONE', ( #1479, #3448, #4623 ) ) ;
#2200 = EDGE_CURVE ( 'NONE', #186, #1714, #4782, .T. ) ;
#2201 = VECTOR ( 'NONE', #576, 1000.000000000000000 ) ;
#2202 = SURFACE_STYLE_USAGE ( .BOTH. , #1697 ) ;
#2203 = EDGE_LOOP ( 'NONE', ( #4990, #1071, #4529, #1901 ) ) ;
#2204 = DIRECTION ( 'NONE',  ( -0.7071067811865487940, -0.000000000000000000, -0.7071067811865463515 ) ) ;
#2205 = CARTESIAN_POINT ( 'NONE',  ( 6.600000000000001421, -2.199999999999999734, 0.4249999999999991007 ) ) ;
#2206 = ORIENTED_EDGE ( 'NONE', *, *, #3804, .F. ) ;
#2207 = PRESENTATION_LAYER_ASSIGNMENT (  '', '', ( #1827 ) ) ;
#2208 = EDGE_CURVE ( 'NONE', #3253, #1024, #2060, .T. ) ;
#2209 =( NAMED_UNIT ( * ) PLANE_ANGLE_UNIT ( ) SI_UNIT ( $, .RADIAN. ) );
#2210 = FACE_OUTER_BOUND ( 'NONE', #5163, .T. ) ;
#2211 = AXIS2_PLACEMENT_3D ( 'NONE', #2280, #4091, #1384 ) ;
#2212 = DIRECTION ( 'NONE',  ( 0.7071067811865489050, 0.000000000000000000, -0.7071067811865462405 ) ) ;
#2213 = CARTESIAN_POINT ( 'NONE',  ( 6.621467953893795944, -0.6867467043110409008, 0.4249999999999996003 ) ) ;
#2214 = LINE ( 'NONE', #1349, #1239 ) ;
#2215 = EDGE_CURVE ( 'NONE', #2139, #3963, #2024, .T. ) ;
#2216 = DIRECTION ( 'NONE',  ( -1.000000000000000000, -0.000000000000000000, -1.121588454295349533E-16 ) ) ;
#2217 = SURFACE_SIDE_STYLE ('',( #4002 ) ) ;
#2218 = CARTESIAN_POINT ( 'NONE',  ( 6.700000000000001066, -1.399999999999999689, 0.8749999999999990008 ) ) ;
#2219 = CARTESIAN_POINT ( 'NONE',  ( -6.634751733198990920, -2.047963268932763370, 0.8749999999999990008 ) ) ;
#2220 = SURFACE_STYLE_FILL_AREA ( #421 ) ;
#2221 = AXIS2_PLACEMENT_3D ( 'NONE', #4050, #1883, #4493 ) ;
#2222 = ADVANCED_FACE ( 'NONE', ( #4306 ), #651, .T. ) ;
#2223 = DIRECTION ( 'NONE',  ( 1.000000000000000000, 0.000000000000000000, -1.224646799147353207E-16 ) ) ;
#2224 = LINE ( 'NONE', #825, #1753 ) ;
#2225 = ORIENTED_EDGE ( 'NONE', *, *, #265, .F. ) ;
#2226 = EDGE_LOOP ( 'NONE', ( #1410, #4601, #3731, #19 ) ) ;
#2227 =( GEOMETRIC_REPRESENTATION_CONTEXT ( 3 ) GLOBAL_UNCERTAINTY_ASSIGNED_CONTEXT ( ( #4705 ) ) GLOBAL_UNIT_ASSIGNED_CONTEXT ( ( #2188, #1742, #840 ) ) REPRESENTATION_CONTEXT ( 'NONE', 'WORKASPACE' ) );
#2228 = CARTESIAN_POINT ( 'NONE',  ( -5.878532480510250124, -0.6867445692069401586, 0.4249999999999991007 ) ) ;
#2229 = PRESENTATION_STYLE_ASSIGNMENT (( #3113 ) ) ;
#2230 =( LENGTH_UNIT ( ) NAMED_UNIT ( * ) SI_UNIT ( .MILLI., .METRE. ) );
#2231 = COLOUR_RGB ( '',1.000000000000000000, 1.000000000000000000, 1.000000000000000000 ) ;
#2232 = ORIENTED_EDGE ( 'NONE', *, *, #4252, .T. ) ;
#2233 = CIRCLE ( 'NONE', #3273, 3.249999999999999556 ) ;
#2234 = CARTESIAN_POINT ( 'NONE',  ( 8.000000000000001776, 1.900000000000000577, -1.230000000000000648 ) ) ;
#2235 = CARTESIAN_POINT ( 'NONE',  ( -6.250000000000001776, 1.900000000000000577, 0.6499999999999991340 ) ) ;
#2236 = DIRECTION ( 'NONE',  ( 2.478176394252589227E-15, 0.000000000000000000, -1.000000000000000000 ) ) ;
#2237 = ADVANCED_FACE ( 'NONE', ( #3353 ), #5194, .F. ) ;
#2238 = PRESENTATION_LAYER_ASSIGNMENT (  '', '', ( #3660 ) ) ;
#2239 = DIRECTION ( 'NONE',  ( 1.000000000000000000, 0.000000000000000000, 0.000000000000000000 ) ) ;
#2240 = PLANE ( 'NONE',  #1411 ) ;
#2241 = LINE ( 'NONE', #5429, #1910 ) ;
#2242 = DIRECTION ( 'NONE',  ( -0.000000000000000000, -1.000000000000000000, -0.000000000000000000 ) ) ;
#2243 = FACE_OUTER_BOUND ( 'NONE', #1785, .T. ) ;
#2244 = EDGE_CURVE ( 'NONE', #1452, #1908, #18, .T. ) ;
#2245 = DIRECTION ( 'NONE',  ( 0.000000000000000000, -0.7071067811865471286, -0.7071067811865479058 ) ) ;
#2246 = CARTESIAN_POINT ( 'NONE',  ( -6.250000000000001776, -3.299999999999999822, 0.7999999999999979350 ) ) ;
#2247 = CARTESIAN_POINT ( 'NONE',  ( 1.249999999999997558, 0.1000000000000000056, 0.6499999999999991340 ) ) ;
#2248 = ORIENTED_EDGE ( 'NONE', *, *, #1821, .F. ) ;
#2249 = CARTESIAN_POINT ( 'NONE',  ( 5.450000000000001066, 5.400000000000000355, 1.770000000000001794 ) ) ;
#2250 = ADVANCED_FACE ( 'NONE', ( #3889 ), #5166, .T. ) ;
#2251 = DIRECTION ( 'NONE',  ( 0.000000000000000000, 0.000000000000000000, 1.000000000000000000 ) ) ;
#2252 = EDGE_LOOP ( 'NONE', ( #5105, #2524 ) ) ;
#2253 = CARTESIAN_POINT ( 'NONE',  ( 5.981904867630913003, -2.199999999999999734, 0.8749999999999987788 ) ) ;
#2254 = CARTESIAN_POINT ( 'NONE',  ( -9.050000000000000711, -1.399999999999999689, 0.4249999999999991007 ) ) ;
#2255 = FACE_OUTER_BOUND ( 'NONE', #1449, .T. ) ;
#2256 = ORIENTED_EDGE ( 'NONE', *, *, #2390, .T. ) ;
#2257 = UNCERTAINTY_MEASURE_WITH_UNIT (LENGTH_MEASURE( 1.000000000000000082E-05 ), #4882, 'distance_accuracy_value', 'NONE');
#2258 = CYLINDRICAL_SURFACE ( 'NONE', #5795, 0.3499999999999989786 ) ;
#2259 = CARTESIAN_POINT ( 'NONE',  ( 4.999999999999999112, 5.400000000000000355, 1.320000000000001616 ) ) ;
#2260 =( NAMED_UNIT ( * ) SI_UNIT ( $, .STERADIAN. ) SOLID_ANGLE_UNIT ( ) );
#2261 =( NAMED_UNIT ( * ) SI_UNIT ( $, .STERADIAN. ) SOLID_ANGLE_UNIT ( ) );
#2262 = CARTESIAN_POINT ( 'NONE',  ( -5.000000000000000888, 5.400000000000000355, 1.320000000000001616 ) ) ;
#2263 = VECTOR ( 'NONE', #93, 1000.000000000000000 ) ;
#2264 = EDGE_CURVE ( 'NONE', #5124, #746, #1986, .T. ) ;
#2265 = CARTESIAN_POINT ( 'NONE',  ( 1.249999999999997558, -3.299999999999999822, 0.6499999999999991340 ) ) ;
#2266 = PRESENTATION_STYLE_ASSIGNMENT (( #2767 ) ) ;
#2267 = DIRECTION ( 'NONE',  ( -0.000000000000000000, -1.000000000000000000, -0.000000000000000000 ) ) ;
#2268 = CARTESIAN_POINT ( 'NONE',  ( -8.700000000000002842, 1.000000000000000000, -1.230000000000000648 ) ) ;
#2269 = AXIS2_PLACEMENT_3D ( 'NONE', #5625, #3778, #4738 ) ;
#2270 = AXIS2_PLACEMENT_3D ( 'NONE', #2185, #3997, #5472 ) ;
#2271 = EDGE_CURVE ( 'NONE', #4903, #5484, #2850, .T. ) ;
#2272 = AXIS2_PLACEMENT_3D ( 'NONE', #1046, #2892, #2860 ) ;
#2273 = DIRECTION ( 'NONE',  ( 0.000000000000000000, 0.000000000000000000, -1.000000000000000000 ) ) ;
#2274 = EDGE_LOOP ( 'NONE', ( #1445, #928, #4661, #314, #4195, #2855 ) ) ;
#2275 = VECTOR ( 'NONE', #4399, 999.9999999999998863 ) ;
#2276 = FILL_AREA_STYLE ('',( #3225 ) ) ;
#2277 = ORIENTED_EDGE ( 'NONE', *, *, #2705, .T. ) ;
#2278 = CIRCLE ( 'NONE', #1246, 0.1499999999999988842 ) ;
#2279 = DIRECTION ( 'NONE',  ( 0.000000000000000000, -1.000000000000000000, -0.000000000000000000 ) ) ;
#2280 = CARTESIAN_POINT ( 'NONE',  ( 6.250000000000001776, -0.5999999999999998668, 0.6499999999999991340 ) ) ;
#2281 = EDGE_LOOP ( 'NONE', ( #4211, #137, #1259, #459 ) ) ;
#2282 = PRESENTATION_LAYER_ASSIGNMENT (  '', '', ( #578 ) ) ;
#2283 = VECTOR ( 'NONE', #3370, 1000.000000000000000 ) ;
#2284 = EDGE_CURVE ( 'NONE', #3518, #721, #3239, .T. ) ;
#2285 = PRESENTATION_STYLE_ASSIGNMENT (( #5483 ) ) ;
#2286 = ORIENTED_EDGE ( 'NONE', *, *, #2981, .F. ) ;
#2287 = DIRECTION ( 'NONE',  ( 0.000000000000000000, 0.000000000000000000, -1.000000000000000000 ) ) ;
#2288 = CIRCLE ( 'NONE', #404, 0.3499999999999989231 ) ;
#2289 = CARTESIAN_POINT ( 'NONE',  ( -6.250000000000001776, -2.199999999999999734, 0.6499999999999991340 ) ) ;
#2290 = VECTOR ( 'NONE', #2317, 1000.000000000000000 ) ;
#2291 =( GEOMETRIC_REPRESENTATION_CONTEXT ( 3 ) GLOBAL_UNCERTAINTY_ASSIGNED_CONTEXT ( ( #4104 ) ) GLOBAL_UNIT_ASSIGNED_CONTEXT ( ( #1620, #5556, #4196 ) ) REPRESENTATION_CONTEXT ( 'NONE', 'WORKASPACE' ) );
#2292 = ORIENTED_EDGE ( 'NONE', *, *, #446, .F. ) ;
#2293 = ADVANCED_FACE ( 'NONE', ( #5108 ), #5819, .T. ) ;
#2294 = COLOUR_RGB ( '',1.000000000000000000, 1.000000000000000000, 1.000000000000000000 ) ;
#2295 =( NAMED_UNIT ( * ) SI_UNIT ( $, .STERADIAN. ) SOLID_ANGLE_UNIT ( ) );
#2296 = PRESENTATION_LAYER_ASSIGNMENT (  '', '', ( #4574 ) ) ;
#2297 = CARTESIAN_POINT ( 'NONE',  ( -8.700000000000002842, 0.1000000000000000056, 1.599999999999999867 ) ) ;
#2298 = FILL_AREA_STYLE ('',( #4026 ) ) ;
#2299 = CARTESIAN_POINT ( 'NONE',  ( -6.621467953893795944, -0.6867467043110409008, 0.4249999999999996003 ) ) ;
#2300 = SURFACE_STYLE_USAGE ( .BOTH. , #4079 ) ;
#2301 = COLOUR_RGB ( '',1.000000000000000000, 1.000000000000000000, 1.000000000000000000 ) ;
#2302 =( NAMED_UNIT ( * ) SI_UNIT ( $, .STERADIAN. ) SOLID_ANGLE_UNIT ( ) );
#2303 = SURFACE_SIDE_STYLE ('',( #1796 ) ) ;
#2304 = FILL_AREA_STYLE ('',( #991 ) ) ;
#2305 = DIRECTION ( 'NONE',  ( -0.000000000000000000, 1.000000000000000000, -0.000000000000000000 ) ) ;
#2306 = DIRECTION ( 'NONE',  ( -1.548860246407863336E-16, 1.000000000000000000, 0.000000000000000000 ) ) ;
#2307 = ORIENTED_EDGE ( 'NONE', *, *, #4609, .T. ) ;
#2308 =( NAMED_UNIT ( * ) PLANE_ANGLE_UNIT ( ) SI_UNIT ( $, .RADIAN. ) );
#2309 = CARTESIAN_POINT ( 'NONE',  ( 5.980707621212852487, -2.199999887382631858, 0.8811856441503035375 ) ) ;
#2310 = PRESENTATION_LAYER_ASSIGNMENT (  '', '', ( #4879 ) ) ;
#2311 = SURFACE_STYLE_FILL_AREA ( #1025 ) ;
#2312 = SURFACE_SIDE_STYLE ('',( #101 ) ) ;
#2313 = EDGE_CURVE ( 'NONE', #105, #3076, #117, .T. ) ;
#2314 = VERTEX_POINT ( 'NONE', #4584 ) ;
#2315 = SURFACE_STYLE_USAGE ( .BOTH. , #1446 ) ;
#2316 = AXIS2_PLACEMENT_3D ( 'NONE', #2089, #3894, #5695 ) ;
#2317 = DIRECTION ( 'NONE',  ( 1.000000000000000000, 0.000000000000000000, 0.000000000000000000 ) ) ;
#2318 = SURFACE_STYLE_USAGE ( .BOTH. , #14 ) ;
#2319 = ORIENTED_EDGE ( 'NONE', *, *, #366, .F. ) ;
#2320 = CARTESIAN_POINT ( 'NONE',  ( 8.000000000000001776, 1.900000000000000577, -1.729999999999998428 ) ) ;
#2321 = ORIENTED_EDGE ( 'NONE', *, *, #898, .T. ) ;
#2322 = EDGE_CURVE ( 'NONE', #4124, #5310, #2378, .T. ) ;
#2323 = CIRCLE ( 'NONE', #1848, 0.1499999999999988842 ) ;
#2324 = EDGE_LOOP ( 'NONE', ( #827, #2787, #2617 ) ) ;
#2325 = CARTESIAN_POINT ( 'NONE',  ( 6.025926863196521488, -2.199999999999999734, 0.3811297164745641730 ) ) ;
#2326 = CARTESIAN_POINT ( 'NONE',  ( -6.627980118922710773, -2.080941393045246279, 0.5124949583321537494 ) ) ;
#2327 = EDGE_CURVE ( 'NONE', #329, #3271, #2278, .T. ) ;
#2328 = CARTESIAN_POINT ( 'NONE',  ( -6.577498106791130894, -0.6301150872478108456, 0.4249999999999991007 ) ) ;
#2329 = COLOUR_RGB ( '',1.000000000000000000, 1.000000000000000000, 1.000000000000000000 ) ;
#2330 = CARTESIAN_POINT ( 'NONE',  ( -8.000000000000001776, 1.900000000000000799, -0.4300000000000065437 ) ) ;
#2331 = CARTESIAN_POINT ( 'NONE',  ( 6.518095132369091438, -0.5999999999999998668, 0.4249999999999991562 ) ) ;
#2332 =( NAMED_UNIT ( * ) SI_UNIT ( $, .STERADIAN. ) SOLID_ANGLE_UNIT ( ) );
#2333 = PLANE ( 'NONE',  #854 ) ;
#2334 =( NAMED_UNIT ( * ) PLANE_ANGLE_UNIT ( ) SI_UNIT ( $, .RADIAN. ) );
#2335 =( BOUNDED_SURFACE ( )  B_SPLINE_SURFACE ( 3, 2, ( 
 ( #2104, #3464, #5277 ),
 ( #3484, #759, #5768 ),
 ( #3996, #1236, #2134 ),
 ( #297, #1738, #4468 ) ),
 .UNSPECIFIED., .F., .F., .F. ) 
 B_SPLINE_SURFACE_WITH_KNOTS ( ( 4, 4 ),
 ( 3, 3 ),
 ( -2.740019801913136841E-06, 0.0002689158882195487972 ),
 ( 0.000000000000000000, 1.000000000000000000 ),
 .UNSPECIFIED. ) 
 GEOMETRIC_REPRESENTATION_ITEM ( )  RATIONAL_B_SPLINE_SURFACE ( (
 ( 1.000000000000000000, 1.000000000000000000, 1.000000000000000000),
 ( 1.000000000000000000, 0.9983343828585785618, 1.000000000000000000),
 ( 1.000000000000000000, 0.8988230139521506956, 1.000000000000000000),
 ( 1.000000000000000000, 0.8258888605168609454, 1.000000000000000000) ) ) 
 REPRESENTATION_ITEM ( '' )  SURFACE ( )  );
#2336 = DIRECTION ( 'NONE',  ( 0.000000000000000000, 0.000000000000000000, 1.000000000000000000 ) ) ;
#2337 = ORIENTED_EDGE ( 'NONE', *, *, #315, .F. ) ;
#2338 = ORIENTED_EDGE ( 'NONE', *, *, #4932, .F. ) ;
#2339 = CARTESIAN_POINT ( 'NONE',  ( 6.600000000000001421, -2.200000000000000178, 0.6499999999999991340 ) ) ;
#2340 = ORIENTED_EDGE ( 'NONE', *, *, #4654, .F. ) ;
#2341 =( NAMED_UNIT ( * ) SI_UNIT ( $, .STERADIAN. ) SOLID_ANGLE_UNIT ( ) );
#2342 = ORIENTED_EDGE ( 'NONE', *, *, #5552, .F. ) ;
#2343 = CARTESIAN_POINT ( 'NONE',  ( 6.634751733198990920, -2.047963268932763370, 0.8749999999999990008 ) ) ;
#2344 = EDGE_CURVE ( 'NONE', #2124, #3900, #5522, .T. ) ;
#2345 = DIRECTION ( 'NONE',  ( 0.000000000000000000, 1.000000000000000000, 0.000000000000000000 ) ) ;
#2346 = CARTESIAN_POINT ( 'NONE',  ( 8.699999999999995737, 0.000000000000000000, 1.230660171779828671 ) ) ;
#2347 = ORIENTED_EDGE ( 'NONE', *, *, #2511, .T. ) ;
#2348 = DIRECTION ( 'NONE',  ( 0.000000000000000000, 0.000000000000000000, 1.000000000000000000 ) ) ;
#2349 = ORIENTED_EDGE ( 'NONE', *, *, #4763, .F. ) ;
#2350 = VERTEX_POINT ( 'NONE', #1011 ) ;
#2351 = CARTESIAN_POINT ( 'NONE',  ( 6.616146336501874003, -0.6659998686061657791, 0.7134919907838251918 ) ) ;
#2352 =( NAMED_UNIT ( * ) SI_UNIT ( $, .STERADIAN. ) SOLID_ANGLE_UNIT ( ) );
#2353 = ORIENTED_EDGE ( 'NONE', *, *, #4684, .T. ) ;
#2354 = DIRECTION ( 'NONE',  ( 0.000000000000000000, -1.000000000000000000, -0.000000000000000000 ) ) ;
#2355 = EDGE_CURVE ( 'NONE', #3896, #4093, #200, .T. ) ;
#2356 =( LENGTH_UNIT ( ) NAMED_UNIT ( * ) SI_UNIT ( .MILLI., .METRE. ) );
#2357 = DIRECTION ( 'NONE',  ( -0.000000000000000000, -0.000000000000000000, -1.000000000000000000 ) ) ;
#2358 =( LENGTH_UNIT ( ) NAMED_UNIT ( * ) SI_UNIT ( .MILLI., .METRE. ) );
#2359 = LINE ( 'NONE', #445, #2472 ) ;
#2360 = CIRCLE ( 'NONE', #4921, 0.2000000000000000944 ) ;
#2361 = DIRECTION ( 'NONE',  ( 0.000000000000000000, 0.000000000000000000, 1.000000000000000000 ) ) ;
#2362 = VERTEX_POINT ( 'NONE', #2819 ) ;
#2363 = VERTEX_POINT ( 'NONE', #1250 ) ;
#2364 = CARTESIAN_POINT ( 'NONE',  ( -8.700000000000002842, 5.900000000000000355, 2.449999999999999734 ) ) ;
#2365 = ORIENTED_EDGE ( 'NONE', *, *, #3507, .F. ) ;
#2366 = PLANE ( 'NONE',  #1544 ) ;
#2367 = COLOUR_RGB ( '',1.000000000000000000, 1.000000000000000000, 1.000000000000000000 ) ;
#2368 = STYLED_ITEM ( 'NONE', ( #4450 ), #924 ) ;
#2369 = CARTESIAN_POINT ( 'NONE',  ( 6.612286703466489612, -2.153995607892643882, 0.8493751545494687694 ) ) ;
#2370 = PRESENTATION_LAYER_ASSIGNMENT (  '', '', ( #4071 ) ) ;
#2371 = DIRECTION ( 'NONE',  ( -1.548860246407863336E-16, -1.000000000000000000, -0.000000000000000000 ) ) ;
#2372 = AXIS2_PLACEMENT_3D ( 'NONE', #311, #2120, #1277 ) ;
#2373 = AXIS2_PLACEMENT_3D ( 'NONE', #3472, #3104, #5752 ) ;
#2374 = DIRECTION ( 'NONE',  ( 0.000000000000000000, 0.000000000000000000, -1.000000000000000000 ) ) ;
#2375 = FACE_OUTER_BOUND ( 'NONE', #1440, .T. ) ;
#2376 = ORIENTED_EDGE ( 'NONE', *, *, #361, .F. ) ;
#2377 = AXIS2_PLACEMENT_3D ( 'NONE', #4649, #581, #2182 ) ;
#2378 = CIRCLE ( 'NONE', #1151, 0.1499999999999988842 ) ;
#2379 = VERTEX_POINT ( 'NONE', #3526 ) ;
#2380 = ADVANCED_FACE ( 'NONE', ( #422 ), #3426, .T. ) ;
#2381 = ORIENTED_EDGE ( 'NONE', *, *, #3066, .T. ) ;
#2382 = PRODUCT_DEFINITION_CONTEXT ( 'detailed design', #3546, 'design' ) ;
#2383 = CARTESIAN_POINT ( 'NONE',  ( 5.900000000000001243, -0.5999999999999999778, 0.6499999999999991340 ) ) ;
#2384 = CIRCLE ( 'NONE', #2108, 0.1999999999999999833 ) ;
#2385 = CARTESIAN_POINT ( 'NONE',  ( -5.891340001468681642, -2.165901255782923585, 0.6806798721006875885 ) ) ;
#2386 = DIRECTION ( 'NONE',  ( 1.000000000000000000, 0.000000000000000000, 0.000000000000000000 ) ) ;
#2387 = ORIENTED_EDGE ( 'NONE', *, *, #3572, .T. ) ;
#2388 = DIRECTION ( 'NONE',  ( -0.000000000000000000, -0.000000000000000000, -1.000000000000000000 ) ) ;
#2389 = CARTESIAN_POINT ( 'NONE',  ( -5.865248266801011745, -2.047963268932763370, 0.4249999999999991007 ) ) ;
#2390 = EDGE_CURVE ( 'NONE', #2362, #258, #310, .T. ) ;
#2391 = AXIS2_PLACEMENT_3D ( 'NONE', #1728, #2640, #4906 ) ;
#2392 =( GEOMETRIC_REPRESENTATION_CONTEXT ( 3 ) GLOBAL_UNCERTAINTY_ASSIGNED_CONTEXT ( ( #4637 ) ) GLOBAL_UNIT_ASSIGNED_CONTEXT ( ( #4837, #1219, #2579 ) ) REPRESENTATION_CONTEXT ( 'NONE', 'WORKASPACE' ) );
#2393 = CARTESIAN_POINT ( 'NONE',  ( -6.600000000000001421, -0.5999999999999996447, 0.6499999999999992450 ) ) ;
#2394 = MECHANICAL_DESIGN_GEOMETRIC_PRESENTATION_REPRESENTATION (  '', ( #4864 ), #1534 ) ;
#2395 = FACE_OUTER_BOUND ( 'NONE', #3325, .T. ) ;
#2396 = EDGE_CURVE ( 'NONE', #1063, #2496, #5127, .T. ) ;
#2397 = AXIS2_PLACEMENT_3D ( 'NONE', #4337, #5193, #1985 ) ;
#2398 = CARTESIAN_POINT ( 'NONE',  ( 5.865248266801011745, -2.047963268932763370, 0.4249999999999991007 ) ) ;
#2399 = EDGE_LOOP ( 'NONE', ( #5065, #1100, #2752, #4255, #933, #5148, #2644 ) ) ;
#2400 = VERTEX_POINT ( 'NONE', #4945 ) ;
#2401 = PLANE ( 'NONE',  #903 ) ;
#2402 = ORIENTED_EDGE ( 'NONE', *, *, #3387, .T. ) ;
#2403 = SURFACE_STYLE_USAGE ( .BOTH. , #1474 ) ;
#2404 =( LENGTH_UNIT ( ) NAMED_UNIT ( * ) SI_UNIT ( .MILLI., .METRE. ) );
#2405 = FILL_AREA_STYLE ('',( #3734 ) ) ;
#2406 = EDGE_CURVE ( 'NONE', #3963, #2941, #2241, .T. ) ;
#2407 = VERTEX_POINT ( 'NONE', #2482 ) ;
#2408 = DIRECTION ( 'NONE',  ( -0.000000000000000000, -0.000000000000000000, 1.000000000000000000 ) ) ;
#2409 = CARTESIAN_POINT ( 'NONE',  ( -5.922501893208872659, -2.169884912752188644, 0.4249999999999991007 ) ) ;
#2410 = CARTESIAN_POINT ( 'NONE',  ( -7.100000000000002309, 1.900000000000000577, 1.770000000000001572 ) ) ;
#2411 = ORIENTED_EDGE ( 'NONE', *, *, #3111, .F. ) ;
#2412 = EDGE_LOOP ( 'NONE', ( #5069, #3406, #5266, #3835 ) ) ;
#2413 = ORIENTED_EDGE ( 'NONE', *, *, #5803, .F. ) ;
#2414 = CIRCLE ( 'NONE', #5159, 0.2000000000000000944 ) ;
#2415 = DIRECTION ( 'NONE',  ( 0.000000000000000000, 0.000000000000000000, -1.000000000000000000 ) ) ;
#2416 = DIRECTION ( 'NONE',  ( 0.000000000000000000, 0.000000000000000000, 1.000000000000000000 ) ) ;
#2417 = EDGE_LOOP ( 'NONE', ( #3814, #2949, #2804, #4778, #737, #3023, #5689 ) ) ;
#2418 = DIRECTION ( 'NONE',  ( -1.000000000000000000, 0.000000000000000000, 0.000000000000000000 ) ) ;
#2419 = PLANE ( 'NONE',  #484 ) ;
#2420 = EDGE_CURVE ( 'NONE', #2546, #5173, #1182, .T. ) ;
#2421 = DIRECTION ( 'NONE',  ( 0.000000000000000000, -1.000000000000000000, -0.000000000000000000 ) ) ;
#2422 = LINE ( 'NONE', #5304, #3936 ) ;
#2423 = MECHANICAL_DESIGN_GEOMETRIC_PRESENTATION_REPRESENTATION (  '', ( #4890 ), #438 ) ;
#2424 = AXIS2_PLACEMENT_3D ( 'NONE', #3730, #39, #1869 ) ;
#2425 = DIRECTION ( 'NONE',  ( 0.000000000000000000, 0.000000000000000000, 1.000000000000000000 ) ) ;
#2426 = ORIENTED_EDGE ( 'NONE', *, *, #2679, .T. ) ;
#2427 = ORIENTED_EDGE ( 'NONE', *, *, #246, .T. ) ;
#2428 = CARTESIAN_POINT ( 'NONE',  ( -8.000000000000001776, 5.600000000000000533, -1.729999999999998872 ) ) ;
#2429 = ORIENTED_EDGE ( 'NONE', *, *, #3588, .F. ) ;
#2430 = DIRECTION ( 'NONE',  ( 0.000000000000000000, -0.000000000000000000, -1.000000000000000000 ) ) ;
#2431 = CARTESIAN_POINT ( 'NONE',  ( 6.634831635644926173, -2.047570422884860353, 0.8765956636855010142 ) ) ;
#2432 = STYLED_ITEM ( 'NONE', ( #2455 ), #4197 ) ;
#2433 = FACE_OUTER_BOUND ( 'NONE', #5850, .T. ) ;
#2434 = CARTESIAN_POINT ( 'NONE',  ( 5.887713296452701250, -0.6460043925961715949, 0.4506248466415839204 ) ) ;
#2435 = EDGE_CURVE ( 'NONE', #5687, #3501, #4659, .T. ) ;
#2436 = ORIENTED_EDGE ( 'NONE', *, *, #180, .F. ) ;
#2437 = ORIENTED_EDGE ( 'NONE', *, *, #5296, .F. ) ;
#2438 = ORIENTED_EDGE ( 'NONE', *, *, #132, .T. ) ;
#2439 = UNCERTAINTY_MEASURE_WITH_UNIT (LENGTH_MEASURE( 1.000000000000000082E-05 ), #2230, 'distance_accuracy_value', 'NONE');
#2440 = FILL_AREA_STYLE ('',( #5618 ) ) ;
#2441 = SURFACE_STYLE_USAGE ( .BOTH. , #2303 ) ;
#2442 = SURFACE_SIDE_STYLE ('',( #1975 ) ) ;
#2443 = EDGE_LOOP ( 'NONE', ( #381, #5355, #2342, #3758, #3974, #914, #5046 ) ) ;
#2444 = DIRECTION ( 'NONE',  ( 0.000000000000000000, 1.000000000000000000, 0.000000000000000000 ) ) ;
#2445 = DIRECTION ( 'NONE',  ( 1.000000000000000000, -0.000000000000000000, -0.000000000000000000 ) ) ;
#2446 = PRESENTATION_STYLE_ASSIGNMENT (( #1047 ) ) ;
#2447 = FACE_OUTER_BOUND ( 'NONE', #5674, .T. ) ;
#2448 = FACE_OUTER_BOUND ( 'NONE', #2126, .T. ) ;
#2449 = B_SPLINE_CURVE_WITH_KNOTS ( 'NONE', 3,
 ( #2253, #1814, #4988, #4126 ),
 .UNSPECIFIED., .F., .F.,
 ( 4, 4 ),
 ( 0.000000000000000000, 0.0001969903055741216934 ),
 .UNSPECIFIED. ) ;
#2450 = ADVANCED_FACE ( 'NONE', ( #3462 ), #351, .F. ) ;
#2451 = FILL_AREA_STYLE ('',( #645 ) ) ;
#2452 = SURFACE_STYLE_FILL_AREA ( #735 ) ;
#2453 = SURFACE_STYLE_USAGE ( .BOTH. , #5635 ) ;
#2454 = EDGE_LOOP ( 'NONE', ( #3808, #2225, #2338, #5257 ) ) ;
#2455 = PRESENTATION_STYLE_ASSIGNMENT (( #303 ) ) ;
#2456 = EDGE_LOOP ( 'NONE', ( #3235, #3199, #2429, #4489, #2838 ) ) ;
#2457 = DIRECTION ( 'NONE',  ( -2.478176394252589227E-15, 0.000000000000000000, -1.000000000000000000 ) ) ;
#2458 = CYLINDRICAL_SURFACE ( 'NONE', #1060, 0.3499999999999989786 ) ;
#2459 = VECTOR ( 'NONE', #2824, 1000.000000000000000 ) ;
#2460 = EDGE_CURVE ( 'NONE', #5237, #1908, #4358, .T. ) ;
#2461 = CARTESIAN_POINT ( 'NONE',  ( 4.999999999999999112, 5.400000000000000355, 1.320000000000001616 ) ) ;
#2462 = VECTOR ( 'NONE', #3696, 1000.000000000000000 ) ;
#2463 = AXIS2_PLACEMENT_3D ( 'NONE', #3621, #5436, #3089 ) ;
#2464 = DIRECTION ( 'NONE',  ( 0.000000000000000000, -1.084202172485503571E-16, 1.000000000000000000 ) ) ;
#2465 = FACE_OUTER_BOUND ( 'NONE', #4762, .T. ) ;
#2466 = VERTEX_POINT ( 'NONE', #4824 ) ;
#2467 = CARTESIAN_POINT ( 'NONE',  ( -3.449999999999993072, -1.399999999999999689, 0.4249999999999991007 ) ) ;
#2468 = AXIS2_PLACEMENT_3D ( 'NONE', #3942, #2985, #1628 ) ;
#2469 = VERTEX_POINT ( 'NONE', #3846 ) ;
#2470 = VERTEX_POINT ( 'NONE', #2537 ) ;
#2471 = ADVANCED_FACE ( 'NONE', ( #2076 ), #2161, .T. ) ;
#2472 = VECTOR ( 'NONE', #4173, 1000.000000000000000 ) ;
#2473 = MECHANICAL_DESIGN_GEOMETRIC_PRESENTATION_REPRESENTATION (  '', ( #2944 ), #2841 ) ;
#2474 = PRESENTATION_STYLE_ASSIGNMENT (( #4318 ) ) ;
#2475 = LINE ( 'NONE', #4377, #4323 ) ;
#2476 = PRESENTATION_LAYER_ASSIGNMENT (  '', '', ( #4460 ) ) ;
#2477 = AXIS2_PLACEMENT_3D ( 'NONE', #5276, #4293, #4385 ) ;
#2478 = DIRECTION ( 'NONE',  ( 1.000000000000000000, 0.000000000000000000, 0.000000000000000000 ) ) ;
#2479 = DIRECTION ( 'NONE',  ( -1.000000000000000000, 0.000000000000000000, 0.000000000000000000 ) ) ;
#2480 = EDGE_CURVE ( 'NONE', #977, #1225, #2952, .T. ) ;
#2481 = STYLED_ITEM ( 'NONE', ( #982 ), #652 ) ;
#2482 = CARTESIAN_POINT ( 'NONE',  ( -0.4500000000000025091, 1.900000000000000577, 1.770000000000001794 ) ) ;
#2483 = CARTESIAN_POINT ( 'NONE',  ( -9.050000000000000711, -1.399999999999999689, 0.8749999999999990008 ) ) ;
#2484 = CARTESIAN_POINT ( 'NONE',  ( 3.749999999999998224, -3.299999999999999822, 0.6499999999999991340 ) ) ;
#2485 = CARTESIAN_POINT ( 'NONE',  ( 8.699999999999995737, 5.900000000000000355, 2.449999999999999734 ) ) ;
#2486 = DIRECTION ( 'NONE',  ( -1.000000000000000000, 0.000000000000000000, -1.246209393661499372E-16 ) ) ;
#2487 = MECHANICAL_DESIGN_GEOMETRIC_PRESENTATION_REPRESENTATION (  '', ( #2755 ), #1923 ) ;
#2488 = AXIS2_PLACEMENT_3D ( 'NONE', #2839, #161, #1964 ) ;
#2489 = UNCERTAINTY_MEASURE_WITH_UNIT (LENGTH_MEASURE( 1.000000000000000082E-05 ), #4165, 'distance_accuracy_value', 'NONE');
#2490 = CARTESIAN_POINT ( 'NONE',  ( 6.250000000000001776, 5.200000000000001066, 0.5000000000000002220 ) ) ;
#2491 = MECHANICAL_DESIGN_GEOMETRIC_PRESENTATION_REPRESENTATION (  '', ( #3718 ), #4673 ) ;
#2492 = ORIENTED_EDGE ( 'NONE', *, *, #4490, .F. ) ;
#2493 = FACE_OUTER_BOUND ( 'NONE', #1365, .T. ) ;
#2494 = ORIENTED_EDGE ( 'NONE', *, *, #3345, .F. ) ;
#2495 = DIRECTION ( 'NONE',  ( -0.7071067811865487940, -0.000000000000000000, 0.7071067811865463515 ) ) ;
#2496 = VERTEX_POINT ( 'NONE', #2133 ) ;
#2497 = DIRECTION ( 'NONE',  ( -0.7071067811865487940, -0.000000000000000000, -0.7071067811865463515 ) ) ;
#2498 = SURFACE_SIDE_STYLE ('',( #4752 ) ) ;
#2499 = AXIS2_PLACEMENT_3D ( 'NONE', #5040, #1933, #4602 ) ;
#2500 = SURFACE_STYLE_USAGE ( .BOTH. , #715 ) ;
#2501 = DIRECTION ( 'NONE',  ( 1.000000000000000000, -0.000000000000000000, -0.000000000000000000 ) ) ;
#2502 = EDGE_LOOP ( 'NONE', ( #1280, #482, #2083, #1961, #94, #2573, #2886, #1641, #4565, #5349, #2021, #4216, #2413, #222, #1878, #113, #4597, #5091, #5221, #4725, #1026, #4960, #1755, #2058, #355 ) ) ;
#2503 = PRESENTATION_LAYER_ASSIGNMENT (  '', '', ( #235 ) ) ;
#2504 = CARTESIAN_POINT ( 'NONE',  ( -8.700000000000002842, 1.000000000000000000, -2.450000000000000622 ) ) ;
#2505 = EDGE_CURVE ( 'NONE', #1894, #5817, #5302, .T. ) ;
#2506 = ORIENTED_EDGE ( 'NONE', *, *, #5495, .F. ) ;
#2507 = ORIENTED_EDGE ( 'NONE', *, *, #3067, .T. ) ;
#2508 = UNCERTAINTY_MEASURE_WITH_UNIT (LENGTH_MEASURE( 1.000000000000000082E-05 ), #3668, 'distance_accuracy_value', 'NONE');
#2509 = FILL_AREA_STYLE_COLOUR ( '', #2612 ) ;
#2510 = FILL_AREA_STYLE ('',( #1650 ) ) ;
#2511 = EDGE_CURVE ( 'NONE', #504, #4021, #1423, .T. ) ;
#2512 = DIRECTION ( 'NONE',  ( 0.000000000000000000, 0.000000000000000000, -1.000000000000000000 ) ) ;
#2513 = CARTESIAN_POINT ( 'NONE',  ( -6.250000000000001776, -7.989949493661161917, 0.3000000000000002109 ) ) ;
#2514 = EDGE_LOOP ( 'NONE', ( #2603, #1815, #1160 ) ) ;
#2515 = CARTESIAN_POINT ( 'NONE',  ( -1.250000000000001998, 5.200000000000001066, 0.6499999999999991340 ) ) ;
#2516 = CARTESIAN_POINT ( 'NONE',  ( 7.500000000000000000, -3.500000000000000000, 0.000000000000000000 ) ) ;
#2517 = ADVANCED_FACE ( 'NONE', ( #323 ), #3938, .T. ) ;
#2518 = DIRECTION ( 'NONE',  ( 0.000000000000000000, 0.000000000000000000, 1.000000000000000000 ) ) ;
#2519 = AXIS2_PLACEMENT_3D ( 'NONE', #5284, #1214, #3012 ) ;
#2520 = CARTESIAN_POINT ( 'NONE',  ( 5.882743583160800149, -2.132052858695643760, 0.5888655021534476841 ) ) ;
#2521 = STYLED_ITEM ( 'NONE', ( #5575 ), #3840 ) ;
#2522 = EDGE_LOOP ( 'NONE', ( #5037, #942, #5721, #5783 ) ) ;
#2523 =( LENGTH_UNIT ( ) NAMED_UNIT ( * ) SI_UNIT ( .MILLI., .METRE. ) );
#2524 = ORIENTED_EDGE ( 'NONE', *, *, #1740, .F. ) ;
#2525 = PLANE ( 'NONE',  #2397 ) ;
#2526 = DIRECTION ( 'NONE',  ( -1.000000000000000000, 0.000000000000000000, -2.710505431213760469E-17 ) ) ;
#2527 = SURFACE_STYLE_USAGE ( .BOTH. , #719 ) ;
#2528 = AXIS2_PLACEMENT_3D ( 'NONE', #901, #1400, #958 ) ;
#2529 = ORIENTED_EDGE ( 'NONE', *, *, #3951, .F. ) ;
#2530 = ORIENTED_EDGE ( 'NONE', *, *, #231, .F. ) ;
#2531 = EDGE_CURVE ( 'NONE', #1508, #4336, #2595, .T. ) ;
#2532 = TOROIDAL_SURFACE ( 'NONE', #3567, 0.1499999999999989120, 0.2000000000000000111 ) ;
#2533 =( NAMED_UNIT ( * ) SI_UNIT ( $, .STERADIAN. ) SOLID_ANGLE_UNIT ( ) );
#2534 = LINE ( 'NONE', #3872, #1572 ) ;
#2535 = CARTESIAN_POINT ( 'NONE',  ( 0.000000000000000000, 5.600000000000000533, 1.770000000000001572 ) ) ;
#2536 = DIRECTION ( 'NONE',  ( -1.548860246407863336E-16, 1.000000000000000000, 0.000000000000000000 ) ) ;
#2537 = CARTESIAN_POINT ( 'NONE',  ( -5.865248266801011745, -2.047963268932763370, 0.8749999999999990008 ) ) ;
#2538 = CARTESIAN_POINT ( 'NONE',  ( 1.249999999999997558, 1.900000000000000577, 0.2999999999999992673 ) ) ;
#2539 = CARTESIAN_POINT ( 'NONE',  ( -8.700000000000002842, 0.1000000000000000056, 1.599999999999999867 ) ) ;
#2540 = CARTESIAN_POINT ( 'NONE',  ( 2.499999999999998668, 5.400000000000000355, 1.320000000000001616 ) ) ;
#2541 = PRESENTATION_STYLE_ASSIGNMENT (( #760 ) ) ;
#2542 = EDGE_CURVE ( 'NONE', #1805, #4251, #5183, .T. ) ;
#2543 = CYLINDRICAL_SURFACE ( 'NONE', #5642, 3.250000000000007994 ) ;
#2544 = ORIENTED_EDGE ( 'NONE', *, *, #4041, .F. ) ;
#2545 = SURFACE_STYLE_FILL_AREA ( #1092 ) ;
#2546 = VERTEX_POINT ( 'NONE', #2234 ) ;
#2547 = ADVANCED_FACE ( 'NONE', ( #2726 ), #2258, .F. ) ;
#2548 = DIRECTION ( 'NONE',  ( 0.000000000000000000, -1.000000000000000000, -0.000000000000000000 ) ) ;
#2549 =( LENGTH_UNIT ( ) NAMED_UNIT ( * ) SI_UNIT ( .MILLI., .METRE. ) );
#2550 = CYLINDRICAL_SURFACE ( 'NONE', #782, 0.3499999999999989786 ) ;
#2551 = ORIENTED_EDGE ( 'NONE', *, *, #400, .T. ) ;
#2552 = CYLINDRICAL_SURFACE ( 'NONE', #900, 0.3499999999999989786 ) ;
#2553 = LINE ( 'NONE', #4372, #5332 ) ;
#2554 = ORIENTED_EDGE ( 'NONE', *, *, #971, .F. ) ;
#2555 = ORIENTED_EDGE ( 'NONE', *, *, #1130, .T. ) ;
#2556 =( GEOMETRIC_REPRESENTATION_CONTEXT ( 3 ) GLOBAL_UNCERTAINTY_ASSIGNED_CONTEXT ( ( #4805 ) ) GLOBAL_UNIT_ASSIGNED_CONTEXT ( ( #1922, #547, #609 ) ) REPRESENTATION_CONTEXT ( 'NONE', 'WORKASPACE' ) );
#2557 = FACE_OUTER_BOUND ( 'NONE', #3720, .T. ) ;
#2558 = PLANE ( 'NONE',  #3270 ) ;
#2559 = LINE ( 'NONE', #5764, #2016 ) ;
#2560 = AXIS2_PLACEMENT_3D ( 'NONE', #1888, #1399, #1860 ) ;
#2561 =( BOUNDED_SURFACE ( )  B_SPLINE_SURFACE ( 3, 2, ( 
 ( #5243, #1229, #3425 ),
 ( #346, #2974, #3030 ),
 ( #784, #2156, #3961 ),
 ( #5762, #1700, #2754 ) ),
 .UNSPECIFIED., .F., .F., .T. ) 
 B_SPLINE_SURFACE_WITH_KNOTS ( ( 4, 4 ),
 ( 3, 3 ),
 ( -2.740019801912068733E-06, 0.0002689158882195470624 ),
 ( 0.000000000000000000, 1.000000000000000000 ),
 .UNSPECIFIED. ) 
 GEOMETRIC_REPRESENTATION_ITEM ( )  RATIONAL_B_SPLINE_SURFACE ( (
 ( 1.000000000000000000, 1.000000000000000000, 1.000000000000000000),
 ( 1.000000000000000000, 0.9983343828585753421, 1.000000000000000000),
 ( 1.000000000000000000, 0.8988230139521502515, 1.000000000000000000),
 ( 1.000000000000000000, 0.8258888605168613894, 1.000000000000000000) ) ) 
 REPRESENTATION_ITEM ( '' )  SURFACE ( )  );
#2562 = DIRECTION ( 'NONE',  ( 0.000000000000000000, 0.000000000000000000, -1.000000000000000000 ) ) ;
#2563 = CIRCLE ( 'NONE', #3314, 0.3500000000000006994 ) ;
#2564 = CARTESIAN_POINT ( 'NONE',  ( 5.883853663498128661, -2.134000131393832600, 0.7134919907838236375 ) ) ;
#2565 = AXIS2_PLACEMENT_3D ( 'NONE', #5136, #2935, #2813 ) ;
#2566 = ADVANCED_FACE ( 'NONE', ( #3180 ), #5596, .T. ) ;
#2567 = DIRECTION ( 'NONE',  ( 0.000000000000000000, 0.000000000000000000, -1.000000000000000000 ) ) ;
#2568 = COLOUR_RGB ( '',1.000000000000000000, 1.000000000000000000, 1.000000000000000000 ) ;
#2569 = AXIS2_PLACEMENT_3D ( 'NONE', #2994, #4811, #742 ) ;
#2570 = PRESENTATION_STYLE_ASSIGNMENT (( #791 ) ) ;
#2571 = VECTOR ( 'NONE', #809, 1000.000000000000000 ) ;
#2572 = DIRECTION ( 'NONE',  ( 1.000000000000000000, -0.000000000000000000, 0.000000000000000000 ) ) ;
#2573 = ORIENTED_EDGE ( 'NONE', *, *, #5668, .T. ) ;
#2574 = PRESENTATION_LAYER_ASSIGNMENT (  '', '', ( #5134 ) ) ;
#2575 = DIRECTION ( 'NONE',  ( 0.000000000000000000, -0.000000000000000000, 1.000000000000000000 ) ) ;
#2576 = ORIENTED_EDGE ( 'NONE', *, *, #42, .F. ) ;
#2577 = FILL_AREA_STYLE_COLOUR ( '', #5434 ) ;
#2578 = ADVANCED_FACE ( 'NONE', ( #5766 ), #3397, .T. ) ;
#2579 =( NAMED_UNIT ( * ) SI_UNIT ( $, .STERADIAN. ) SOLID_ANGLE_UNIT ( ) );
#2580 = CARTESIAN_POINT ( 'NONE',  ( 6.250000000000001776, -3.500000000000000000, 0.6499999999999991340 ) ) ;
#2581 = MECHANICAL_DESIGN_GEOMETRIC_PRESENTATION_REPRESENTATION (  '', ( #4879 ), #2291 ) ;
#2582 = VECTOR ( 'NONE', #2501, 1000.000000000000000 ) ;
#2583 = DIRECTION ( 'NONE',  ( 0.000000000000000000, -1.000000000000000000, 0.000000000000000000 ) ) ;
#2584 = FILL_AREA_STYLE_COLOUR ( '', #2043 ) ;
#2585 = PRESENTATION_STYLE_ASSIGNMENT (( #1255 ) ) ;
#2586 = ORIENTED_EDGE ( 'NONE', *, *, #873, .T. ) ;
#2587 = CYLINDRICAL_SURFACE ( 'NONE', #1762, 0.3499999999999998113 ) ;
#2588 = ADVANCED_FACE ( 'NONE', ( #24 ), #3539, .F. ) ;
#2589 = PRESENTATION_LAYER_ASSIGNMENT (  '', '', ( #3718 ) ) ;
#2590 = ORIENTED_EDGE ( 'NONE', *, *, #5011, .F. ) ;
#2591 = CARTESIAN_POINT ( 'NONE',  ( -3.750000000000002220, -3.299999999999999822, 0.9999999999999981126 ) ) ;
#2592 = VERTEX_POINT ( 'NONE', #3329 ) ;
#2593 = CARTESIAN_POINT ( 'NONE',  ( 8.699999999999995737, 5.399999999999999467, -1.230000000000006199 ) ) ;
#2594 = CARTESIAN_POINT ( 'NONE',  ( -5.900000000000002132, -2.199999999999998845, 0.6499999999999991340 ) ) ;
#2595 = LINE ( 'NONE', #3966, #2283 ) ;
#2596 = CARTESIAN_POINT ( 'NONE',  ( 5.865168364355077379, -2.047570422884861241, 0.4234043363144970318 ) ) ;
#2597 = CIRCLE ( 'NONE', #2137, 0.1499999999999988842 ) ;
#2598 =( NAMED_UNIT ( * ) PLANE_ANGLE_UNIT ( ) SI_UNIT ( $, .RADIAN. ) );
#2599 = CIRCLE ( 'NONE', #152, 0.3499999999999998113 ) ;
#2600 = EDGE_CURVE ( 'NONE', #2984, #1652, #679, .T. ) ;
#2601 = SURFACE_STYLE_USAGE ( .BOTH. , #1597 ) ;
#2602 = DIRECTION ( 'NONE',  ( 0.000000000000000000, 0.000000000000000000, 1.000000000000000000 ) ) ;
#2603 = ORIENTED_EDGE ( 'NONE', *, *, #3376, .T. ) ;
#2604 = DIRECTION ( 'NONE',  ( -0.000000000000000000, -0.7071067811865473507, 0.7071067811865477948 ) ) ;
#2605 = EDGE_LOOP ( 'NONE', ( #280, #5106, #4747, #2093 ) ) ;
#2606 = CARTESIAN_POINT ( 'NONE',  ( 7.999999999999996447, 1.000000000000000000, -1.449999999999999067 ) ) ;
#2607 = TOROIDAL_SURFACE ( 'NONE', #1757, 0.1499999999999989120, 0.2000000000000000111 ) ;
#2608 = DIRECTION ( 'NONE',  ( -0.000000000000000000, 1.000000000000000000, -0.000000000000000000 ) ) ;
#2609 = FACE_OUTER_BOUND ( 'NONE', #1020, .T. ) ;
#2610 = DIRECTION ( 'NONE',  ( -0.000000000000000000, 1.000000000000000000, -0.000000000000000000 ) ) ;
#2611 = EDGE_CURVE ( 'NONE', #5562, #4625, #141, .T. ) ;
#2612 = COLOUR_RGB ( '',0.7921568627450980005, 0.8196078431372548767, 0.9333333333333333481 ) ;
#2613 = FACE_OUTER_BOUND ( 'NONE', #43, .T. ) ;
#2614 =( NAMED_UNIT ( * ) PLANE_ANGLE_UNIT ( ) SI_UNIT ( $, .RADIAN. ) );
#2615 = EDGE_LOOP ( 'NONE', ( #5525, #1671 ) ) ;
#2616 = CARTESIAN_POINT ( 'NONE',  ( 0.000000000000000000, 5.400000000000000355, 0.000000000000000000 ) ) ;
#2617 = ORIENTED_EDGE ( 'NONE', *, *, #5063, .F. ) ;
#2618 = CARTESIAN_POINT ( 'NONE',  ( -5.865248266801011745, -2.047963268932763370, 0.8749999999999990008 ) ) ;
#2619 = EDGE_CURVE ( 'NONE', #4606, #4656, #4164, .T. ) ;
#2620 = FACE_OUTER_BOUND ( 'NONE', #3869, .T. ) ;
#2621 =( GEOMETRIC_REPRESENTATION_CONTEXT ( 3 ) GLOBAL_UNCERTAINTY_ASSIGNED_CONTEXT ( ( #723 ) ) GLOBAL_UNIT_ASSIGNED_CONTEXT ( ( #4920, #2661, #5371 ) ) REPRESENTATION_CONTEXT ( 'NONE', 'WORKASPACE' ) );
#2622 = CARTESIAN_POINT ( 'NONE',  ( 7.999999999999996447, 4.899999999999999467, -1.230000000000000648 ) ) ;
#2623 = DIRECTION ( 'NONE',  ( -2.478176394252589227E-15, 0.000000000000000000, -1.000000000000000000 ) ) ;
#2624 = EDGE_LOOP ( 'NONE', ( #254, #1911, #4131, #5399, #5504, #2292, #4432, #392, #1644 ) ) ;
#2625 = SURFACE_STYLE_FILL_AREA ( #3460 ) ;
#2626 = ORIENTED_EDGE ( 'NONE', *, *, #5767, .T. ) ;
#2627 = COLOUR_RGB ( '',1.000000000000000000, 1.000000000000000000, 1.000000000000000000 ) ;
#2628 = CARTESIAN_POINT ( 'NONE',  ( -6.627980118922710773, -0.7190586069547536541, 0.7875050416678441856 ) ) ;
#2629 = DIRECTION ( 'NONE',  ( 0.000000000000000000, -1.000000000000000000, 0.000000000000000000 ) ) ;
#2630 = ORIENTED_EDGE ( 'NONE', *, *, #1270, .T. ) ;
#2631 = LINE ( 'NONE', #5388, #271 ) ;
#2632 = CARTESIAN_POINT ( 'NONE',  ( -1.250000000000001998, -3.299999999999999822, 0.6499999999999991340 ) ) ;
#2633 = DIRECTION ( 'NONE',  ( -0.000000000000000000, 1.000000000000000000, -0.000000000000000000 ) ) ;
#2634 = ADVANCED_FACE ( 'NONE', ( #4106 ), #172, .F. ) ;
#2635 = LINE ( 'NONE', #423, #2275 ) ;
#2636 = CARTESIAN_POINT ( 'NONE',  ( 7.999999999999996447, 0.1000000000000000472, 0.2699999999999973532 ) ) ;
#2637 = ORIENTED_EDGE ( 'NONE', *, *, #5454, .F. ) ;
#2638 = ORIENTED_EDGE ( 'NONE', *, *, #1921, .F. ) ;
#2639 = FILL_AREA_STYLE_COLOUR ( '', #2294 ) ;
#2640 = DIRECTION ( 'NONE',  ( 0.000000000000000000, 1.000000000000000000, 0.000000000000000000 ) ) ;
#2641 = ORIENTED_EDGE ( 'NONE', *, *, #1764, .F. ) ;
#2642 = DIRECTION ( 'NONE',  ( 0.000000000000000000, 0.000000000000000000, 1.000000000000000000 ) ) ;
#2643 = EDGE_CURVE ( 'NONE', #5574, #1981, #5031, .T. ) ;
#2644 = ORIENTED_EDGE ( 'NONE', *, *, #833, .F. ) ;
#2645 = VECTOR ( 'NONE', #905, 1000.000000000000000 ) ;
#2646 = PLANE ( 'NONE',  #5030 ) ;
#2647 = DIRECTION ( 'NONE',  ( 0.7071067811865462405, -0.000000000000000000, 0.7071067811865489050 ) ) ;
#2648 = EDGE_CURVE ( 'NONE', #2836, #5731, #5700, .T. ) ;
#2649 =( GEOMETRIC_REPRESENTATION_CONTEXT ( 3 ) GLOBAL_UNCERTAINTY_ASSIGNED_CONTEXT ( ( #4744 ) ) GLOBAL_UNIT_ASSIGNED_CONTEXT ( ( #4771, #4258, #5117 ) ) REPRESENTATION_CONTEXT ( 'NONE', 'WORKASPACE' ) );
#2650 = PLANE ( 'NONE',  #618 ) ;
#2651 = CARTESIAN_POINT ( 'NONE',  ( 1.249999999999997558, 5.400000000000000355, 0.6499999999999991340 ) ) ;
#2652 = DIRECTION ( 'NONE',  ( 0.000000000000000000, 1.000000000000000000, 0.000000000000000000 ) ) ;
#2653 = CIRCLE ( 'NONE', #3133, 0.3499999999999989786 ) ;
#2654 = LINE ( 'NONE', #797, #3528 ) ;
#2655 =( GEOMETRIC_REPRESENTATION_CONTEXT ( 3 ) GLOBAL_UNCERTAINTY_ASSIGNED_CONTEXT ( ( #3629 ) ) GLOBAL_UNIT_ASSIGNED_CONTEXT ( ( #241, #1622, #1591 ) ) REPRESENTATION_CONTEXT ( 'NONE', 'WORKASPACE' ) );
#2656 =( NAMED_UNIT ( * ) PLANE_ANGLE_UNIT ( ) SI_UNIT ( $, .RADIAN. ) );
#2657 = COLOUR_RGB ( '',1.000000000000000000, 1.000000000000000000, 1.000000000000000000 ) ;
#2658 = AXIS2_PLACEMENT_3D ( 'NONE', #5580, #1944, #604 ) ;
#2659 = DIRECTION ( 'NONE',  ( 1.000000000000000000, 0.000000000000000000, -1.224646799147353207E-16 ) ) ;
#2660 = SURFACE_STYLE_USAGE ( .BOTH. , #3019 ) ;
#2661 =( NAMED_UNIT ( * ) PLANE_ANGLE_UNIT ( ) SI_UNIT ( $, .RADIAN. ) );
#2662 = CIRCLE ( 'NONE', #5799, 0.1999999999999999833 ) ;
#2663 = EDGE_LOOP ( 'NONE', ( #2833, #4334, #3650, #4402 ) ) ;
#2664 = DIRECTION ( 'NONE',  ( -1.000000000000000000, 0.000000000000000000, 1.858632295689442709E-15 ) ) ;
#2665 = PRESENTATION_LAYER_ASSIGNMENT (  '', '', ( #5244 ) ) ;
#2666 = EDGE_CURVE ( 'NONE', #2818, #3108, #2853, .T. ) ;
#2667 = CARTESIAN_POINT ( 'NONE',  ( -6.577521440819295684, -2.169873083288446303, 0.4249999999999993783 ) ) ;
#2668 = FILL_AREA_STYLE ('',( #5376 ) ) ;
#2669 = COLOUR_RGB ( '',1.000000000000000000, 1.000000000000000000, 1.000000000000000000 ) ;
#2670 = DIRECTION ( 'NONE',  ( -1.000000000000000000, 0.000000000000000000, -4.336808689942033513E-15 ) ) ;
#2671 = DIRECTION ( 'NONE',  ( -1.000000000000000000, -0.000000000000000000, -0.000000000000000000 ) ) ;
#2672 = ORIENTED_EDGE ( 'NONE', *, *, #730, .T. ) ;
#2673 =( GEOMETRIC_REPRESENTATION_CONTEXT ( 3 ) GLOBAL_UNCERTAINTY_ASSIGNED_CONTEXT ( ( #4344 ) ) GLOBAL_UNIT_ASSIGNED_CONTEXT ( ( #5566, #2059, #1635 ) ) REPRESENTATION_CONTEXT ( 'NONE', 'WORKASPACE' ) );
#2674 = CARTESIAN_POINT ( 'NONE',  ( 6.025926863196521488, -0.5999999999999998668, 0.9188702835254340950 ) ) ;
#2675 = ADVANCED_FACE ( 'NONE', ( #2759 ), #1518, .T. ) ;
#2676 = DIRECTION ( 'NONE',  ( 0.000000000000000000, 1.000000000000000000, 0.000000000000000000 ) ) ;
#2677 = FACE_OUTER_BOUND ( 'NONE', #2692, .T. ) ;
#2678 = CARTESIAN_POINT ( 'NONE',  ( 6.617455855588503688, -0.6687324313797231579, 0.7118847074930603203 ) ) ;
#2679 = EDGE_CURVE ( 'NONE', #4045, #3392, #3241, .T. ) ;
#2680 = CARTESIAN_POINT ( 'NONE',  ( 3.749999999999998224, 0.1000000000000000056, 0.6499999999999991340 ) ) ;
#2681 = FACE_OUTER_BOUND ( 'NONE', #2226, .T. ) ;
#2682 = DIRECTION ( 'NONE',  ( 0.000000000000000000, 0.000000000000000000, -1.000000000000000000 ) ) ;
#2683 = DIRECTION ( 'NONE',  ( 1.000000000000000000, -0.000000000000000000, -0.000000000000000000 ) ) ;
#2684 = DIRECTION ( 'NONE',  ( 0.7071067811865462405, -0.000000000000000000, 0.7071067811865489050 ) ) ;
#2685 = FACE_OUTER_BOUND ( 'NONE', #5410, .T. ) ;
#2686 = VECTOR ( 'NONE', #4108, 1000.000000000000000 ) ;
#2687 = LINE ( 'NONE', #448, #3117 ) ;
#2688 = CARTESIAN_POINT ( 'NONE',  ( -5.900000000000002132, -2.199999999999999734, 0.6499999999999991340 ) ) ;
#2689 = DIRECTION ( 'NONE',  ( 0.000000000000000000, 1.000000000000000000, 0.000000000000000000 ) ) ;
#2690 = DIRECTION ( 'NONE',  ( -0.000000000000000000, -0.000000000000000000, -1.000000000000000000 ) ) ;
#2691 = MECHANICAL_DESIGN_GEOMETRIC_PRESENTATION_REPRESENTATION (  '', ( #778 ), #54 ) ;
#2692 = EDGE_LOOP ( 'NONE', ( #1203, #2340, #5565 ) ) ;
#2693 =( NAMED_UNIT ( * ) SI_UNIT ( $, .STERADIAN. ) SOLID_ANGLE_UNIT ( ) );
#2694 = DIRECTION ( 'NONE',  ( 0.000000000000000000, 0.000000000000000000, -1.000000000000000000 ) ) ;
#2695 = ORIENTED_EDGE ( 'NONE', *, *, #3091, .F. ) ;
#2696 = AXIS2_PLACEMENT_3D ( 'NONE', #1354, #5453, #5619 ) ;
#2697 = CARTESIAN_POINT ( 'NONE',  ( -5.981904867630913003, -2.199999999999999734, 0.8749999999999987788 ) ) ;
#2698 = DIRECTION ( 'NONE',  ( 0.000000000000000000, -1.000000000000000000, 0.000000000000000000 ) ) ;
#2699 = ORIENTED_EDGE ( 'NONE', *, *, #828, .F. ) ;
#2700 = MECHANICAL_DESIGN_GEOMETRIC_PRESENTATION_REPRESENTATION (  '', ( #5175 ), #1852 ) ;
#2701 = EDGE_CURVE ( 'NONE', #2470, #5595, #3496, .T. ) ;
#2702 = ORIENTED_EDGE ( 'NONE', *, *, #1085, .F. ) ;
#2703 = PRESENTATION_STYLE_ASSIGNMENT (( #4492 ) ) ;
#2704 = DIRECTION ( 'NONE',  ( -0.000000000000000000, -0.000000000000000000, -1.000000000000000000 ) ) ;
#2705 = EDGE_CURVE ( 'NONE', #4093, #665, #2164, .T. ) ;
#2706 = DIRECTION ( 'NONE',  ( 0.000000000000000000, 1.000000000000000000, 1.084202172485503571E-16 ) ) ;
#2707 = DIRECTION ( 'NONE',  ( -1.000000000000000000, 0.000000000000000000, 0.000000000000000000 ) ) ;
#2708 = DIRECTION ( 'NONE',  ( 1.000000000000000000, -0.000000000000000000, 4.646580739223595925E-16 ) ) ;
#2709 = CARTESIAN_POINT ( 'NONE',  ( 6.249999999999998224, 0.1000000000000000056, 0.6499999999999991340 ) ) ;
#2710 = ADVANCED_FACE ( 'NONE', ( #1486 ), #2070, .F. ) ;
#2711 = CARTESIAN_POINT ( 'NONE',  ( -5.900000000000002132, -2.199999999999999289, 0.6499999999999991340 ) ) ;
#2712 = ORIENTED_EDGE ( 'NONE', *, *, #1213, .F. ) ;
#2713 = PLANE ( 'NONE',  #3463 ) ;
#2714 = ORIENTED_EDGE ( 'NONE', *, *, #4905, .F. ) ;
#2715 = CYLINDRICAL_SURFACE ( 'NONE', #2424, 0.3499999999999989786 ) ;
#2716 = PRESENTATION_STYLE_ASSIGNMENT (( #5009 ) ) ;
#2717 = DIRECTION ( 'NONE',  ( 0.000000000000000000, 1.000000000000000000, 0.000000000000000000 ) ) ;
#2718 = PLANE ( 'NONE',  #3534 ) ;
#2719 = EDGE_CURVE ( 'NONE', #4417, #4903, #1176, .T. ) ;
#2720 = ORIENTED_EDGE ( 'NONE', *, *, #3316, .T. ) ;
#2721 = CARTESIAN_POINT ( 'NONE',  ( -8.000000000000001776, 1.900000000000000577, 0.8700000000000014388 ) ) ;
#2722 = FACE_OUTER_BOUND ( 'NONE', #1994, .T. ) ;
#2723 = PLANE ( 'NONE',  #4084 ) ;
#2724 = ORIENTED_EDGE ( 'NONE', *, *, #1510, .T. ) ;
#2725 = UNCERTAINTY_MEASURE_WITH_UNIT (LENGTH_MEASURE( 1.000000000000000082E-05 ), #923, 'distance_accuracy_value', 'NONE');
#2726 = FACE_OUTER_BOUND ( 'NONE', #485, .T. ) ;
#2727 = PLANE ( 'NONE',  #5593 ) ;
#2728 = CARTESIAN_POINT ( 'NONE',  ( -6.616146336501874003, -2.134000131393833932, 0.5865080092161727432 ) ) ;
#2729 = CARTESIAN_POINT ( 'NONE',  ( 1.249999999999997558, 5.200000000000001066, 0.9999999999999981126 ) ) ;
#2730 = DIRECTION ( 'NONE',  ( 0.000000000000000000, 1.000000000000000000, 0.000000000000000000 ) ) ;
#2731 = SURFACE_STYLE_FILL_AREA ( #1352 ) ;
#2732 = EDGE_CURVE ( 'NONE', #287, #2314, #4664, .T. ) ;
#2733 = CARTESIAN_POINT ( 'NONE',  ( -6.577498106791130006, -2.169884912752188644, 0.8749999999999990008 ) ) ;
#2734 = AXIS2_PLACEMENT_3D ( 'NONE', #439, #4029, #955 ) ;
#2735 =( BOUNDED_SURFACE ( )  B_SPLINE_SURFACE ( 3, 2, ( 
 ( #70, #4566, #2837 ),
 ( #4181, #1023, #2807 ),
 ( #2309, #4624, #5480 ),
 ( #4120, #127, #1931 ) ),
 .UNSPECIFIED., .F., .F., .F. ) 
 B_SPLINE_SURFACE_WITH_KNOTS ( ( 4, 4 ),
 ( 3, 3 ),
 ( -2.740019801913353682E-06, 0.0002689158882195616450 ),
 ( 0.000000000000000000, 1.000000000000000000 ),
 .UNSPECIFIED. ) 
 GEOMETRIC_REPRESENTATION_ITEM ( )  RATIONAL_B_SPLINE_SURFACE ( (
 ( 1.000000000000000000, 1.000000000000000000, 1.000000000000000000),
 ( 1.000000000000000000, 0.9983343828585853341, 1.000000000000000000),
 ( 1.000000000000000000, 0.8988230139521397044, 1.000000000000000000),
 ( 1.000000000000000000, 0.8258888605168622776, 1.000000000000000000) ) ) 
 REPRESENTATION_ITEM ( '' )  SURFACE ( )  );
#2736 = AXIS2_PLACEMENT_3D ( 'NONE', #4889, #2629, #4438 ) ;
#2737 = PRESENTATION_LAYER_ASSIGNMENT (  '', '', ( #1799 ) ) ;
#2738 = LINE ( 'NONE', #5839, #2462 ) ;
#2739 = ORIENTED_EDGE ( 'NONE', *, *, #1122, .F. ) ;
#2740 = VECTOR ( 'NONE', #1624, 1000.000000000000000 ) ;
#2741 = SURFACE_STYLE_FILL_AREA ( #4117 ) ;
#2742 = ADVANCED_FACE ( 'NONE', ( #2557 ), #661, .T. ) ;
#2743 = ORIENTED_EDGE ( 'NONE', *, *, #366, .T. ) ;
#2744 = CARTESIAN_POINT ( 'NONE',  ( 3.749999999999998224, 0.000000000000000000, 0.9999999999999988898 ) ) ;
#2745 =( LENGTH_UNIT ( ) NAMED_UNIT ( * ) SI_UNIT ( .MILLI., .METRE. ) );
#2746 = CARTESIAN_POINT ( 'NONE',  ( -2.500000000000000444, 5.400000000000000355, 1.320000000000001616 ) ) ;
#2747 = EDGE_LOOP ( 'NONE', ( #288, #452, #1946, #198, #748, #5637, #856, #739, #5378 ) ) ;
#2748 = VECTOR ( 'NONE', #2386, 1000.000000000000000 ) ;
#2749 = CARTESIAN_POINT ( 'NONE',  ( 6.630143041986722885, -2.070615073486788749, 0.7840470467656734943 ) ) ;
#2750 = CARTESIAN_POINT ( 'NONE',  ( -5.981904867630913003, -2.199999999999999734, 0.8749999999999987788 ) ) ;
#2751 = ADVANCED_FACE ( 'NONE', ( #3394 ), #3933, .F. ) ;
#2752 = ORIENTED_EDGE ( 'NONE', *, *, #5605, .T. ) ;
#2753 = CIRCLE ( 'NONE', #3516, 0.2000000000000000944 ) ;
#2754 = CARTESIAN_POINT ( 'NONE',  ( -6.474073136803482065, -0.5999999999999998668, 0.9188702835254347612 ) ) ;
#2755 = STYLED_ITEM ( 'NONE', ( #2285 ), #2943 ) ;
#2756 = EDGE_LOOP ( 'NONE', ( #4792, #3760 ) ) ;
#2757 = DIRECTION ( 'NONE',  ( 0.000000000000000000, 0.000000000000000000, 1.000000000000000000 ) ) ;
#2758 = MECHANICAL_DESIGN_GEOMETRIC_PRESENTATION_REPRESENTATION (  '', ( #4571 ), #2018 ) ;
#2759 = FACE_OUTER_BOUND ( 'NONE', #2747, .T. ) ;
#2760 = CIRCLE ( 'NONE', #2023, 0.3499999999999989231 ) ;
#2761 = DIRECTION ( 'NONE',  ( -0.000000000000000000, -1.000000000000000000, -0.000000000000000000 ) ) ;
#2762 =( NAMED_UNIT ( * ) PLANE_ANGLE_UNIT ( ) SI_UNIT ( $, .RADIAN. ) );
#2763 = CARTESIAN_POINT ( 'NONE',  ( -6.600000000000001421, -0.5999999999999998668, 0.6499999999999991340 ) ) ;
#2764 = DIRECTION ( 'NONE',  ( -0.7071067811865493491, -0.000000000000000000, 0.7071067811865456854 ) ) ;
#2765 = COLOUR_RGB ( '',1.000000000000000000, 1.000000000000000000, 1.000000000000000000 ) ;
#2766 = AXIS2_PLACEMENT_3D ( 'NONE', #3685, #4469, #3124 ) ;
#2767 = SURFACE_STYLE_USAGE ( .BOTH. , #464 ) ;
#2768 = CARTESIAN_POINT ( 'NONE',  ( -6.634751733198990920, -2.047963268932763370, 0.8749999999999990008 ) ) ;
#2769 = FILL_AREA_STYLE_COLOUR ( '', #4133 ) ;
#2770 = EDGE_CURVE ( 'NONE', #4730, #3805, #5268, .T. ) ;
#2771 = CARTESIAN_POINT ( 'NONE',  ( -5.865168364355077379, -2.047570422884860353, 0.4234043363144970318 ) ) ;
#2772 = ORIENTED_EDGE ( 'NONE', *, *, #88, .T. ) ;
#2773 = PRESENTATION_STYLE_ASSIGNMENT (( #2805 ) ) ;
#2774 = VERTEX_POINT ( 'NONE', #4376 ) ;
#2775 = DIRECTION ( 'NONE',  ( -0.000000000000000000, 1.000000000000000000, -0.000000000000000000 ) ) ;
#2776 = ORIENTED_EDGE ( 'NONE', *, *, #1374, .F. ) ;
#2777 = SURFACE_STYLE_USAGE ( .BOTH. , #5070 ) ;
#2778 =( BOUNDED_SURFACE ( )  B_SPLINE_SURFACE ( 3, 2, ( 
 ( #4698, #629, #5609 ),
 ( #136, #228, #4631 ),
 ( #2029, #2434, #4757 ),
 ( #4247, #5101, #561 ) ),
 .UNSPECIFIED., .F., .F., .F. ) 
 B_SPLINE_SURFACE_WITH_KNOTS ( ( 4, 4 ),
 ( 3, 3 ),
 ( -2.740019801911632511E-06, 0.0002689158882195598018 ),
 ( 0.000000000000000000, 1.000000000000000000 ),
 .UNSPECIFIED. ) 
 GEOMETRIC_REPRESENTATION_ITEM ( )  RATIONAL_B_SPLINE_SURFACE ( (
 ( 1.000000000000000000, 1.000000000000000000, 1.000000000000000000),
 ( 1.000000000000000000, 0.9983343828585850011, 1.000000000000000000),
 ( 1.000000000000000000, 0.8988230139521400375, 1.000000000000000000),
 ( 1.000000000000000000, 0.8258888605168612784, 1.000000000000000000) ) ) 
 REPRESENTATION_ITEM ( '' )  SURFACE ( )  );
#2779 = VECTOR ( 'NONE', #3007, 1000.000000000000000 ) ;
#2780 = CARTESIAN_POINT ( 'NONE',  ( -3.750000000000002220, 5.400000000000000355, 0.6499999999999991340 ) ) ;
#2781 = DIRECTION ( 'NONE',  ( 0.000000000000000000, -1.000000000000000000, 0.000000000000000000 ) ) ;
#2782 = ORIENTED_EDGE ( 'NONE', *, *, #4459, .F. ) ;
#2783 = ADVANCED_FACE ( 'NONE', ( #1673 ), #226, .T. ) ;
#2784 =( NAMED_UNIT ( * ) SI_UNIT ( $, .STERADIAN. ) SOLID_ANGLE_UNIT ( ) );
#2785 = ORIENTED_EDGE ( 'NONE', *, *, #2912, .F. ) ;
#2786 = ORIENTED_EDGE ( 'NONE', *, *, #3770, .F. ) ;
#2787 = ORIENTED_EDGE ( 'NONE', *, *, #892, .F. ) ;
#2788 = EDGE_CURVE ( 'NONE', #1298, #1660, #344, .T. ) ;
#2789 = UNCERTAINTY_MEASURE_WITH_UNIT (LENGTH_MEASURE( 1.000000000000000082E-05 ), #99, 'distance_accuracy_value', 'NONE');
#2790 = DIRECTION ( 'NONE',  ( 0.000000000000000000, 1.000000000000000000, 0.000000000000000000 ) ) ;
#2791 =( NAMED_UNIT ( * ) SI_UNIT ( $, .STERADIAN. ) SOLID_ANGLE_UNIT ( ) );
#2792 =( GEOMETRIC_REPRESENTATION_CONTEXT ( 3 ) GLOBAL_UNCERTAINTY_ASSIGNED_CONTEXT ( ( #2439 ) ) GLOBAL_UNIT_ASSIGNED_CONTEXT ( ( #2230, #4515, #15 ) ) REPRESENTATION_CONTEXT ( 'NONE', 'WORKASPACE' ) );
#2793 = CARTESIAN_POINT ( 'NONE',  ( -6.600000000000001421, -2.199999999999999734, 0.4249999999999991007 ) ) ;
#2794 = ORIENTED_EDGE ( 'NONE', *, *, #4743, .F. ) ;
#2795 = DIRECTION ( 'NONE',  ( 0.000000000000000000, 0.000000000000000000, -1.000000000000000000 ) ) ;
#2796 = CARTESIAN_POINT ( 'NONE',  ( 6.599999878747168758, -0.5999995225669699783, 0.7941049229277082899 ) ) ;
#2797 = AXIS2_PLACEMENT_3D ( 'NONE', #259, #3449, #2065 ) ;
#2798 = FILL_AREA_STYLE ('',( #1430 ) ) ;
#2799 = CARTESIAN_POINT ( 'NONE',  ( -6.630304663736358073, -0.7301653679441050260, 0.5148966399685585005 ) ) ;
#2800 =( GEOMETRIC_REPRESENTATION_CONTEXT ( 3 ) GLOBAL_UNCERTAINTY_ASSIGNED_CONTEXT ( ( #2725 ) ) GLOBAL_UNIT_ASSIGNED_CONTEXT ( ( #923, #2334, #5029 ) ) REPRESENTATION_CONTEXT ( 'NONE', 'WORKASPACE' ) );
#2801 = PRESENTATION_STYLE_ASSIGNMENT (( #119 ) ) ;
#2802 = CIRCLE ( 'NONE', #4140, 0.1499999999999988842 ) ;
#2803 = CARTESIAN_POINT ( 'NONE',  ( 6.250000000000001776, -0.5999999999999998668, 0.6499999999999991340 ) ) ;
#2804 = ORIENTED_EDGE ( 'NONE', *, *, #2284, .T. ) ;
#2805 = SURFACE_STYLE_USAGE ( .BOTH. , #95 ) ;
#2806 = ORIENTED_EDGE ( 'NONE', *, *, #4603, .F. ) ;
#2807 = CARTESIAN_POINT ( 'NONE',  ( 5.882544144411663289, -2.131267568620911934, 0.7118847074950194198 ) ) ;
#2808 = EDGE_LOOP ( 'NONE', ( #4373, #5211, #2817, #2995, #5563, #3767 ) ) ;
#2809 = EDGE_CURVE ( 'NONE', #1199, #1034, #5423, .T. ) ;
#2810 = CARTESIAN_POINT ( 'NONE',  ( 6.608906928000035208, -2.164926912512350032, 0.7523581154776601831 ) ) ;
#2811 = CARTESIAN_POINT ( 'NONE',  ( -1.250000000000001998, 0.1000000000000000056, 0.6499999999999991340 ) ) ;
#2812 = CARTESIAN_POINT ( 'NONE',  ( -8.000000000000003553, 1.000000000000000000, 0.2699999999999992961 ) ) ;
#2813 = DIRECTION ( 'NONE',  ( 0.000000000000000000, 0.000000000000000000, 1.000000000000000000 ) ) ;
#2814 = EDGE_LOOP ( 'NONE', ( #476, #705, #3361, #4810 ) ) ;
#2815 = FACE_OUTER_BOUND ( 'NONE', #125, .T. ) ;
#2816 = EDGE_CURVE ( 'NONE', #5441, #292, #4390, .T. ) ;
#2817 = ORIENTED_EDGE ( 'NONE', *, *, #2406, .F. ) ;
#2818 = VERTEX_POINT ( 'NONE', #2591 ) ;
#2819 = CARTESIAN_POINT ( 'NONE',  ( 3.749999999999998224, -3.500000000000000000, 0.5000000000000002220 ) ) ;
#2820 = DIRECTION ( 'NONE',  ( 0.000000000000000000, 1.000000000000000000, 0.000000000000000000 ) ) ;
#2821 = ADVANCED_FACE ( 'NONE', ( #2620 ), #3063, .T. ) ;
#2822 = VERTEX_POINT ( 'NONE', #807 ) ;
#2823 = CYLINDRICAL_SURFACE ( 'NONE', #3147, 0.3500000000000006994 ) ;
#2824 = DIRECTION ( 'NONE',  ( -0.000000000000000000, 1.000000000000000000, -0.000000000000000000 ) ) ;
#2825 = SURFACE_STYLE_FILL_AREA ( #2798 ) ;
#2826 = DIRECTION ( 'NONE',  ( -0.000000000000000000, -1.000000000000000000, -0.000000000000000000 ) ) ;
#2827 = ADVANCED_FACE ( 'NONE', ( #2176 ), #4192, .T. ) ;
#2828 = CYLINDRICAL_SURFACE ( 'NONE', #2528, 0.3499999999999998113 ) ;
#2829 = ORIENTED_EDGE ( 'NONE', *, *, #1201, .F. ) ;
#2830 = COLOUR_RGB ( '',1.000000000000000000, 1.000000000000000000, 1.000000000000000000 ) ;
#2831 = AXIS2_PLACEMENT_3D ( 'NONE', #3335, #2354, #577 ) ;
#2832 = CARTESIAN_POINT ( 'NONE',  ( 6.617455855811665622, -0.6687324322584251579, 0.5881152952560128044 ) ) ;
#2833 = ORIENTED_EDGE ( 'NONE', *, *, #182, .T. ) ;
#2834 = FACE_OUTER_BOUND ( 'NONE', #4731, .T. ) ;
#2835 = PRESENTATION_LAYER_ASSIGNMENT (  '', '', ( #570 ) ) ;
#2836 = VERTEX_POINT ( 'NONE', #1758 ) ;
#2837 = CARTESIAN_POINT ( 'NONE',  ( 5.900000000000002132, -2.199999999999999734, 0.6499999999999991340 ) ) ;
#2838 = ORIENTED_EDGE ( 'NONE', *, *, #1079, .T. ) ;
#2839 = CARTESIAN_POINT ( 'NONE',  ( 1.249999999999997558, 0.1000000000000000056, 0.6499999999999991340 ) ) ;
#2840 = ORIENTED_EDGE ( 'NONE', *, *, #471, .T. ) ;
#2841 =( GEOMETRIC_REPRESENTATION_CONTEXT ( 3 ) GLOBAL_UNCERTAINTY_ASSIGNED_CONTEXT ( ( #4161 ) ) GLOBAL_UNIT_ASSIGNED_CONTEXT ( ( #3248, #1081, #3723 ) ) REPRESENTATION_CONTEXT ( 'NONE', 'WORKASPACE' ) );
#2842 = MECHANICAL_DESIGN_GEOMETRIC_PRESENTATION_REPRESENTATION (  '', ( #4653 ), #2191 ) ;
#2843 = ORIENTED_EDGE ( 'NONE', *, *, #3230, .F. ) ;
#2844 = CARTESIAN_POINT ( 'NONE',  ( 7.100000000000002309, 1.900000000000000577, 1.770000000000001572 ) ) ;
#2845 = CIRCLE ( 'NONE', #3041, 0.3499999999999989786 ) ;
#2846 = AXIS2_PLACEMENT_3D ( 'NONE', #4189, #1478, #3357 ) ;
#2847 = ORIENTED_EDGE ( 'NONE', *, *, #3932, .T. ) ;
#2848 = ORIENTED_EDGE ( 'NONE', *, *, #3890, .T. ) ;
#2849 = EDGE_CURVE ( 'NONE', #5844, #1547, #4713, .T. ) ;
#2850 = LINE ( 'NONE', #21, #5497 ) ;
#2851 = CIRCLE ( 'NONE', #3328, 0.3499999999999989231 ) ;
#2852 = DIRECTION ( 'NONE',  ( 1.000000000000000000, 0.000000000000000000, 1.246209393661499372E-16 ) ) ;
#2853 = CIRCLE ( 'NONE', #2658, 0.3499999999999989231 ) ;
#2854 = CARTESIAN_POINT ( 'NONE',  ( 3.449999999999993072, -1.399999999999999689, 0.4249999999999991007 ) ) ;
#2855 = ORIENTED_EDGE ( 'NONE', *, *, #3230, .T. ) ;
#2856 = DIRECTION ( 'NONE',  ( 0.000000000000000000, 0.000000000000000000, -1.000000000000000000 ) ) ;
#2857 = VECTOR ( 'NONE', #4127, 1000.000000000000000 ) ;
#2858 = EDGE_CURVE ( 'NONE', #665, #3677, #3090, .T. ) ;
#2859 = CIRCLE ( 'NONE', #2488, 0.3499999999999998113 ) ;
#2860 = DIRECTION ( 'NONE',  ( 1.000000000000000000, 0.000000000000000000, 0.000000000000000000 ) ) ;
#2861 = PLANE ( 'NONE',  #111 ) ;
#2862 = LINE ( 'NONE', #4803, #5058 ) ;
#2863 = ORIENTED_EDGE ( 'NONE', *, *, #538, .T. ) ;
#2864 = EDGE_CURVE ( 'NONE', #1695, #1034, #386, .T. ) ;
#2865 = VECTOR ( 'NONE', #3633, 1000.000000000000000 ) ;
#2866 = CARTESIAN_POINT ( 'NONE',  ( 6.599999878748270987, -0.5999995225713095071, 0.5058950770727003166 ) ) ;
#2867 = CARTESIAN_POINT ( 'NONE',  ( 5.869856958013280668, -2.070615073486788305, 0.5159529532343249958 ) ) ;
#2868 = ORIENTED_EDGE ( 'NONE', *, *, #2679, .F. ) ;
#2869 = FILL_AREA_STYLE ('',( #5664 ) ) ;
#2870 = VERTEX_POINT ( 'NONE', #5847 ) ;
#2871 = DIRECTION ( 'NONE',  ( -1.548860246407863336E-16, 1.000000000000000000, 0.000000000000000000 ) ) ;
#2872 = FILL_AREA_STYLE_COLOUR ( '', #36 ) ;
#2873 = SURFACE_SIDE_STYLE ('',( #1545 ) ) ;
#2874 = CARTESIAN_POINT ( 'NONE',  ( -3.750000000000001776, 1.900000000000000577, 0.6499999999999991340 ) ) ;
#2875 = AXIS2_PLACEMENT_3D ( 'NONE', #3366, #3815, #4321 ) ;
#2876 = VERTEX_POINT ( 'NONE', #1783 ) ;
#2877 = DIRECTION ( 'NONE',  ( 0.000000000000000000, 1.000000000000000000, 0.000000000000000000 ) ) ;
#2878 = ORIENTED_EDGE ( 'NONE', *, *, #4999, .F. ) ;
#2879 = DIRECTION ( 'NONE',  ( -1.000000000000000000, 0.000000000000000000, 0.000000000000000000 ) ) ;
#2880 = VERTEX_POINT ( 'NONE', #3590 ) ;
#2881 = ORIENTED_EDGE ( 'NONE', *, *, #1295, .F. ) ;
#2882 = CIRCLE ( 'NONE', #1656, 0.1999999999999999833 ) ;
#2883 = B_SPLINE_CURVE_WITH_KNOTS ( 'NONE', 3,
 ( #866, #5336, #2628, #3967, #4437, #1314 ),
 .UNSPECIFIED., .F., .F.,
 ( 4, 2, 4 ),
 ( 1.084202172485504434E-19, 0.0001400384557297711845, 0.0002800769114595422606 ),
 .UNSPECIFIED. ) ;
#2884 = FILL_AREA_STYLE ('',( #4586 ) ) ;
#2885 = PLANE ( 'NONE',  #3706 ) ;
#2886 = ORIENTED_EDGE ( 'NONE', *, *, #3898, .T. ) ;
#2887 = CARTESIAN_POINT ( 'NONE',  ( -8.700000000000002842, 0.000000000000000000, 2.449999999999999734 ) ) ;
#2888 = EDGE_CURVE ( 'NONE', #4534, #3858, #668, .T. ) ;
#2889 = EDGE_CURVE ( 'NONE', #1908, #4635, #2015, .T. ) ;
#2890 = DIRECTION ( 'NONE',  ( 0.000000000000000000, 0.000000000000000000, 1.000000000000000000 ) ) ;
#2891 = PRESENTATION_LAYER_ASSIGNMENT (  '', '', ( #4320 ) ) ;
#2892 = DIRECTION ( 'NONE',  ( 0.000000000000000000, 0.000000000000000000, 1.000000000000000000 ) ) ;
#2893 = CARTESIAN_POINT ( 'NONE',  ( 2.499999999999998668, 1.900000000000000577, 1.320000000000001616 ) ) ;
#2894 = CARTESIAN_POINT ( 'NONE',  ( -6.600000000000001421, -0.5999999999999998668, 0.4249999999999991007 ) ) ;
#2895 = FACE_OUTER_BOUND ( 'NONE', #3748, .T. ) ;
#2896 = EDGE_CURVE ( 'NONE', #1215, #4182, #4155, .T. ) ;
#2897 = AXIS2_PLACEMENT_3D ( 'NONE', #2844, #600, #1845 ) ;
#2898 = CARTESIAN_POINT ( 'NONE',  ( 6.600000000000001421, -0.5999999999999982014, 0.6499999999999991340 ) ) ;
#2899 = VERTEX_POINT ( 'NONE', #5014 ) ;
#2900 = ORIENTED_EDGE ( 'NONE', *, *, #1213, .T. ) ;
#2901 = FACE_OUTER_BOUND ( 'NONE', #1585, .T. ) ;
#2902 = ORIENTED_EDGE ( 'NONE', *, *, #3728, .T. ) ;
#2903 = DIRECTION ( 'NONE',  ( 0.000000000000000000, 1.000000000000000000, 0.000000000000000000 ) ) ;
#2904 = DIRECTION ( 'NONE',  ( 0.000000000000000000, 0.000000000000000000, -1.000000000000000000 ) ) ;
#2905 = EDGE_CURVE ( 'NONE', #3791, #1225, #4605, .T. ) ;
#2906 = FILL_AREA_STYLE ('',( #770 ) ) ;
#2907 = MECHANICAL_DESIGN_GEOMETRIC_PRESENTATION_REPRESENTATION (  '', ( #1211 ), #2800 ) ;
#2908 = FILL_AREA_STYLE_COLOUR ( '', #692 ) ;
#2909 = DIRECTION ( 'NONE',  ( 0.000000000000000000, -0.000000000000000000, -1.000000000000000000 ) ) ;
#2910 = EDGE_LOOP ( 'NONE', ( #4613, #1093, #1309, #5549 ) ) ;
#2911 = CARTESIAN_POINT ( 'NONE',  ( -2.500000000000000444, 1.900000000000000577, 1.320000000000001616 ) ) ;
#2912 = EDGE_CURVE ( 'NONE', #646, #1726, #4630, .T. ) ;
#2913 = ORIENTED_EDGE ( 'NONE', *, *, #2208, .T. ) ;
#2914 = ORIENTED_EDGE ( 'NONE', *, *, #2153, .F. ) ;
#2915 =( LENGTH_UNIT ( ) NAMED_UNIT ( * ) SI_UNIT ( .MILLI., .METRE. ) );
#2916 = DIRECTION ( 'NONE',  ( 0.000000000000000000, -0.000000000000000000, 1.000000000000000000 ) ) ;
#2917 = VERTEX_POINT ( 'NONE', #3289 ) ;
#2918 = LINE ( 'NONE', #5654, #2977 ) ;
#2919 = FILL_AREA_STYLE_COLOUR ( '', #3995 ) ;
#2920 = DIRECTION ( 'NONE',  ( -0.000000000000000000, 1.000000000000000000, -0.000000000000000000 ) ) ;
#2921 = LINE ( 'NONE', #4742, #3323 ) ;
#2922 =( LENGTH_UNIT ( ) NAMED_UNIT ( * ) SI_UNIT ( .MILLI., .METRE. ) );
#2923 = EDGE_CURVE ( 'NONE', #1391, #196, #4004, .T. ) ;
#2924 = CARTESIAN_POINT ( 'NONE',  ( -6.250000000000001776, -0.5999999999999998668, 0.9999999999999981126 ) ) ;
#2925 = VERTEX_POINT ( 'NONE', #972 ) ;
#2926 = CARTESIAN_POINT ( 'NONE',  ( -1.250000000000001998, 5.200000000000001066, 0.6499999999999991340 ) ) ;
#2927 =( NAMED_UNIT ( * ) PLANE_ANGLE_UNIT ( ) SI_UNIT ( $, .RADIAN. ) );
#2928 = ORIENTED_EDGE ( 'NONE', *, *, #5228, .F. ) ;
#2929 = ORIENTED_EDGE ( 'NONE', *, *, #4940, .T. ) ;
#2930 = FILL_AREA_STYLE_COLOUR ( '', #2301 ) ;
#2931 = SURFACE_SIDE_STYLE ('',( #3795 ) ) ;
#2932 = CIRCLE ( 'NONE', #1793, 0.3499999999999989786 ) ;
#2933 = PRESENTATION_LAYER_ASSIGNMENT (  '', '', ( #3116 ) ) ;
#2934 = FACE_OUTER_BOUND ( 'NONE', #1733, .T. ) ;
#2935 = DIRECTION ( 'NONE',  ( 0.000000000000000000, 1.000000000000000000, 0.000000000000000000 ) ) ;
#2936 = ORIENTED_EDGE ( 'NONE', *, *, #5143, .F. ) ;
#2937 = DIRECTION ( 'NONE',  ( -0.000000000000000000, -0.000000000000000000, -1.000000000000000000 ) ) ;
#2938 = CIRCLE ( 'NONE', #4172, 0.3499999999999989231 ) ;
#2939 = EDGE_LOOP ( 'NONE', ( #3309, #5324, #3280, #974 ) ) ;
#2940 = CIRCLE ( 'NONE', #3806, 0.1999999999999999833 ) ;
#2941 = VERTEX_POINT ( 'NONE', #3198 ) ;
#2942 = AXIS2_PLACEMENT_3D ( 'NONE', #2346, #1308, #3623 ) ;
#2943 = ADVANCED_FACE ( 'NONE', ( #2722 ), #1447, .T. ) ;
#2944 = STYLED_ITEM ( 'NONE', ( #1461 ), #4502 ) ;
#2945 = SURFACE_STYLE_FILL_AREA ( #236 ) ;
#2946 = VECTOR ( 'NONE', #4135, 1000.000000000000000 ) ;
#2947 = CARTESIAN_POINT ( 'NONE',  ( 8.699999999999995737, 5.900000000000000355, 0.06999999999999476086 ) ) ;
#2948 = DIRECTION ( 'NONE',  ( 1.000000000000000000, -0.000000000000000000, 1.224646799147353207E-16 ) ) ;
#2949 = ORIENTED_EDGE ( 'NONE', *, *, #3964, .F. ) ;
#2950 = VECTOR ( 'NONE', #4351, 1000.000000000000000 ) ;
#2951 = PRESENTATION_LAYER_ASSIGNMENT (  '', '', ( #1525 ) ) ;
#2952 = LINE ( 'NONE', #294, #2106 ) ;
#2953 = CARTESIAN_POINT ( 'NONE',  ( 5.900000000000001243, -0.5999999999999999778, 0.6499999999999991340 ) ) ;
#2954 = MECHANICAL_DESIGN_GEOMETRIC_PRESENTATION_REPRESENTATION (  '', ( #5134 ), #1428 ) ;
#2955 = ORIENTED_EDGE ( 'NONE', *, *, #2542, .T. ) ;
#2956 = COLOUR_RGB ( '',1.000000000000000000, 1.000000000000000000, 1.000000000000000000 ) ;
#2957 = CARTESIAN_POINT ( 'NONE',  ( 6.612286703466198290, -0.6460043921055694804, 0.4506248454461980746 ) ) ;
#2958 = MECHANICAL_DESIGN_GEOMETRIC_PRESENTATION_REPRESENTATION (  '', ( #3525 ), #5246 ) ;
#2959 = PLANE ( 'NONE',  #1566 ) ;
#2960 = VERTEX_POINT ( 'NONE', #2750 ) ;
#2961 = PLANE ( 'NONE',  #4989 ) ;
#2962 = EDGE_LOOP ( 'NONE', ( #5439, #2402, #5034, #3088, #5555, #5723, #1388 ) ) ;
#2963 = CARTESIAN_POINT ( 'NONE',  ( 6.617256416838826816, -0.6679471413028731375, 0.5888655021516963073 ) ) ;
#2964 = EDGE_CURVE ( 'NONE', #5173, #3118, #5513, .T. ) ;
#2965 = CARTESIAN_POINT ( 'NONE',  ( -3.750000000000002220, 5.200000000000001066, 0.6499999999999991340 ) ) ;
#2966 = CARTESIAN_POINT ( 'NONE',  ( 6.250000000000001776, 5.200000000000001066, 0.6499999999999991340 ) ) ;
#2967 = ORIENTED_EDGE ( 'NONE', *, *, #2981, .T. ) ;
#2968 = VECTOR ( 'NONE', #4039, 1000.000000000000000 ) ;
#2969 = CARTESIAN_POINT ( 'NONE',  ( -8.000000000000001776, 1.900000000000000577, -1.729999999999998872 ) ) ;
#2970 = ORIENTED_EDGE ( 'NONE', *, *, #2643, .F. ) ;
#2971 = EDGE_LOOP ( 'NONE', ( #2337, #4227 ) ) ;
#2972 = UNCERTAINTY_MEASURE_WITH_UNIT (LENGTH_MEASURE( 1.000000000000000082E-05 ), #2523, 'distance_accuracy_value', 'NONE');
#2973 =( NAMED_UNIT ( * ) SI_UNIT ( $, .STERADIAN. ) SOLID_ANGLE_UNIT ( ) );
#2974 = CARTESIAN_POINT ( 'NONE',  ( -6.608906927591300828, -0.6350730859595807853, 0.7523581168275162989 ) ) ;
#2975 = CARTESIAN_POINT ( 'NONE',  ( -6.612286703466763171, -2.153995607891083353, 0.8493751545454427676 ) ) ;
#2976 = EDGE_CURVE ( 'NONE', #2818, #3403, #2662, .T. ) ;
#2977 = VECTOR ( 'NONE', #5114, 999.9999999999998863 ) ;
#2978 = CARTESIAN_POINT ( 'NONE',  ( -6.630143041986722885, -2.070615073486788749, 0.7840470467656734943 ) ) ;
#2979 = CARTESIAN_POINT ( 'NONE',  ( 5.891340001468805099, -0.6340987442165906263, 0.6193201278987365832 ) ) ;
#2980 = EDGE_LOOP ( 'NONE', ( #1256, #4581, #4689, #1687, #908 ) ) ;
#2981 = EDGE_CURVE ( 'NONE', #4434, #3168, #5100, .T. ) ;
#2982 =( NAMED_UNIT ( * ) PLANE_ANGLE_UNIT ( ) SI_UNIT ( $, .RADIAN. ) );
#2983 =( GEOMETRIC_REPRESENTATION_CONTEXT ( 3 ) GLOBAL_UNCERTAINTY_ASSIGNED_CONTEXT ( ( #486 ) ) GLOBAL_UNIT_ASSIGNED_CONTEXT ( ( #207, #2006, #4080 ) ) REPRESENTATION_CONTEXT ( 'NONE', 'WORKASPACE' ) );
#2984 = VERTEX_POINT ( 'NONE', #4666 ) ;
#2985 = DIRECTION ( 'NONE',  ( -0.000000000000000000, -1.000000000000000000, -0.000000000000000000 ) ) ;
#2986 = FILL_AREA_STYLE_COLOUR ( '', #2367 ) ;
#2987 = CARTESIAN_POINT ( 'NONE',  ( 8.699999999999995737, 1.000000000000000000, -2.450000000000000622 ) ) ;
#2988 = FILL_AREA_STYLE_COLOUR ( '', #2627 ) ;
#2989 = ORIENTED_EDGE ( 'NONE', *, *, #4932, .T. ) ;
#2990 = SURFACE_STYLE_FILL_AREA ( #1125 ) ;
#2991 =( LENGTH_UNIT ( ) NAMED_UNIT ( * ) SI_UNIT ( .MILLI., .METRE. ) );
#2992 = MECHANICAL_DESIGN_GEOMETRIC_PRESENTATION_REPRESENTATION (  '', ( #2521 ), #442 ) ;
#2993 =( NAMED_UNIT ( * ) PLANE_ANGLE_UNIT ( ) SI_UNIT ( $, .RADIAN. ) );
#2994 = CARTESIAN_POINT ( 'NONE',  ( 1.249999999999997558, -3.299999999999999822, 0.6499999999999991340 ) ) ;
#2995 = ORIENTED_EDGE ( 'NONE', *, *, #4392, .T. ) ;
#2996 = LINE ( 'NONE', #2969, #993 ) ;
#2997 = AXIS2_PLACEMENT_3D ( 'NONE', #2651, #819, #2575 ) ;
#2998 = VERTEX_POINT ( 'NONE', #1003 ) ;
#2999 = ORIENTED_EDGE ( 'NONE', *, *, #724, .F. ) ;
#3000 = EDGE_CURVE ( 'NONE', #4903, #969, #597, .T. ) ;
#3001 = DIRECTION ( 'NONE',  ( 0.000000000000000000, 0.000000000000000000, -1.000000000000000000 ) ) ;
#3002 = CARTESIAN_POINT ( 'NONE',  ( 6.634751733198990920, -2.047963268932763370, 0.4249999999999991007 ) ) ;
#3003 = PRESENTATION_STYLE_ASSIGNMENT (( #1263 ) ) ;
#3004 = CARTESIAN_POINT ( 'NONE',  ( -6.630304663736358961, -2.069834632055888246, 0.7851033600317597339 ) ) ;
#3005 = CARTESIAN_POINT ( 'NONE',  ( -6.250000000000001776, -7.989949493661161917, 0.6499999999999991340 ) ) ;
#3006 = EDGE_CURVE ( 'NONE', #2092, #3802, #4188, .T. ) ;
#3007 = DIRECTION ( 'NONE',  ( 0.000000000000000000, -1.000000000000000000, 0.000000000000000000 ) ) ;
#3008 = DIRECTION ( 'NONE',  ( -1.000000000000000000, 0.000000000000000000, -4.646580739223595925E-16 ) ) ;
#3009 = UNCERTAINTY_MEASURE_WITH_UNIT (LENGTH_MEASURE( 1.000000000000000082E-05 ), #4043, 'distance_accuracy_value', 'NONE');
#3010 = ADVANCED_FACE ( 'NONE', ( #913 ), #1638, .T. ) ;
#3011 =( NAMED_UNIT ( * ) PLANE_ANGLE_UNIT ( ) SI_UNIT ( $, .RADIAN. ) );
#3012 = DIRECTION ( 'NONE',  ( 0.000000000000000000, 0.000000000000000000, 1.000000000000000000 ) ) ;
#3013 = ORIENTED_EDGE ( 'NONE', *, *, #953, .F. ) ;
#3014 = CARTESIAN_POINT ( 'NONE',  ( 0.000000000000000000, 5.400000000000000355, 0.000000000000000000 ) ) ;
#3015 = ORIENTED_EDGE ( 'NONE', *, *, #4035, .F. ) ;
#3016 = PRESENTATION_STYLE_ASSIGNMENT (( #5288 ) ) ;
#3017 = CARTESIAN_POINT ( 'NONE',  ( 6.250000000000001776, -3.500000000000000000, 0.7999999999999979350 ) ) ;
#3018 = FACE_OUTER_BOUND ( 'NONE', #4128, .T. ) ;
#3019 = SURFACE_SIDE_STYLE ('',( #3474 ) ) ;
#3020 = DIRECTION ( 'NONE',  ( 0.000000000000000000, 0.000000000000000000, 1.000000000000000000 ) ) ;
#3021 = ORIENTED_EDGE ( 'NONE', *, *, #5346, .T. ) ;
#3022 = CARTESIAN_POINT ( 'NONE',  ( 8.699999999999995737, 1.000000000000000000, -2.450000000000000622 ) ) ;
#3023 = ORIENTED_EDGE ( 'NONE', *, *, #2889, .T. ) ;
#3024 = AXIS2_PLACEMENT_3D ( 'NONE', #2490, #5592, #183 ) ;
#3025 = AXIS2_PLACEMENT_3D ( 'NONE', #5788, #4957, #2664 ) ;
#3026 = DIRECTION ( 'NONE',  ( -0.000000000000000000, -1.000000000000000000, -0.000000000000000000 ) ) ;
#3027 = ORIENTED_EDGE ( 'NONE', *, *, #2396, .T. ) ;
#3028 = CARTESIAN_POINT ( 'NONE',  ( 3.749999999999998224, -7.989949493661161917, 0.9999999999999981126 ) ) ;
#3029 = VECTOR ( 'NONE', #2216, 1000.000000000000000 ) ;
#3030 = CARTESIAN_POINT ( 'NONE',  ( -6.599999878747168758, -0.5999995225669699783, 0.7941049229276953003 ) ) ;
#3031 = CARTESIAN_POINT ( 'NONE',  ( -6.608906927811773357, -2.164926912478672527, 0.7523581154855064623 ) ) ;
#3032 = CIRCLE ( 'NONE', #2560, 0.3499999999999987566 ) ;
#3033 = CYLINDRICAL_SURFACE ( 'NONE', #210, 0.3499999999999989786 ) ;
#3034 = COLOUR_RGB ( '',1.000000000000000000, 1.000000000000000000, 1.000000000000000000 ) ;
#3035 = EDGE_CURVE ( 'NONE', #2899, #853, #5603, .T. ) ;
#3036 = AXIS2_PLACEMENT_3D ( 'NONE', #2045, #3430, #5154 ) ;
#3037 = DIRECTION ( 'NONE',  ( 0.000000000000000000, 0.000000000000000000, 1.000000000000000000 ) ) ;
#3038 = MECHANICAL_DESIGN_GEOMETRIC_PRESENTATION_REPRESENTATION (  '', ( #5787 ), #2655 ) ;
#3039 = FACE_OUTER_BOUND ( 'NONE', #3641, .T. ) ;
#3040 = SURFACE_STYLE_FILL_AREA ( #2135 ) ;
#3041 = AXIS2_PLACEMENT_3D ( 'NONE', #3331, #1521, #3296 ) ;
#3042 = SURFACE_STYLE_FILL_AREA ( #3073 ) ;
#3043 = CIRCLE ( 'NONE', #5418, 0.3499999999999989231 ) ;
#3044 = LINE ( 'NONE', #2138, #3843 ) ;
#3045 = CIRCLE ( 'NONE', #3619, 3.250000000000008438 ) ;
#3046 = CARTESIAN_POINT ( 'NONE',  ( 0.4500000000000007327, 5.400000000000000355, 1.770000000000001572 ) ) ;
#3047 = EDGE_LOOP ( 'NONE', ( #263, #1152, #3027, #3902 ) ) ;
#3048 = CARTESIAN_POINT ( 'NONE',  ( 5.922501893208872659, -2.169884912752188644, 0.4249999999999991007 ) ) ;
#3049 = CARTESIAN_POINT ( 'NONE',  ( 2.499999999999998668, 5.400000000000000355, 1.320000000000001616 ) ) ;
#3050 = AXIS2_PLACEMENT_3D ( 'NONE', #4153, #623, #4662 ) ;
#3051 = ADVANCED_FACE ( 'NONE', ( #5230 ), #4857, .T. ) ;
#3052 = PRESENTATION_LAYER_ASSIGNMENT (  '', '', ( #3817 ) ) ;
#3053 = CARTESIAN_POINT ( 'NONE',  ( -3.750000000000002220, 5.200000000000001066, 0.3000000000000002109 ) ) ;
#3054 =( GEOMETRIC_REPRESENTATION_CONTEXT ( 3 ) GLOBAL_UNCERTAINTY_ASSIGNED_CONTEXT ( ( #1850 ) ) GLOBAL_UNIT_ASSIGNED_CONTEXT ( ( #2991, #307, #384 ) ) REPRESENTATION_CONTEXT ( 'NONE', 'WORKASPACE' ) );
#3055 = CARTESIAN_POINT ( 'NONE',  ( -5.891093072009702780, -0.6350730874894884304, 0.7523581154778855584 ) ) ;
#3056 = DIRECTION ( 'NONE',  ( 0.000000000000000000, 1.000000000000000000, 0.000000000000000000 ) ) ;
#3057 = ORIENTED_EDGE ( 'NONE', *, *, #4401, .F. ) ;
#3058 = CARTESIAN_POINT ( 'NONE',  ( 6.634751733198990920, -0.7520367310672358974, 0.8749999999999990008 ) ) ;
#3059 = VECTOR ( 'NONE', #56, 1000.000000000000000 ) ;
#3060 = EDGE_LOOP ( 'NONE', ( #4359, #1405, #1076, #1929, #3762, #1573, #3769, #4203 ) ) ;
#3061 = CARTESIAN_POINT ( 'NONE',  ( -5.878532438774045410, -2.113255225658821956, 0.8749999999999990008 ) ) ;
#3062 =( GEOMETRIC_REPRESENTATION_CONTEXT ( 3 ) GLOBAL_UNCERTAINTY_ASSIGNED_CONTEXT ( ( #1485 ) ) GLOBAL_UNIT_ASSIGNED_CONTEXT ( ( #3208, #950, #2261 ) ) REPRESENTATION_CONTEXT ( 'NONE', 'WORKASPACE' ) );
#3063 = PLANE ( 'NONE',  #1531 ) ;
#3064 = FACE_OUTER_BOUND ( 'NONE', #2443, .T. ) ;
#3065 = ORIENTED_EDGE ( 'NONE', *, *, #4524, .T. ) ;
#3066 = EDGE_CURVE ( 'NONE', #2466, #460, #3045, .T. ) ;
#3067 = EDGE_CURVE ( 'NONE', #5459, #38, #5643, .T. ) ;
#3068 = PRESENTATION_LAYER_ASSIGNMENT (  '', '', ( #5730 ) ) ;
#3069 = CARTESIAN_POINT ( 'NONE',  ( 6.250000000000001776, -3.299999999999999822, 0.6499999999999991340 ) ) ;
#3070 = ORIENTED_EDGE ( 'NONE', *, *, #2619, .T. ) ;
#3071 = DIRECTION ( 'NONE',  ( 1.000000000000000000, -0.000000000000000000, 1.224646799147353207E-16 ) ) ;
#3072 = STYLED_ITEM ( 'NONE', ( #2773 ), #3287 ) ;
#3073 = FILL_AREA_STYLE ('',( #3436 ) ) ;
#3074 = ADVANCED_FACE ( 'NONE', ( #2433 ), #2550, .T. ) ;
#3075 = DIRECTION ( 'NONE',  ( 0.000000000000000000, -0.7071067811865479058, 0.7071067811865471286 ) ) ;
#3076 = VERTEX_POINT ( 'NONE', #194 ) ;
#3077 = CARTESIAN_POINT ( 'NONE',  ( 8.699999999999995737, 5.900000000000000355, 0.06999999999999476086 ) ) ;
#3078 = COLOUR_RGB ( '',1.000000000000000000, 1.000000000000000000, 1.000000000000000000 ) ;
#3079 = LINE ( 'NONE', #820, #35 ) ;
#3080 = SURFACE_SIDE_STYLE ('',( #5837 ) ) ;
#3081 =( GEOMETRIC_REPRESENTATION_CONTEXT ( 3 ) GLOBAL_UNCERTAINTY_ASSIGNED_CONTEXT ( ( #4995 ) ) GLOBAL_UNIT_ASSIGNED_CONTEXT ( ( #2915, #3479, #4408 ) ) REPRESENTATION_CONTEXT ( 'NONE', 'WORKASPACE' ) );
#3082 = DIRECTION ( 'NONE',  ( 0.7071067811865473507, 0.000000000000000000, -0.7071067811865477948 ) ) ;
#3083 = CARTESIAN_POINT ( 'NONE',  ( -5.981904867630913003, -0.5999999999999998668, 0.8749999999999990008 ) ) ;
#3084 = ADVANCED_FACE ( 'NONE', ( #3317 ), #5607, .F. ) ;
#3085 = ORIENTED_EDGE ( 'NONE', *, *, #3916, .F. ) ;
#3086 = DIRECTION ( 'NONE',  ( -0.000000000000000000, -1.000000000000000000, -0.000000000000000000 ) ) ;
#3087 = CIRCLE ( 'NONE', #4987, 0.3499999999999987566 ) ;
#3088 = ORIENTED_EDGE ( 'NONE', *, *, #2611, .F. ) ;
#3089 = DIRECTION ( 'NONE',  ( 0.000000000000000000, 0.000000000000000000, 1.000000000000000000 ) ) ;
#3090 = LINE ( 'NONE', #4959, #3812 ) ;
#3091 = EDGE_CURVE ( 'NONE', #160, #3365, #1166, .T. ) ;
#3092 = ORIENTED_EDGE ( 'NONE', *, *, #2036, .T. ) ;
#3093 = DIRECTION ( 'NONE',  ( 0.000000000000000000, 0.000000000000000000, -1.000000000000000000 ) ) ;
#3094 = ORIENTED_EDGE ( 'NONE', *, *, #1553, .F. ) ;
#3095 =( GEOMETRIC_REPRESENTATION_CONTEXT ( 3 ) GLOBAL_UNCERTAINTY_ASSIGNED_CONTEXT ( ( #541 ) ) GLOBAL_UNIT_ASSIGNED_CONTEXT ( ( #2922, #247, #3302 ) ) REPRESENTATION_CONTEXT ( 'NONE', 'WORKASPACE' ) );
#3096 = DIRECTION ( 'NONE',  ( 0.000000000000000000, 0.000000000000000000, -1.000000000000000000 ) ) ;
#3097 =( LENGTH_UNIT ( ) NAMED_UNIT ( * ) SI_UNIT ( .MILLI., .METRE. ) );
#3098 = SURFACE_SIDE_STYLE ('',( #3542 ) ) ;
#3099 = LINE ( 'NONE', #5385, #3899 ) ;
#3100 = PRESENTATION_STYLE_ASSIGNMENT (( #3575 ) ) ;
#3101 = ORIENTED_EDGE ( 'NONE', *, *, #3399, .T. ) ;
#3102 =( NAMED_UNIT ( * ) SI_UNIT ( $, .STERADIAN. ) SOLID_ANGLE_UNIT ( ) );
#3103 = CARTESIAN_POINT ( 'NONE',  ( 1.249999999999997558, 1.900000000000000577, 0.6499999999999991340 ) ) ;
#3104 = DIRECTION ( 'NONE',  ( 0.000000000000000000, -1.000000000000000000, 0.000000000000000000 ) ) ;
#3105 = ADVANCED_FACE ( 'NONE', ( #2934 ), #4310, .F. ) ;
#3106 = CYLINDRICAL_SURFACE ( 'NONE', #487, 0.3499999999999989786 ) ;
#3107 = DIRECTION ( 'NONE',  ( -1.548860246407863336E-16, -1.000000000000000000, -0.000000000000000000 ) ) ;
#3108 = VERTEX_POINT ( 'NONE', #3864 ) ;
#3109 = SURFACE_STYLE_USAGE ( .BOTH. , #4507 ) ;
#3110 = ORIENTED_EDGE ( 'NONE', *, *, #2976, .T. ) ;
#3111 = EDGE_CURVE ( 'NONE', #1225, #2363, #1098, .T. ) ;
#3112 = CARTESIAN_POINT ( 'NONE',  ( -6.634751733198990920, -2.047963268932763370, 0.4249999999999991007 ) ) ;
#3113 = SURFACE_STYLE_USAGE ( .BOTH. , #4066 ) ;
#3114 = ORIENTED_EDGE ( 'NONE', *, *, #3693, .T. ) ;
#3115 =( NAMED_UNIT ( * ) PLANE_ANGLE_UNIT ( ) SI_UNIT ( $, .RADIAN. ) );
#3116 = STYLED_ITEM ( 'NONE', ( #5457 ), #5363 ) ;
#3117 = VECTOR ( 'NONE', #2245, 1000.000000000000000 ) ;
#3118 = VERTEX_POINT ( 'NONE', #312 ) ;
#3119 = EDGE_CURVE ( 'NONE', #853, #2899, #4696, .T. ) ;
#3120 = VECTOR ( 'NONE', #552, 1000.000000000000000 ) ;
#3121 = CARTESIAN_POINT ( 'NONE',  ( 5.900000000000002132, -0.6000000000000005329, 0.6499999999999991340 ) ) ;
#3122 = LINE ( 'NONE', #1346, #3905 ) ;
#3123 = MECHANICAL_DESIGN_GEOMETRIC_PRESENTATION_REPRESENTATION (  '', ( #2368 ), #567 ) ;
#3124 = DIRECTION ( 'NONE',  ( 1.000000000000000000, 0.000000000000000000, 1.121588454295349533E-16 ) ) ;
#3125 = LINE ( 'NONE', #462, #4829 ) ;
#3126 = COLOUR_RGB ( '',1.000000000000000000, 1.000000000000000000, 1.000000000000000000 ) ;
#3127 = CIRCLE ( 'NONE', #1703, 0.1499999999999988842 ) ;
#3128 = AXIS2_PLACEMENT_3D ( 'NONE', #3710, #1065, #5573 ) ;
#3129 = DIRECTION ( 'NONE',  ( 0.000000000000000000, 0.000000000000000000, -1.000000000000000000 ) ) ;
#3130 = LINE ( 'NONE', #441, #1334 ) ;
#3131 = CARTESIAN_POINT ( 'NONE',  ( -8.000000000000001776, 5.600000000000000533, -1.729999999999998872 ) ) ;
#3132 = CARTESIAN_POINT ( 'NONE',  ( -1.250000000000001998, -3.299999999999999822, 0.6499999999999991340 ) ) ;
#3133 = AXIS2_PLACEMENT_3D ( 'NONE', #411, #2761, #4937 ) ;
#3134 = DIRECTION ( 'NONE',  ( 0.000000000000000000, -0.000000000000000000, -1.000000000000000000 ) ) ;
#3135 = PRESENTATION_LAYER_ASSIGNMENT (  '', '', ( #4755 ) ) ;
#3136 = DIRECTION ( 'NONE',  ( -0.000000000000000000, 0.000000000000000000, 1.000000000000000000 ) ) ;
#3137 = DIRECTION ( 'NONE',  ( 0.000000000000000000, -1.000000000000000000, 0.000000000000000000 ) ) ;
#3138 =( GEOMETRIC_REPRESENTATION_CONTEXT ( 3 ) GLOBAL_UNCERTAINTY_ASSIGNED_CONTEXT ( ( #1367 ) ) GLOBAL_UNIT_ASSIGNED_CONTEXT ( ( #206, #3362, #2005 ) ) REPRESENTATION_CONTEXT ( 'NONE', 'WORKASPACE' ) );
#3139 = CARTESIAN_POINT ( 'NONE',  ( -5.891340001468805099, -0.6340987442165906263, 0.6193201278987365832 ) ) ;
#3140 = CARTESIAN_POINT ( 'NONE',  ( -8.000000000000001776, 5.900000000000000355, 0.8700000000000014388 ) ) ;
#3141 = ORIENTED_EDGE ( 'NONE', *, *, #1974, .F. ) ;
#3142 = DIRECTION ( 'NONE',  ( 0.000000000000000000, 0.000000000000000000, -1.000000000000000000 ) ) ;
#3143 = EDGE_CURVE ( 'NONE', #5007, #630, #4410, .T. ) ;
#3144 = LINE ( 'NONE', #4508, #3915 ) ;
#3145 = ORIENTED_EDGE ( 'NONE', *, *, #2208, .F. ) ;
#3146 = PLANE ( 'NONE',  #5510 ) ;
#3147 = AXIS2_PLACEMENT_3D ( 'NONE', #1112, #3333, #4643 ) ;
#3148 = CARTESIAN_POINT ( 'NONE',  ( 6.621467953893796832, -2.113253295688958922, 0.8749999999999990008 ) ) ;
#3149 = ORIENTED_EDGE ( 'NONE', *, *, #4354, .F. ) ;
#3150 = CIRCLE ( 'NONE', #1262, 0.3499999999999987566 ) ;
#3151 = CARTESIAN_POINT ( 'NONE',  ( -1.250000000000001998, 0.1000000000000000056, 0.3000000000000002109 ) ) ;
#3152 = DIRECTION ( 'NONE',  ( 0.000000000000000000, 0.000000000000000000, 1.000000000000000000 ) ) ;
#3153 = ORIENTED_EDGE ( 'NONE', *, *, #2505, .T. ) ;
#3154 = CARTESIAN_POINT ( 'NONE',  ( -6.600000000000001421, -2.199999999999999734, -2.450000000000000622 ) ) ;
#3155 = EDGE_CURVE ( 'NONE', #4148, #3705, #1197, .T. ) ;
#3156 = CARTESIAN_POINT ( 'NONE',  ( -6.600000000000000533, -2.199999999999999734, 0.6499999999999991340 ) ) ;
#3157 = CARTESIAN_POINT ( 'NONE',  ( 6.608906927588314772, -0.6350730859476466650, 0.7523581168380665263 ) ) ;
#3158 = CARTESIAN_POINT ( 'NONE',  ( -3.750000000000002220, 5.400000000000000355, 0.7999999999999979350 ) ) ;
#3159 = CARTESIAN_POINT ( 'NONE',  ( -5.000000000000000888, 5.400000000000000355, 1.320000000000001616 ) ) ;
#3160 = EDGE_CURVE ( 'NONE', #1894, #1508, #2224, .T. ) ;
#3161 = DIRECTION ( 'NONE',  ( 0.000000000000000000, 0.000000000000000000, -1.000000000000000000 ) ) ;
#3162 = DIRECTION ( 'NONE',  ( 0.000000000000000000, 1.000000000000000000, 0.000000000000000000 ) ) ;
#3163 =( BOUNDED_SURFACE ( )  B_SPLINE_SURFACE ( 3, 2, ( 
 ( #4660, #2339, #5008 ),
 ( #1498, #5538, #3283 ),
 ( #505, #1406, #965 ),
 ( #3670, #4600, #5128 ) ),
 .UNSPECIFIED., .F., .F., .F. ) 
 B_SPLINE_SURFACE_WITH_KNOTS ( ( 4, 4 ),
 ( 3, 3 ),
 ( -2.740019801913136841E-06, 0.0002689158882195487972 ),
 ( 0.000000000000000000, 1.000000000000000000 ),
 .UNSPECIFIED. ) 
 GEOMETRIC_REPRESENTATION_ITEM ( )  RATIONAL_B_SPLINE_SURFACE ( (
 ( 1.000000000000000000, 1.000000000000000000, 1.000000000000000000),
 ( 1.000000000000000000, 0.9983343828585758972, 1.000000000000000000),
 ( 1.000000000000000000, 0.8988230139521503625, 1.000000000000000000),
 ( 1.000000000000000000, 0.8258888605168609454, 1.000000000000000000) ) ) 
 REPRESENTATION_ITEM ( '' )  SURFACE ( )  );
#3164 = CIRCLE ( 'NONE', #798, 0.3499999999999989786 ) ;
#3165 = PLANE ( 'NONE',  #4925 ) ;
#3166 = FACE_OUTER_BOUND ( 'NONE', #3284, .T. ) ;
#3167 =( GEOMETRIC_REPRESENTATION_CONTEXT ( 3 ) GLOBAL_UNCERTAINTY_ASSIGNED_CONTEXT ( ( #2508 ) ) GLOBAL_UNIT_ASSIGNED_CONTEXT ( ( #3668, #68, #5066 ) ) REPRESENTATION_CONTEXT ( 'NONE', 'WORKASPACE' ) );
#3168 = VERTEX_POINT ( 'NONE', #3140 ) ;
#3169 = DIRECTION ( 'NONE',  ( 0.000000000000000000, -1.000000000000000000, -0.000000000000000000 ) ) ;
#3170 =( NAMED_UNIT ( * ) SI_UNIT ( $, .STERADIAN. ) SOLID_ANGLE_UNIT ( ) );
#3171 = CARTESIAN_POINT ( 'NONE',  ( -6.474073136803482065, -2.199999999999999734, 0.9188702835254346502 ) ) ;
#3172 = ORIENTED_EDGE ( 'NONE', *, *, #4309, .F. ) ;
#3173 = STYLED_ITEM ( 'NONE', ( #922 ), #3543 ) ;
#3174 = ORIENTED_EDGE ( 'NONE', *, *, #1448, .T. ) ;
#3175 = SURFACE_SIDE_STYLE ('',( #887 ) ) ;
#3176 = DIRECTION ( 'NONE',  ( -0.000000000000000000, 1.000000000000000000, -0.000000000000000000 ) ) ;
#3177 = ORIENTED_EDGE ( 'NONE', *, *, #5181, .T. ) ;
#3178 = EDGE_CURVE ( 'NONE', #999, #5478, #3939, .T. ) ;
#3179 = STYLED_ITEM ( 'NONE', ( #3643 ), #4122 ) ;
#3180 = FACE_OUTER_BOUND ( 'NONE', #1953, .T. ) ;
#3181 = CARTESIAN_POINT ( 'NONE',  ( -6.250000000000001776, 1.900000000000000577, 0.6499999999999991340 ) ) ;
#3182 = CARTESIAN_POINT ( 'NONE',  ( -1.250000000000001998, 5.200000000000001066, 0.7999999999999979350 ) ) ;
#3183 = AXIS2_PLACEMENT_3D ( 'NONE', #443, #3946, #5807 ) ;
#3184 = CARTESIAN_POINT ( 'NONE',  ( 6.519292378787163500, -0.6000001126173692967, 0.8811856441503029824 ) ) ;
#3185 = EDGE_CURVE ( 'NONE', #5519, #911, #802, .T. ) ;
#3186 =( NAMED_UNIT ( * ) SI_UNIT ( $, .STERADIAN. ) SOLID_ANGLE_UNIT ( ) );
#3187 =( NAMED_UNIT ( * ) PLANE_ANGLE_UNIT ( ) SI_UNIT ( $, .RADIAN. ) );
#3188 = DIRECTION ( 'NONE',  ( -0.000000000000000000, -0.000000000000000000, -1.000000000000000000 ) ) ;
#3189 = DIRECTION ( 'NONE',  ( -0.000000000000000000, 0.7071067811865473507, -0.7071067811865477948 ) ) ;
#3190 = EDGE_CURVE ( 'NONE', #1932, #4045, #5782, .T. ) ;
#3191 = ORIENTED_EDGE ( 'NONE', *, *, #622, .F. ) ;
#3192 = VERTEX_POINT ( 'NONE', #5369 ) ;
#3193 = SURFACE_STYLE_FILL_AREA ( #1473 ) ;
#3194 = PLANE ( 'NONE',  #1924 ) ;
#3195 = CARTESIAN_POINT ( 'NONE',  ( -8.673617379884035472E-16, 5.400000000000000355, 1.320000000000001616 ) ) ;
#3196 = ORIENTED_EDGE ( 'NONE', *, *, #5045, .T. ) ;
#3197 = CARTESIAN_POINT ( 'NONE',  ( 6.250000000000001776, -0.5999999999999998668, 0.6499999999999991340 ) ) ;
#3198 = CARTESIAN_POINT ( 'NONE',  ( -8.000000000000001776, 5.900000000000000355, -2.029999999999998916 ) ) ;
#3199 = ORIENTED_EDGE ( 'NONE', *, *, #4768, .T. ) ;
#3200 = DIRECTION ( 'NONE',  ( -0.000000000000000000, -1.000000000000000000, -0.000000000000000000 ) ) ;
#3201 = VERTEX_POINT ( 'NONE', #2636 ) ;
#3202 = UNCERTAINTY_MEASURE_WITH_UNIT (LENGTH_MEASURE( 1.000000000000000082E-05 ), #5672, 'distance_accuracy_value', 'NONE');
#3203 = CARTESIAN_POINT ( 'NONE',  ( -5.887713296452896650, -0.6460043925940880394, 0.4506248466364473071 ) ) ;
#3204 =( NAMED_UNIT ( * ) SI_UNIT ( $, .STERADIAN. ) SOLID_ANGLE_UNIT ( ) );
#3205 = DIRECTION ( 'NONE',  ( 0.000000000000000000, -1.000000000000000000, 0.000000000000000000 ) ) ;
#3206 = EDGE_CURVE ( 'NONE', #649, #1820, #4596, .T. ) ;
#3207 = COLOUR_RGB ( '',1.000000000000000000, 1.000000000000000000, 1.000000000000000000 ) ;
#3208 =( LENGTH_UNIT ( ) NAMED_UNIT ( * ) SI_UNIT ( .MILLI., .METRE. ) );
#3209 = CARTESIAN_POINT ( 'NONE',  ( -2.950000000000002842, 5.400000000000000355, 1.770000000000001794 ) ) ;
#3210 = AXIS2_PLACEMENT_3D ( 'NONE', #5846, #4095, #912 ) ;
#3211 = DIRECTION ( 'NONE',  ( -0.7071067811865487940, -0.000000000000000000, 0.7071067811865463515 ) ) ;
#3212 = DIRECTION ( 'NONE',  ( -0.000000000000000000, 0.000000000000000000, 1.000000000000000000 ) ) ;
#3213 = DIRECTION ( 'NONE',  ( 0.000000000000000000, 0.000000000000000000, 1.000000000000000000 ) ) ;
#3214 = DIRECTION ( 'NONE',  ( -0.000000000000000000, -1.000000000000000000, -0.000000000000000000 ) ) ;
#3215 = LINE ( 'NONE', #582, #5082 ) ;
#3216 = TOROIDAL_SURFACE ( 'NONE', #4840, 0.1499999999999989120, 0.2000000000000000111 ) ;
#3217 = ADVANCED_FACE ( 'NONE', ( #1221 ), #4575, .T. ) ;
#3218 = AXIS2_PLACEMENT_3D ( 'NONE', #4353, #3913, #3008 ) ;
#3219 = PRESENTATION_LAYER_ASSIGNMENT (  '', '', ( #5320 ) ) ;
#3220 = PRESENTATION_LAYER_ASSIGNMENT (  '', '', ( #2944 ) ) ;
#3221 = CARTESIAN_POINT ( 'NONE',  ( -5.900000121251731677, -2.200000477428683876, 0.5058950770727205226 ) ) ;
#3222 = ORIENTED_EDGE ( 'NONE', *, *, #3724, .F. ) ;
#3223 = B_SPLINE_CURVE_WITH_KNOTS ( 'NONE', 3,
 ( #3735, #4695, #2749, #2343 ),
 .UNSPECIFIED., .F., .F.,
 ( 4, 4 ),
 ( -2.913817343146791946E-06, 0.0002761349558053516774 ),
 .UNSPECIFIED. ) ;
#3224 = COLOUR_RGB ( '',1.000000000000000000, 1.000000000000000000, 1.000000000000000000 ) ;
#3225 = FILL_AREA_STYLE_COLOUR ( '', #4884 ) ;
#3226 = ORIENTED_EDGE ( 'NONE', *, *, #3951, .T. ) ;
#3227 = CIRCLE ( 'NONE', #2565, 0.3499999999999989786 ) ;
#3228 = CARTESIAN_POINT ( 'NONE',  ( 1.249999999999997558, -3.500000000000000000, 0.5000000000000002220 ) ) ;
#3229 = FILL_AREA_STYLE ('',( #930 ) ) ;
#3230 = EDGE_CURVE ( 'NONE', #371, #694, #1831, .T. ) ;
#3231 = DIRECTION ( 'NONE',  ( 0.7071067811865480168, 0.000000000000000000, 0.7071067811865470176 ) ) ;
#3232 = ORIENTED_EDGE ( 'NONE', *, *, #3190, .F. ) ;
#3233 = DIRECTION ( 'NONE',  ( 0.000000000000000000, 1.000000000000000000, 0.000000000000000000 ) ) ;
#3234 = CARTESIAN_POINT ( 'NONE',  ( 3.749999999999998224, 1.900000000000000577, 0.6499999999999991340 ) ) ;
#3235 = ORIENTED_EDGE ( 'NONE', *, *, #4348, .F. ) ;
#3236 = FILL_AREA_STYLE ('',( #4158 ) ) ;
#3237 = CIRCLE ( 'NONE', #3050, 0.3499999999999989231 ) ;
#3238 = ORIENTED_EDGE ( 'NONE', *, *, #1052, .T. ) ;
#3239 = LINE ( 'NONE', #944, #5024 ) ;
#3240 = VECTOR ( 'NONE', #3388, 1000.000000000000000 ) ;
#3241 = LINE ( 'NONE', #5052, #4760 ) ;
#3242 = CARTESIAN_POINT ( 'NONE',  ( -5.865248266801011745, -0.7520367310672358974, 0.8749999999999990008 ) ) ;
#3243 = VERTEX_POINT ( 'NONE', #3083 ) ;
#3244 = CARTESIAN_POINT ( 'NONE',  ( -7.100000000000002309, 5.900000000000000355, 1.770000000000001572 ) ) ;
#3245 = DIRECTION ( 'NONE',  ( 0.000000000000000000, -1.000000000000000000, 0.000000000000000000 ) ) ;
#3246 = COLOUR_RGB ( '',0.7921568627450980005, 0.8196078431372548767, 0.9333333333333333481 ) ;
#3247 = ADVANCED_FACE ( 'NONE', ( #5394 ), #1254, .F. ) ;
#3248 =( LENGTH_UNIT ( ) NAMED_UNIT ( * ) SI_UNIT ( .MILLI., .METRE. ) );
#3249 = PRESENTATION_STYLE_ASSIGNMENT (( #4648 ) ) ;
#3250 = CARTESIAN_POINT ( 'NONE',  ( -5.900000000000001243, -0.5999999999999999778, 0.6499999999999991340 ) ) ;
#3251 = CARTESIAN_POINT ( 'NONE',  ( 3.749999999999998224, 5.200000000000001066, 0.5000000000000002220 ) ) ;
#3252 = DIRECTION ( 'NONE',  ( -1.000000000000000000, 0.000000000000000000, 0.000000000000000000 ) ) ;
#3253 = VERTEX_POINT ( 'NONE', #451 ) ;
#3254 = FACE_OUTER_BOUND ( 'NONE', #1871, .T. ) ;
#3255 = EDGE_LOOP ( 'NONE', ( #606, #229 ) ) ;
#3256 = DIRECTION ( 'NONE',  ( 0.000000000000000000, -1.000000000000000000, 0.000000000000000000 ) ) ;
#3257 = ORIENTED_EDGE ( 'NONE', *, *, #1226, .T. ) ;
#3258 = CARTESIAN_POINT ( 'NONE',  ( 6.600000000000001421, -2.200000000000000178, 0.6499999999999990230 ) ) ;
#3259 = EDGE_CURVE ( 'NONE', #4572, #4514, #2599, .T. ) ;
#3260 = AXIS2_PLACEMENT_3D ( 'NONE', #3832, #285, #3389 ) ;
#3261 =( LENGTH_UNIT ( ) NAMED_UNIT ( * ) SI_UNIT ( .MILLI., .METRE. ) );
#3262 = CARTESIAN_POINT ( 'NONE',  ( -5.981904867630913003, -2.199999999999999734, 0.4249999999999991562 ) ) ;
#3263 = ORIENTED_EDGE ( 'NONE', *, *, #898, .F. ) ;
#3264 = AXIS2_PLACEMENT_3D ( 'NONE', #185, #5686, #5191 ) ;
#3265 = ORIENTED_EDGE ( 'NONE', *, *, #4999, .T. ) ;
#3266 = UNCERTAINTY_MEASURE_WITH_UNIT (LENGTH_MEASURE( 1.000000000000000082E-05 ), #4345, 'distance_accuracy_value', 'NONE');
#3267 = CARTESIAN_POINT ( 'NONE',  ( -5.900000000000002132, -0.5999999999999996447, 0.6499999999999991340 ) ) ;
#3268 = ADVANCED_FACE ( 'NONE', ( #2834 ), #1470, .F. ) ;
#3269 = DIRECTION ( 'NONE',  ( -0.000000000000000000, 1.000000000000000000, -0.000000000000000000 ) ) ;
#3270 = AXIS2_PLACEMENT_3D ( 'NONE', #2622, #3625, #3536 ) ;
#3271 = VERTEX_POINT ( 'NONE', #4 ) ;
#3272 = FACE_BOUND ( 'NONE', #5506, .T. ) ;
#3273 = AXIS2_PLACEMENT_3D ( 'NONE', #5233, #2937, #3417 ) ;
#3274 = FACE_OUTER_BOUND ( 'NONE', #2274, .T. ) ;
#3275 = DIRECTION ( 'NONE',  ( -0.7071067811865480168, -0.000000000000000000, -0.7071067811865470176 ) ) ;
#3276 = CARTESIAN_POINT ( 'NONE',  ( -6.608906928049536944, -0.6350730874859314978, 0.5476418845303167027 ) ) ;
#3277 = VECTOR ( 'NONE', #4594, 1000.000000000000000 ) ;
#3278 =( NAMED_UNIT ( * ) PLANE_ANGLE_UNIT ( ) SI_UNIT ( $, .RADIAN. ) );
#3279 = CARTESIAN_POINT ( 'NONE',  ( -6.250000000000001776, 0.1000000000000000056, 0.6499999999999991340 ) ) ;
#3280 = ORIENTED_EDGE ( 'NONE', *, *, #5188, .T. ) ;
#3281 =( LENGTH_UNIT ( ) NAMED_UNIT ( * ) SI_UNIT ( .MILLI., .METRE. ) );
#3282 = PRESENTATION_STYLE_ASSIGNMENT (( #1571 ) ) ;
#3283 = CARTESIAN_POINT ( 'NONE',  ( 6.617455855588538327, -2.131267568620136110, 0.5881152925074837334 ) ) ;
#3284 = EDGE_LOOP ( 'NONE', ( #69, #328 ) ) ;
#3285 = PLANE ( 'NONE',  #4678 ) ;
#3286 = FILL_AREA_STYLE_COLOUR ( '', #5335 ) ;
#3287 = ADVANCED_FACE ( 'NONE', ( #4149 ), #5092, .F. ) ;
#3288 = CARTESIAN_POINT ( 'NONE',  ( -7.100000000000002309, 5.600000000000000533, 1.770000000000001572 ) ) ;
#3289 = CARTESIAN_POINT ( 'NONE',  ( 6.634751733198990920, -2.047963268932763370, 0.4249999999999991007 ) ) ;
#3290 = CARTESIAN_POINT ( 'NONE',  ( 6.250000000000001776, -3.299999999999999822, 0.6499999999999991340 ) ) ;
#3291 = ORIENTED_EDGE ( 'NONE', *, *, #2011, .T. ) ;
#3292 = DIRECTION ( 'NONE',  ( -0.000000000000000000, 1.000000000000000000, -0.000000000000000000 ) ) ;
#3293 = EDGE_LOOP ( 'NONE', ( #1941, #3495 ) ) ;
#3294 = ORIENTED_EDGE ( 'NONE', *, *, #4041, .T. ) ;
#3295 = DIRECTION ( 'NONE',  ( 1.000000000000000000, 0.000000000000000000, 0.000000000000000000 ) ) ;
#3296 = DIRECTION ( 'NONE',  ( 0.000000000000000000, 0.000000000000000000, 1.000000000000000000 ) ) ;
#3297 = ORIENTED_EDGE ( 'NONE', *, *, #4554, .F. ) ;
#3298 = CARTESIAN_POINT ( 'NONE',  ( -8.000000000000001776, 1.900000000000000577, 0.2699999999999994071 ) ) ;
#3299 = ADVANCED_FACE ( 'NONE', ( #3254 ), #2713, .T. ) ;
#3300 = DIRECTION ( 'NONE',  ( -1.000000000000000000, 0.000000000000000000, 0.000000000000000000 ) ) ;
#3301 = SURFACE_STYLE_FILL_AREA ( #549 ) ;
#3302 =( NAMED_UNIT ( * ) SI_UNIT ( $, .STERADIAN. ) SOLID_ANGLE_UNIT ( ) );
#3303 = CARTESIAN_POINT ( 'NONE',  ( -8.700000000000002842, 0.1000000000000000056, 1.599999999999999867 ) ) ;
#3304 = ORIENTED_EDGE ( 'NONE', *, *, #1232, .T. ) ;
#3305 =( NAMED_UNIT ( * ) SI_UNIT ( $, .STERADIAN. ) SOLID_ANGLE_UNIT ( ) );
#3306 = VECTOR ( 'NONE', #3573, 1000.000000000000000 ) ;
#3307 = ORIENTED_EDGE ( 'NONE', *, *, #5401, .F. ) ;
#3308 =( LENGTH_UNIT ( ) NAMED_UNIT ( * ) SI_UNIT ( .MILLI., .METRE. ) );
#3309 = ORIENTED_EDGE ( 'NONE', *, *, #2011, .F. ) ;
#3310 = SURFACE_STYLE_USAGE ( .BOTH. , #4749 ) ;
#3311 = CARTESIAN_POINT ( 'NONE',  ( 6.599999878748279869, -2.200000477428655898, 0.7941049229272987287 ) ) ;
#3312 = COLOUR_RGB ( '',1.000000000000000000, 1.000000000000000000, 1.000000000000000000 ) ;
#3313 = PRESENTATION_STYLE_ASSIGNMENT (( #2315 ) ) ;
#3314 = AXIS2_PLACEMENT_3D ( 'NONE', #877, #2689, #2170 ) ;
#3315 = AXIS2_PLACEMENT_3D ( 'NONE', #1126, #1577, #282 ) ;
#3316 = EDGE_CURVE ( 'NONE', #4014, #2917, #889, .T. ) ;
#3317 = FACE_OUTER_BOUND ( 'NONE', #2514, .T. ) ;
#3318 = CARTESIAN_POINT ( 'NONE',  ( -8.700000000000002842, 5.399999999999999467, -1.230000000000006199 ) ) ;
#3319 = ORIENTED_EDGE ( 'NONE', *, *, #3559, .F. ) ;
#3320 = CARTESIAN_POINT ( 'NONE',  ( 6.250000000000001776, 5.400000000000000355, 0.6499999999999991340 ) ) ;
#3321 = APPLICATION_CONTEXT ( 'automotive_design' ) ;
#3322 = CARTESIAN_POINT ( 'NONE',  ( 3.749999999999998224, 5.200000000000001066, 0.7999999999999979350 ) ) ;
#3323 = VECTOR ( 'NONE', #2826, 1000.000000000000000 ) ;
#3324 = EDGE_LOOP ( 'NONE', ( #3013, #2349, #602, #1983 ) ) ;
#3325 = EDGE_LOOP ( 'NONE', ( #5300, #2068, #3297, #2110, #3222, #555, #3683 ) ) ;
#3326 = UNCERTAINTY_MEASURE_WITH_UNIT (LENGTH_MEASURE( 1.000000000000000082E-05 ), #1795, 'distance_accuracy_value', 'NONE');
#3327 = ADVANCED_FACE ( 'NONE', ( #2493 ), #1662, .T. ) ;
#3328 = AXIS2_PLACEMENT_3D ( 'NONE', #2289, #1817, #3093 ) ;
#3329 = CARTESIAN_POINT ( 'NONE',  ( 8.330660171779820544, 0.1000000000000000056, 1.600000000000002753 ) ) ;
#3330 = LINE ( 'NONE', #4707, #1464 ) ;
#3331 = CARTESIAN_POINT ( 'NONE',  ( 1.249999999999997558, 5.200000000000001066, 0.6499999999999991340 ) ) ;
#3332 = ORIENTED_EDGE ( 'NONE', *, *, #3777, .T. ) ;
#3333 = DIRECTION ( 'NONE',  ( -0.000000000000000000, 1.000000000000000000, -0.000000000000000000 ) ) ;
#3334 =( GEOMETRIC_REPRESENTATION_CONTEXT ( 3 ) GLOBAL_UNCERTAINTY_ASSIGNED_CONTEXT ( ( #1010 ) ) GLOBAL_UNIT_ASSIGNED_CONTEXT ( ( #5010, #1408, #2341 ) ) REPRESENTATION_CONTEXT ( 'NONE', 'WORKASPACE' ) );
#3335 = CARTESIAN_POINT ( 'NONE',  ( 0.000000000000000000, 5.400000000000000355, 0.000000000000000000 ) ) ;
#3336 = AXIS2_PLACEMENT_3D ( 'NONE', #1993, #5135, #2909 ) ;
#3337 = AXIS2_PLACEMENT_3D ( 'NONE', #4443, #1717, #5836 ) ;
#3338 = ADVANCED_FACE ( 'NONE', ( #4808 ), #2607, .T. ) ;
#3339 = CARTESIAN_POINT ( 'NONE',  ( -6.250000000000001776, -2.199999999999999734, 0.6499999999999991340 ) ) ;
#3340 = PLANE ( 'NONE',  #5500 ) ;
#3341 = PRESENTATION_LAYER_ASSIGNMENT (  '', '', ( #3525 ) ) ;
#3342 = CARTESIAN_POINT ( 'NONE',  ( -8.700000000000002842, 0.1000000000000000056, -0.6000000000000003109 ) ) ;
#3343 = ORIENTED_EDGE ( 'NONE', *, *, #5195, .T. ) ;
#3344 = AXIS2_PLACEMENT_3D ( 'NONE', #4897, #1745, #1243 ) ;
#3345 = EDGE_CURVE ( 'NONE', #4868, #4434, #4686, .T. ) ;
#3346 = CARTESIAN_POINT ( 'NONE',  ( -1.250000000000001998, 1.900000000000000577, 0.6499999999999991340 ) ) ;
#3347 = FILL_AREA_STYLE_COLOUR ( '', #3941 ) ;
#3348 = SURFACE_SIDE_STYLE ('',( #3788 ) ) ;
#3349 = ORIENTED_EDGE ( 'NONE', *, *, #5377, .T. ) ;
#3350 =( NAMED_UNIT ( * ) PLANE_ANGLE_UNIT ( ) SI_UNIT ( $, .RADIAN. ) );
#3351 = ORIENTED_EDGE ( 'NONE', *, *, #4175, .F. ) ;
#3352 = CARTESIAN_POINT ( 'NONE',  ( -8.700000000000002842, 5.400000000000000355, -0.4300000000000061551 ) ) ;
#3353 = FACE_OUTER_BOUND ( 'NONE', #2181, .T. ) ;
#3354 = FACE_OUTER_BOUND ( 'NONE', #5348, .T. ) ;
#3355 = DIRECTION ( 'NONE',  ( -0.7071067811865487940, -0.000000000000000000, -0.7071067811865463515 ) ) ;
#3356 =( NAMED_UNIT ( * ) PLANE_ANGLE_UNIT ( ) SI_UNIT ( $, .RADIAN. ) );
#3357 = DIRECTION ( 'NONE',  ( 0.000000000000000000, 0.000000000000000000, 1.000000000000000000 ) ) ;
#3358 = AXIS2_PLACEMENT_3D ( 'NONE', #1920, #3721, #2236 ) ;
#3359 = DIRECTION ( 'NONE',  ( -1.000000000000000000, -0.000000000000000000, -2.710505431213760469E-17 ) ) ;
#3360 = FILL_AREA_STYLE_COLOUR ( '', #2002 ) ;
#3361 = ORIENTED_EDGE ( 'NONE', *, *, #5103, .T. ) ;
#3362 =( NAMED_UNIT ( * ) PLANE_ANGLE_UNIT ( ) SI_UNIT ( $, .RADIAN. ) );
#3363 = CARTESIAN_POINT ( 'NONE',  ( 1.249999999999997558, -7.989949493661161917, 0.3000000000000002109 ) ) ;
#3364 = DIRECTION ( 'NONE',  ( 1.000000000000000000, 0.000000000000000000, 0.000000000000000000 ) ) ;
#3365 = VERTEX_POINT ( 'NONE', #3404 ) ;
#3366 = CARTESIAN_POINT ( 'NONE',  ( -6.250000000000001776, 5.400000000000000355, 0.6499999999999991340 ) ) ;
#3367 = CARTESIAN_POINT ( 'NONE',  ( 6.249999999999998224, 0.000000000000000000, 0.9999999999999997780 ) ) ;
#3368 = ADVANCED_FACE ( 'NONE', ( #5162 ), #4333, .F. ) ;
#3369 = VECTOR ( 'NONE', #3423, 1000.000000000000000 ) ;
#3370 = DIRECTION ( 'NONE',  ( 1.000000000000000000, -0.000000000000000000, -0.000000000000000000 ) ) ;
#3371 =( NAMED_UNIT ( * ) SI_UNIT ( $, .STERADIAN. ) SOLID_ANGLE_UNIT ( ) );
#3372 = CARTESIAN_POINT ( 'NONE',  ( -1.250000000000001998, -3.299999999999999822, 0.3000000000000002109 ) ) ;
#3373 = EDGE_LOOP ( 'NONE', ( #5761, #5202 ) ) ;
#3374 = FILL_AREA_STYLE_COLOUR ( '', #5658 ) ;
#3375 = TOROIDAL_SURFACE ( 'NONE', #1377, 0.1499999999999989120, 0.2000000000000000111 ) ;
#3376 = EDGE_CURVE ( 'NONE', #5142, #4506, #1090, .T. ) ;
#3377 = ORIENTED_EDGE ( 'NONE', *, *, #5454, .T. ) ;
#3378 = AXIS2_PLACEMENT_3D ( 'NONE', #279, #3828, #3468 ) ;
#3379 = FACE_OUTER_BOUND ( 'NONE', #4672, .T. ) ;
#3380 = ORIENTED_EDGE ( 'NONE', *, *, #1988, .F. ) ;
#3381 = PRESENTATION_STYLE_ASSIGNMENT (( #2453 ) ) ;
#3382 = ORIENTED_EDGE ( 'NONE', *, *, #579, .T. ) ;
#3383 = ORIENTED_EDGE ( 'NONE', *, *, #3916, .T. ) ;
#3384 = CARTESIAN_POINT ( 'NONE',  ( 3.749999999999998224, 5.200000000000001066, 0.6499999999999991340 ) ) ;
#3385 = CARTESIAN_POINT ( 'NONE',  ( 8.330660171779822321, 0.000000000000000000, 1.600000000000001865 ) ) ;
#3386 = VECTOR ( 'NONE', #1299, 1000.000000000000000 ) ;
#3387 = EDGE_CURVE ( 'NONE', #4013, #1511, #5125, .T. ) ;
#3388 = DIRECTION ( 'NONE',  ( 0.000000000000000000, 1.000000000000000000, 0.000000000000000000 ) ) ;
#3389 = DIRECTION ( 'NONE',  ( 0.000000000000000000, 0.000000000000000000, 1.000000000000000000 ) ) ;
#3390 = DIRECTION ( 'NONE',  ( 0.000000000000000000, 0.000000000000000000, 1.000000000000000000 ) ) ;
#3391 = ORIENTED_EDGE ( 'NONE', *, *, #1174, .T. ) ;
#3392 = VERTEX_POINT ( 'NONE', #2987 ) ;
#3393 = UNCERTAINTY_MEASURE_WITH_UNIT (LENGTH_MEASURE( 1.000000000000000082E-05 ), #1574, 'distance_accuracy_value', 'NONE');
#3394 = FACE_OUTER_BOUND ( 'NONE', #74, .T. ) ;
#3395 = CARTESIAN_POINT ( 'NONE',  ( -6.250000000000001776, 0.1000000000000000056, 0.3000000000000002109 ) ) ;
#3396 = SURFACE_STYLE_USAGE ( .BOTH. , #4289 ) ;
#3397 =( BOUNDED_SURFACE ( )  B_SPLINE_SURFACE ( 3, 2, ( 
 ( #3121, #4996, #4072 ),
 ( #4936, #5334, #4909 ),
 ( #3993, #862, #1735 ),
 ( #409, #5445, #2674 ) ),
 .UNSPECIFIED., .F., .F., .F. ) 
 B_SPLINE_SURFACE_WITH_KNOTS ( ( 4, 4 ),
 ( 3, 3 ),
 ( -2.740019801911632511E-06, 0.0002689158882195597476 ),
 ( 0.000000000000000000, 1.000000000000000000 ),
 .UNSPECIFIED. ) 
 GEOMETRIC_REPRESENTATION_ITEM ( )  RATIONAL_B_SPLINE_SURFACE ( (
 ( 1.000000000000000000, 1.000000000000000000, 1.000000000000000000),
 ( 1.000000000000000000, 0.9983343828585847790, 1.000000000000000000),
 ( 1.000000000000000000, 0.8988230139521399265, 1.000000000000000000),
 ( 1.000000000000000000, 0.8258888605168612784, 1.000000000000000000) ) ) 
 REPRESENTATION_ITEM ( '' )  SURFACE ( )  );
#3398 = DIRECTION ( 'NONE',  ( 1.000000000000000000, -0.000000000000000000, -0.000000000000000000 ) ) ;
#3399 = EDGE_CURVE ( 'NONE', #4709, #4451, #1982, .T. ) ;
#3400 = FACE_OUTER_BOUND ( 'NONE', #2624, .T. ) ;
#3401 = CARTESIAN_POINT ( 'NONE',  ( 5.872019881077293668, -0.7190586069547538761, 0.5124949583321547486 ) ) ;
#3402 = CARTESIAN_POINT ( 'NONE',  ( 6.600000000000001421, -0.5999999999999989786, 0.6499999999999991340 ) ) ;
#3403 = VERTEX_POINT ( 'NONE', #1960 ) ;
#3404 = CARTESIAN_POINT ( 'NONE',  ( 2.049999999999997158, 1.900000000000000577, 1.770000000000001794 ) ) ;
#3405 = EDGE_CURVE ( 'NONE', #1908, #5519, #4668, .T. ) ;
#3406 = ORIENTED_EDGE ( 'NONE', *, *, #4728, .T. ) ;
#3407 = PRESENTATION_STYLE_ASSIGNMENT (( #4809 ) ) ;
#3408 = EDGE_LOOP ( 'NONE', ( #3947, #154, #1495 ) ) ;
#3409 = PRESENTATION_STYLE_ASSIGNMENT (( #3310 ) ) ;
#3410 = CARTESIAN_POINT ( 'NONE',  ( 6.630143041986721997, -0.7293849265132104076, 0.5159529532343245517 ) ) ;
#3411 = STYLED_ITEM ( 'NONE', ( #5301 ), #1248 ) ;
#3412 = AXIS2_PLACEMENT_3D ( 'NONE', #3346, #1494, #2052 ) ;
#3413 = DIRECTION ( 'NONE',  ( 0.000000000000000000, 1.000000000000000000, 0.000000000000000000 ) ) ;
#3414 = FACE_OUTER_BOUND ( 'NONE', #4866, .T. ) ;
#3415 = ADVANCED_FACE ( 'NONE', ( #1536 ), #2959, .F. ) ;
#3416 = ORIENTED_EDGE ( 'NONE', *, *, #579, .F. ) ;
#3417 = DIRECTION ( 'NONE',  ( 1.000000000000000000, 0.000000000000000000, 0.000000000000000000 ) ) ;
#3418 = COLOUR_RGB ( '',1.000000000000000000, 1.000000000000000000, 1.000000000000000000 ) ;
#3419 = ORIENTED_EDGE ( 'NONE', *, *, #2406, .T. ) ;
#3420 = VECTOR ( 'NONE', #5184, 1000.000000000000000 ) ;
#3421 = ORIENTED_EDGE ( 'NONE', *, *, #2816, .T. ) ;
#3422 = MECHANICAL_DESIGN_GEOMETRIC_PRESENTATION_REPRESENTATION (  '', ( #393 ), #4933 ) ;
#3423 = DIRECTION ( 'NONE',  ( 0.000000000000000000, 0.000000000000000000, -1.000000000000000000 ) ) ;
#3424 =( GEOMETRIC_REPRESENTATION_CONTEXT ( 3 ) GLOBAL_UNCERTAINTY_ASSIGNED_CONTEXT ( ( #3435 ) ) GLOBAL_UNIT_ASSIGNED_CONTEXT ( ( #3097, #5446, #3204 ) ) REPRESENTATION_CONTEXT ( 'NONE', 'WORKASPACE' ) );
#3425 = CARTESIAN_POINT ( 'NONE',  ( -6.600000000000001421, -0.5999999999999996447, 0.6499999999999992450 ) ) ;
#3426 = TOROIDAL_SURFACE ( 'NONE', #2569, 0.1499999999999989120, 0.2000000000000000111 ) ;
#3427 =( GEOMETRIC_REPRESENTATION_CONTEXT ( 3 ) GLOBAL_UNCERTAINTY_ASSIGNED_CONTEXT ( ( #1955 ) ) GLOBAL_UNIT_ASSIGNED_CONTEXT ( ( #5737, #2072, #752 ) ) REPRESENTATION_CONTEXT ( 'NONE', 'WORKASPACE' ) );
#3428 = PRESENTATION_LAYER_ASSIGNMENT (  '', '', ( #4186 ) ) ;
#3429 = DIRECTION ( 'NONE',  ( 0.000000000000000000, -1.000000000000000000, 0.000000000000000000 ) ) ;
#3430 = DIRECTION ( 'NONE',  ( 0.000000000000000000, 1.000000000000000000, 0.000000000000000000 ) ) ;
#3431 = PLANE ( 'NONE',  #731 ) ;
#3432 = VECTOR ( 'NONE', #3737, 1000.000000000000000 ) ;
#3433 = ADVANCED_FACE ( 'NONE', ( #4393 ), #2543, .T. ) ;
#3434 = VECTOR ( 'NONE', #3935, 1000.000000000000000 ) ;
#3435 = UNCERTAINTY_MEASURE_WITH_UNIT (LENGTH_MEASURE( 1.000000000000000082E-05 ), #3097, 'distance_accuracy_value', 'NONE');
#3436 = FILL_AREA_STYLE_COLOUR ( '', #3503 ) ;
#3437 = TOROIDAL_SURFACE ( 'NONE', #5337, 0.1499999999999989120, 0.2000000000000000111 ) ;
#3438 = ORIENTED_EDGE ( 'NONE', *, *, #865, .F. ) ;
#3439 = CARTESIAN_POINT ( 'NONE',  ( 3.449999999999993072, -1.399999999999999689, 0.4249999999999991007 ) ) ;
#3440 = CARTESIAN_POINT ( 'NONE',  ( -2.049999999999999822, 5.400000000000000355, 1.770000000000001572 ) ) ;
#3441 = ORIENTED_EDGE ( 'NONE', *, *, #1484, .F. ) ;
#3442 = FACE_OUTER_BOUND ( 'NONE', #4157, .T. ) ;
#3443 = SURFACE_SIDE_STYLE ('',( #5130 ) ) ;
#3444 = DIRECTION ( 'NONE',  ( 1.000000000000000000, 0.000000000000000000, 0.000000000000000000 ) ) ;
#3445 = ADVANCED_FACE ( 'NONE', ( #1658 ), #2650, .F. ) ;
#3446 = SURFACE_STYLE_USAGE ( .BOTH. , #2873 ) ;
#3447 = DIRECTION ( 'NONE',  ( 0.000000000000000000, 1.000000000000000000, 0.000000000000000000 ) ) ;
#3448 = ORIENTED_EDGE ( 'NONE', *, *, #48, .T. ) ;
#3449 = DIRECTION ( 'NONE',  ( 0.000000000000000000, -1.000000000000000000, 0.000000000000000000 ) ) ;
#3450 = ORIENTED_EDGE ( 'NONE', *, *, #2896, .F. ) ;
#3451 = ORIENTED_EDGE ( 'NONE', *, *, #1780, .T. ) ;
#3452 = ADVANCED_FACE ( 'NONE', ( #1240 ), #3466, .T. ) ;
#3453 = UNCERTAINTY_MEASURE_WITH_UNIT (LENGTH_MEASURE( 1.000000000000000082E-05 ), #834, 'distance_accuracy_value', 'NONE');
#3454 = CARTESIAN_POINT ( 'NONE',  ( 8.699999999999995737, 0.1000000000000000056, -0.5999999999999980904 ) ) ;
#3455 = DIRECTION ( 'NONE',  ( 1.000000000000000000, -0.000000000000000000, -0.000000000000000000 ) ) ;
#3456 = SURFACE_SIDE_STYLE ('',( #5327 ) ) ;
#3457 = FACE_OUTER_BOUND ( 'NONE', #5701, .T. ) ;
#3458 = VERTEX_POINT ( 'NONE', #766 ) ;
#3459 = CIRCLE ( 'NONE', #5820, 0.3499999999999987566 ) ;
#3460 = FILL_AREA_STYLE ('',( #4799 ) ) ;
#3461 = EDGE_CURVE ( 'NONE', #4038, #4222, #2323, .T. ) ;
#3462 = FACE_OUTER_BOUND ( 'NONE', #1552, .T. ) ;
#3463 = AXIS2_PLACEMENT_3D ( 'NONE', #3855, #736, #677 ) ;
#3464 = CARTESIAN_POINT ( 'NONE',  ( -6.600000000000001421, -2.200000000000000622, 0.6499999999999991340 ) ) ;
#3465 = FACE_OUTER_BOUND ( 'NONE', #5252, .T. ) ;
#3466 = CYLINDRICAL_SURFACE ( 'NONE', #2519, 0.3499999999999989786 ) ;
#3467 = ORIENTED_EDGE ( 'NONE', *, *, #4603, .T. ) ;
#3468 = DIRECTION ( 'NONE',  ( 1.000000000000000000, 0.000000000000000000, -0.000000000000000000 ) ) ;
#3469 = ORIENTED_EDGE ( 'NONE', *, *, #1748, .T. ) ;
#3470 = DIRECTION ( 'NONE',  ( 0.000000000000000000, -1.000000000000000000, 0.000000000000000000 ) ) ;
#3471 = DIRECTION ( 'NONE',  ( 0.000000000000000000, 0.000000000000000000, 1.000000000000000000 ) ) ;
#3472 = CARTESIAN_POINT ( 'NONE',  ( 0.000000000000000000, 0.000000000000000000, 0.000000000000000000 ) ) ;
#3473 = AXIS2_PLACEMENT_3D ( 'NONE', #5465, #3651, #513 ) ;
#3474 = SURFACE_STYLE_FILL_AREA ( #5755 ) ;
#3475 = DIRECTION ( 'NONE',  ( 0.000000000000000000, 0.000000000000000000, 1.000000000000000000 ) ) ;
#3476 = ORIENTED_EDGE ( 'NONE', *, *, #4420, .F. ) ;
#3477 = EDGE_CURVE ( 'NONE', #2818, #2998, #3044, .T. ) ;
#3478 = ORIENTED_EDGE ( 'NONE', *, *, #148, .F. ) ;
#3479 =( NAMED_UNIT ( * ) PLANE_ANGLE_UNIT ( ) SI_UNIT ( $, .RADIAN. ) );
#3480 = DIRECTION ( 'NONE',  ( 0.000000000000000000, -0.000000000000000000, 1.000000000000000000 ) ) ;
#3481 = CARTESIAN_POINT ( 'NONE',  ( -6.599999878748279869, -2.200000477428655898, 0.7941049229272888477 ) ) ;
#3482 = CARTESIAN_POINT ( 'NONE',  ( 5.900000000000003020, -2.199999999999999734, 0.6499999999999991340 ) ) ;
#3483 = EDGE_CURVE ( 'NONE', #1538, #2379, #1285, .T. ) ;
#3484 = CARTESIAN_POINT ( 'NONE',  ( -6.617455855588554314, -2.131267568620077935, 0.5881152925074795146 ) ) ;
#3485 = SURFACE_STYLE_USAGE ( .BOTH. , #3098 ) ;
#3486 = MANIFOLD_SOLID_BREP ( 'LPattern1[1]', #1142 ) ;
#3487 =( NAMED_UNIT ( * ) SI_UNIT ( $, .STERADIAN. ) SOLID_ANGLE_UNIT ( ) );
#3488 =( NAMED_UNIT ( * ) PLANE_ANGLE_UNIT ( ) SI_UNIT ( $, .RADIAN. ) );
#3489 = CARTESIAN_POINT ( 'NONE',  ( 3.749999999999998224, 5.400000000000000355, 0.6499999999999991340 ) ) ;
#3490 = ORIENTED_EDGE ( 'NONE', *, *, #2864, .F. ) ;
#3491 = DIRECTION ( 'NONE',  ( -0.000000000000000000, 1.000000000000000000, -0.000000000000000000 ) ) ;
#3492 = EDGE_LOOP ( 'NONE', ( #5601, #2376, #3490 ) ) ;
#3493 = PRESENTATION_STYLE_ASSIGNMENT (( #5753 ) ) ;
#3494 = DIRECTION ( 'NONE',  ( -0.000000000000000000, -1.000000000000000000, -0.000000000000000000 ) ) ;
#3495 = ORIENTED_EDGE ( 'NONE', *, *, #5143, .T. ) ;
#3496 = B_SPLINE_CURVE_WITH_KNOTS ( 'NONE', 3,
 ( #4641, #1456, #981, #5083, #2385, #4194 ),
 .UNSPECIFIED., .F., .F.,
 ( 4, 2, 4 ),
 ( 3.252606517456513302E-19, 0.0001400384557297719434, 0.0002800769114595435616 ),
 .UNSPECIFIED. ) ;
#3497 = VERTEX_POINT ( 'NONE', #440 ) ;
#3498 = EDGE_CURVE ( 'NONE', #2998, #287, #3740, .T. ) ;
#3499 = CIRCLE ( 'NONE', #2463, 0.1499999999999988842 ) ;
#3500 = EDGE_CURVE ( 'NONE', #1366, #317, #1829, .T. ) ;
#3501 = VERTEX_POINT ( 'NONE', #4498 ) ;
#3502 = FILL_AREA_STYLE_COLOUR ( '', #5362 ) ;
#3503 = COLOUR_RGB ( '',1.000000000000000000, 1.000000000000000000, 1.000000000000000000 ) ;
#3504 = CARTESIAN_POINT ( 'NONE',  ( -6.600000000000001421, -2.200000000000000622, 0.6499999999999991340 ) ) ;
#3505 = CARTESIAN_POINT ( 'NONE',  ( -6.577521250698603161, -0.6301268203274699164, 0.8749999999999990008 ) ) ;
#3506 = AXIS2_PLACEMENT_3D ( 'NONE', #1608, #337, #2149 ) ;
#3507 = EDGE_CURVE ( 'NONE', #1508, #2407, #1555, .T. ) ;
#3508 = B_SPLINE_CURVE_WITH_KNOTS ( 'NONE', 3,
 ( #1948, #667, #3750, #5622 ),
 .UNSPECIFIED., .F., .F.,
 ( 4, 4 ),
 ( 0.000000000000000000, 0.0001969895534202384629 ),
 .UNSPECIFIED. ) ;
#3509 = AXIS2_PLACEMENT_3D ( 'NONE', #2484, #2920, #1564 ) ;
#3510 = SURFACE_STYLE_USAGE ( .BOTH. , #1788 ) ;
#3511 = CARTESIAN_POINT ( 'NONE',  ( 5.900000000000002132, -2.199999999999999734, 0.6499999999999991340 ) ) ;
#3512 = SURFACE_STYLE_USAGE ( .BOTH. , #790 ) ;
#3513 = PRESENTATION_LAYER_ASSIGNMENT (  '', '', ( #2481 ) ) ;
#3514 =( GEOMETRIC_REPRESENTATION_CONTEXT ( 3 ) GLOBAL_UNCERTAINTY_ASSIGNED_CONTEXT ( ( #3453 ) ) GLOBAL_UNIT_ASSIGNED_CONTEXT ( ( #834, #4436, #1344 ) ) REPRESENTATION_CONTEXT ( 'NONE', 'WORKASPACE' ) );
#3515 = EDGE_CURVE ( 'NONE', #1698, #562, #3665, .T. ) ;
#3516 = AXIS2_PLACEMENT_3D ( 'NONE', #5576, #1070, #260 ) ;
#3517 = SURFACE_STYLE_USAGE ( .BOTH. , #2217 ) ;
#3518 = VERTEX_POINT ( 'NONE', #5146 ) ;
#3519 = CARTESIAN_POINT ( 'NONE',  ( -3.750000000000001776, 0.000000000000000000, 0.9999999999999981126 ) ) ;
#3520 =( NAMED_UNIT ( * ) PLANE_ANGLE_UNIT ( ) SI_UNIT ( $, .RADIAN. ) );
#3521 = LINE ( 'NONE', #3949, #3818 ) ;
#3522 = DIRECTION ( 'NONE',  ( 0.000000000000000000, 0.000000000000000000, 1.000000000000000000 ) ) ;
#3523 = AXIS2_PLACEMENT_3D ( 'NONE', #474, #2536, #1230 ) ;
#3524 = ADVANCED_FACE ( 'NONE', ( #2681 ), #1949, .T. ) ;
#3525 = STYLED_ITEM ( 'NONE', ( #4340 ), #1567 ) ;
#3526 = CARTESIAN_POINT ( 'NONE',  ( -3.750000000000001776, 0.1000000000000000056, 0.3000000000000002109 ) ) ;
#3527 = LINE ( 'NONE', #1690, #2007 ) ;
#3528 = VECTOR ( 'NONE', #2608, 1000.000000000000000 ) ;
#3529 = CARTESIAN_POINT ( 'NONE',  ( -5.900000000000002132, -0.5999999999999996447, 0.6499999999999991340 ) ) ;
#3530 = ORIENTED_EDGE ( 'NONE', *, *, #3143, .T. ) ;
#3531 = PRESENTATION_STYLE_ASSIGNMENT (( #340 ) ) ;
#3532 = ORIENTED_EDGE ( 'NONE', *, *, #2215, .F. ) ;
#3533 = DIRECTION ( 'NONE',  ( 1.000000000000000000, -0.000000000000000000, -0.000000000000000000 ) ) ;
#3534 = AXIS2_PLACEMENT_3D ( 'NONE', #4533, #475, #3645 ) ;
#3535 = EDGE_LOOP ( 'NONE', ( #722, #3672 ) ) ;
#3536 = DIRECTION ( 'NONE',  ( -1.000000000000000000, 0.000000000000000000, -0.000000000000000000 ) ) ;
#3537 = LINE ( 'NONE', #4046, #5133 ) ;
#3538 = EDGE_LOOP ( 'NONE', ( #4956, #5514, #3065 ) ) ;
#3539 = CYLINDRICAL_SURFACE ( 'NONE', #316, 0.3500000000000006994 ) ;
#3540 = LINE ( 'NONE', #5717, #2779 ) ;
#3541 = ADVANCED_FACE ( 'NONE', ( #1861 ), #4975, .T. ) ;
#3542 = SURFACE_STYLE_FILL_AREA ( #352 ) ;
#3543 = MANIFOLD_SOLID_BREP ( 'LPattern1[2]', #4645 ) ;
#3544 =( GEOMETRIC_REPRESENTATION_CONTEXT ( 3 ) GLOBAL_UNCERTAINTY_ASSIGNED_CONTEXT ( ( #1073 ) ) GLOBAL_UNIT_ASSIGNED_CONTEXT ( ( #3281, #2308, #3699 ) ) REPRESENTATION_CONTEXT ( 'NONE', 'WORKASPACE' ) );
#3545 = CARTESIAN_POINT ( 'NONE',  ( -8.700000000000002842, 5.900000000000000355, -1.730000000000007088 ) ) ;
#3546 = APPLICATION_CONTEXT ( 'automotive_design' ) ;
#3547 = ORIENTED_EDGE ( 'NONE', *, *, #2145, .T. ) ;
#3548 = DIRECTION ( 'NONE',  ( -0.000000000000000000, 1.000000000000000000, -0.000000000000000000 ) ) ;
#3549 = DIRECTION ( 'NONE',  ( -1.548860246407863336E-16, -1.000000000000000000, -0.000000000000000000 ) ) ;
#3550 = EDGE_CURVE ( 'NONE', #456, #4417, #3330, .T. ) ;
#3551 = PRESENTATION_LAYER_ASSIGNMENT (  '', '', ( #347 ) ) ;
#3552 = DIRECTION ( 'NONE',  ( 0.000000000000000000, 1.000000000000000000, 0.000000000000000000 ) ) ;
#3553 = PRESENTATION_STYLE_ASSIGNMENT (( #2192 ) ) ;
#3554 =( NAMED_UNIT ( * ) PLANE_ANGLE_UNIT ( ) SI_UNIT ( $, .RADIAN. ) );
#3555 = AXIS2_PLACEMENT_3D ( 'NONE', #4607, #2877, #2348 ) ;
#3556 = DIRECTION ( 'NONE',  ( 0.000000000000000000, -1.000000000000000000, 0.000000000000000000 ) ) ;
#3557 = DIRECTION ( 'NONE',  ( -1.000000000000000000, 0.000000000000000000, 7.124757133476196788E-15 ) ) ;
#3558 = VERTEX_POINT ( 'NONE', #4732 ) ;
#3559 = EDGE_CURVE ( 'NONE', #1111, #456, #2475, .T. ) ;
#3560 = LINE ( 'NONE', #2513, #4582 ) ;
#3561 = ORIENTED_EDGE ( 'NONE', *, *, #5495, .T. ) ;
#3562 = DIRECTION ( 'NONE',  ( -1.000000000000000000, 0.000000000000000000, 0.000000000000000000 ) ) ;
#3563 = PRESENTATION_LAYER_ASSIGNMENT (  '', '', ( #1211 ) ) ;
#3564 = ORIENTED_EDGE ( 'NONE', *, *, #3461, .F. ) ;
#3565 = FILL_AREA_STYLE ('',( #3502 ) ) ;
#3566 = ORIENTED_EDGE ( 'NONE', *, *, #2129, .F. ) ;
#3567 = AXIS2_PLACEMENT_3D ( 'NONE', #5156, #3782, #2078 ) ;
#3568 = CARTESIAN_POINT ( 'NONE',  ( 7.100000000000002309, 5.900000000000000355, 1.770000000000001572 ) ) ;
#3569 = DIRECTION ( 'NONE',  ( 0.000000000000000000, 0.000000000000000000, -1.000000000000000000 ) ) ;
#3570 = DIRECTION ( 'NONE',  ( 0.000000000000000000, 1.000000000000000000, 0.000000000000000000 ) ) ;
#3571 = CARTESIAN_POINT ( 'NONE',  ( -1.250000000000001998, 1.900000000000000577, 0.9999999999999981126 ) ) ;
#3572 = EDGE_CURVE ( 'NONE', #5019, #969, #319, .T. ) ;
#3573 = DIRECTION ( 'NONE',  ( -1.000000000000000000, 0.000000000000000000, 0.000000000000000000 ) ) ;
#3574 = DIRECTION ( 'NONE',  ( 0.000000000000000000, 0.7071067811865479058, -0.7071067811865472397 ) ) ;
#3575 = SURFACE_STYLE_USAGE ( .BOTH. , #5364 ) ;
#3576 = CYLINDRICAL_SURFACE ( 'NONE', #3183, 0.3499999999999989786 ) ;
#3577 = CARTESIAN_POINT ( 'NONE',  ( 4.549999999999998046, 1.900000000000000577, 1.770000000000001794 ) ) ;
#3578 = DIRECTION ( 'NONE',  ( 0.000000000000000000, 1.000000000000000000, 0.000000000000000000 ) ) ;
#3579 = DIRECTION ( 'NONE',  ( 0.000000000000000000, -1.000000000000000000, -1.084202172485503448E-16 ) ) ;
#3580 =( BOUNDED_SURFACE ( )  B_SPLINE_SURFACE ( 3, 2, ( 
 ( #1736, #3511, #788 ),
 ( #296, #5715, #1212 ),
 ( #4825, #1681, #4888 ),
 ( #2596, #894, #2325 ) ),
 .UNSPECIFIED., .F., .F., .T. ) 
 B_SPLINE_SURFACE_WITH_KNOTS ( ( 4, 4 ),
 ( 3, 3 ),
 ( -2.740019801912834450E-06, 0.0002689158882195610487 ),
 ( 0.000000000000000000, 1.000000000000000000 ),
 .UNSPECIFIED. ) 
 GEOMETRIC_REPRESENTATION_ITEM ( )  RATIONAL_B_SPLINE_SURFACE ( (
 ( 1.000000000000000000, 1.000000000000000000, 1.000000000000000000),
 ( 1.000000000000000000, 0.9983343828585855562, 1.000000000000000000),
 ( 1.000000000000000000, 0.8988230139521400375, 1.000000000000000000),
 ( 1.000000000000000000, 0.8258888605168622776, 1.000000000000000000) ) ) 
 REPRESENTATION_ITEM ( '' )  SURFACE ( )  );
#3581 = CARTESIAN_POINT ( 'NONE',  ( -8.000000000000001776, 1.900000000000000577, 0.8700000000000014388 ) ) ;
#3582 = LINE ( 'NONE', #1866, #107 ) ;
#3583 = CARTESIAN_POINT ( 'NONE',  ( 3.749999999999998224, -3.500000000000000000, 0.6499999999999991340 ) ) ;
#3584 = CARTESIAN_POINT ( 'NONE',  ( -5.869856958013280668, -0.7293849265132109627, 0.7840470467656730502 ) ) ;
#3585 = EDGE_LOOP ( 'NONE', ( #2387, #3226, #3070, #4249, #1809, #4924, #1022, #1290, #2050 ) ) ;
#3586 = FILL_AREA_STYLE_COLOUR ( '', #2155 ) ;
#3587 = ORIENTED_EDGE ( 'NONE', *, *, #1821, .T. ) ;
#3588 = EDGE_CURVE ( 'NONE', #2085, #2139, #5676, .T. ) ;
#3589 = CIRCLE ( 'NONE', #3681, 0.3499999999999989786 ) ;
#3590 = CARTESIAN_POINT ( 'NONE',  ( 7.999999999999996447, 5.900000000000000355, -1.730000000000007088 ) ) ;
#3591 = ORIENTED_EDGE ( 'NONE', *, *, #1466, .F. ) ;
#3592 = DIRECTION ( 'NONE',  ( -0.000000000000000000, 1.000000000000000000, -0.000000000000000000 ) ) ;
#3593 = LINE ( 'NONE', #5380, #30 ) ;
#3594 = MANIFOLD_SOLID_BREP ( 'Fillet3', #3689 ) ;
#3595 = ORIENTED_EDGE ( 'NONE', *, *, #1466, .T. ) ;
#3596 = EDGE_CURVE ( 'NONE', #5574, #2917, #5443, .T. ) ;
#3597 = MECHANICAL_DESIGN_GEOMETRIC_PRESENTATION_REPRESENTATION (  '', ( #570 ), #110 ) ;
#3598 =( GEOMETRIC_REPRESENTATION_CONTEXT ( 3 ) GLOBAL_UNCERTAINTY_ASSIGNED_CONTEXT ( ( #5629 ) ) GLOBAL_UNIT_ASSIGNED_CONTEXT ( ( #5283, #3488, #3970 ) ) REPRESENTATION_CONTEXT ( 'NONE', 'WORKASPACE' ) );
#3599 = DIRECTION ( 'NONE',  ( 0.000000000000000000, -1.000000000000000000, 0.000000000000000000 ) ) ;
#3600 = PRESENTATION_LAYER_ASSIGNMENT (  '', '', ( #4547 ) ) ;
#3601 = FACE_BOUND ( 'NONE', #502, .T. ) ;
#3602 = LINE ( 'NONE', #1396, #5341 ) ;
#3603 = CARTESIAN_POINT ( 'NONE',  ( -3.750000000000001776, 0.1000000000000000056, 0.6499999999999991340 ) ) ;
#3604 = MECHANICAL_DESIGN_GEOMETRIC_PRESENTATION_REPRESENTATION (  '', ( #4460 ), #2649 ) ;
#3605 = MECHANICAL_DESIGN_GEOMETRIC_PRESENTATION_REPRESENTATION (  '', ( #5586 ), #3796 ) ;
#3606 = CARTESIAN_POINT ( 'NONE',  ( 0.000000000000000000, 0.1000000000000000056, 0.000000000000000000 ) ) ;
#3607 = PLANE ( 'NONE',  #1296 ) ;
#3608 = VECTOR ( 'NONE', #702, 1000.000000000000000 ) ;
#3609 = DIRECTION ( 'NONE',  ( 0.000000000000000000, 0.000000000000000000, 1.000000000000000000 ) ) ;
#3610 = STYLED_ITEM ( 'NONE', ( #4733 ), #684 ) ;
#3611 = CARTESIAN_POINT ( 'NONE',  ( -5.980707621213486647, -2.199999887382630970, 0.4188143558491622120 ) ) ;
#3612 = VECTOR ( 'NONE', #518, 1000.000000000000000 ) ;
#3613 = CARTESIAN_POINT ( 'NONE',  ( 1.249999999999997558, 5.200000000000001066, 0.3000000000000002109 ) ) ;
#3614 = SURFACE_STYLE_USAGE ( .BOTH. , #1021 ) ;
#3615 = VERTEX_POINT ( 'NONE', #4319 ) ;
#3616 = PRESENTATION_STYLE_ASSIGNMENT (( #3109 ) ) ;
#3617 = LINE ( 'NONE', #1361, #5710 ) ;
#3618 = EDGE_CURVE ( 'NONE', #1660, #4434, #4288, .T. ) ;
#3619 = AXIS2_PLACEMENT_3D ( 'NONE', #628, #4697, #4369 ) ;
#3620 = ORIENTED_EDGE ( 'NONE', *, *, #2271, .F. ) ;
#3621 = CARTESIAN_POINT ( 'NONE',  ( 1.249999999999997558, 5.400000000000000355, 0.6499999999999991340 ) ) ;
#3622 = VECTOR ( 'NONE', #5289, 1000.000000000000000 ) ;
#3623 = DIRECTION ( 'NONE',  ( -0.7071067811865470176, 0.000000000000000000, 0.7071067811865480168 ) ) ;
#3624 = ORIENTED_EDGE ( 'NONE', *, *, #4524, .F. ) ;
#3625 = DIRECTION ( 'NONE',  ( 0.000000000000000000, 0.000000000000000000, -1.000000000000000000 ) ) ;
#3626 = EDGE_CURVE ( 'NONE', #4740, #1190, #2071, .T. ) ;
#3627 = VERTEX_POINT ( 'NONE', #2038 ) ;
#3628 = VECTOR ( 'NONE', #875, 1000.000000000000000 ) ;
#3629 = UNCERTAINTY_MEASURE_WITH_UNIT (LENGTH_MEASURE( 1.000000000000000082E-05 ), #241, 'distance_accuracy_value', 'NONE');
#3630 = CARTESIAN_POINT ( 'NONE',  ( -5.882544144411666842, -0.6687324313790720121, 0.5881152925049857316 ) ) ;
#3631 = FILL_AREA_STYLE ('',( #4964 ) ) ;
#3632 = CARTESIAN_POINT ( 'NONE',  ( -6.634751733198990920, -2.047963268932763370, 0.4249999999999991007 ) ) ;
#3633 = DIRECTION ( 'NONE',  ( 1.000000000000000000, 0.000000000000000000, 0.000000000000000000 ) ) ;
#3634 = EDGE_CURVE ( 'NONE', #4137, #4206, #2534, .T. ) ;
#3635 = LINE ( 'NONE', #3209, #102 ) ;
#3636 = AXIS2_PLACEMENT_3D ( 'NONE', #3069, #1708, #3569 ) ;
#3637 =( LENGTH_UNIT ( ) NAMED_UNIT ( * ) SI_UNIT ( .MILLI., .METRE. ) );
#3638 = DIRECTION ( 'NONE',  ( 0.7071067811865489050, 0.000000000000000000, 0.7071067811865462405 ) ) ;
#3639 = CARTESIAN_POINT ( 'NONE',  ( 8.699999999999995737, 0.1000000000000000472, 0.2699999999999976863 ) ) ;
#3640 = PRESENTATION_LAYER_ASSIGNMENT (  '', '', ( #1457 ) ) ;
#3641 = EDGE_LOOP ( 'NONE', ( #1120, #5769, #4901, #3114 ) ) ;
#3642 = FILL_AREA_STYLE_COLOUR ( '', #5531 ) ;
#3643 = PRESENTATION_STYLE_ASSIGNMENT (( #1835 ) ) ;
#3644 = CARTESIAN_POINT ( 'NONE',  ( -6.519292378786517794, -2.199999887382629638, 0.8811856441508425508 ) ) ;
#3645 = DIRECTION ( 'NONE',  ( 0.7071067811865489050, 0.000000000000000000, -0.7071067811865462405 ) ) ;
#3646 = ORIENTED_EDGE ( 'NONE', *, *, #538, .F. ) ;
#3647 =( GEOMETRIC_REPRESENTATION_CONTEXT ( 3 ) GLOBAL_UNCERTAINTY_ASSIGNED_CONTEXT ( ( #1419 ) ) GLOBAL_UNIT_ASSIGNED_CONTEXT ( ( #1570, #4301, #3305 ) ) REPRESENTATION_CONTEXT ( 'NONE', 'WORKASPACE' ) );
#3648 =( LENGTH_UNIT ( ) NAMED_UNIT ( * ) SI_UNIT ( .MILLI., .METRE. ) );
#3649 = EDGE_CURVE ( 'NONE', #630, #105, #3841, .T. ) ;
#3650 = ORIENTED_EDGE ( 'NONE', *, *, #5660, .F. ) ;
#3651 = DIRECTION ( 'NONE',  ( 0.000000000000000000, -1.000000000000000000, 0.000000000000000000 ) ) ;
#3652 = CIRCLE ( 'NONE', #4414, 0.1499999999999988842 ) ;
#3653 = ORIENTED_EDGE ( 'NONE', *, *, #4965, .T. ) ;
#3654 = CARTESIAN_POINT ( 'NONE',  ( -6.025926863196521488, -0.5999999999999997558, 0.3811297164745641730 ) ) ;
#3655 = PRESENTATION_LAYER_ASSIGNMENT (  '', '', ( #4608 ) ) ;
#3656 = SURFACE_STYLE_USAGE ( .BOTH. , #4612 ) ;
#3657 = CARTESIAN_POINT ( 'NONE',  ( -5.922501893208872659, -0.6301150872478111786, 0.8749999999999990008 ) ) ;
#3658 = FACE_OUTER_BOUND ( 'NONE', #2502, .T. ) ;
#3659 = PRESENTATION_STYLE_ASSIGNMENT (( #1856 ) ) ;
#3660 = STYLED_ITEM ( 'NONE', ( #3407 ), #4162 ) ;
#3661 = CARTESIAN_POINT ( 'NONE',  ( -6.250000000000001776, 5.400000000000000355, 0.6499999999999991340 ) ) ;
#3662 = ADVANCED_FACE ( 'NONE', ( #5707 ), #2558, .F. ) ;
#3663 = SURFACE_STYLE_FILL_AREA ( #3772 ) ;
#3664 = SURFACE_STYLE_USAGE ( .BOTH. , #4557 ) ;
#3665 = B_SPLINE_CURVE_WITH_KNOTS ( 'NONE', 3,
 ( #2768, #497, #2733, #33 ),
 .UNSPECIFIED., .F., .F.,
 ( 4, 4 ),
 ( 4.336808689942017736E-19, 0.0001969568602535471920 ),
 .UNSPECIFIED. ) ;
#3666 =( LENGTH_UNIT ( ) NAMED_UNIT ( * ) SI_UNIT ( .MILLI., .METRE. ) );
#3667 = ORIENTED_EDGE ( 'NONE', *, *, #5338, .F. ) ;
#3668 =( LENGTH_UNIT ( ) NAMED_UNIT ( * ) SI_UNIT ( .MILLI., .METRE. ) );
#3669 = ORIENTED_EDGE ( 'NONE', *, *, #3160, .F. ) ;
#3670 = CARTESIAN_POINT ( 'NONE',  ( 6.474073136803482065, -2.199999999999999734, 0.3811297164745633959 ) ) ;
#3671 = CARTESIAN_POINT ( 'NONE',  ( -8.000000000000003553, 1.000000000000000000, -0.6000000000000001998 ) ) ;
#3672 = ORIENTED_EDGE ( 'NONE', *, *, #4828, .T. ) ;
#3673 = CARTESIAN_POINT ( 'NONE',  ( -6.250000000000001776, 5.200000000000001066, 0.3000000000000002109 ) ) ;
#3674 =( LENGTH_UNIT ( ) NAMED_UNIT ( * ) SI_UNIT ( .MILLI., .METRE. ) );
#3675 = VERTEX_POINT ( 'NONE', #3151 ) ;
#3676 = CARTESIAN_POINT ( 'NONE',  ( -1.250000000000001998, -7.989949493661161917, 0.3000000000000002109 ) ) ;
#3677 = VERTEX_POINT ( 'NONE', #4991 ) ;
#3678 = ADVANCED_FACE ( 'NONE', ( #3064 ), #5792, .F. ) ;
#3679 = ORIENTED_EDGE ( 'NONE', *, *, #4965, .F. ) ;
#3680 = UNCERTAINTY_MEASURE_WITH_UNIT (LENGTH_MEASURE( 1.000000000000000082E-05 ), #3674, 'distance_accuracy_value', 'NONE');
#3681 = AXIS2_PLACEMENT_3D ( 'NONE', #3603, #1885, #896 ) ;
#3682 = DIRECTION ( 'NONE',  ( 0.000000000000000000, -1.000000000000000000, 0.000000000000000000 ) ) ;
#3683 = ORIENTED_EDGE ( 'NONE', *, *, #1028, .T. ) ;
#3684 = CARTESIAN_POINT ( 'NONE',  ( 8.330660171779820544, 0.000000000000000000, 1.600000000000002753 ) ) ;
#3685 = CARTESIAN_POINT ( 'NONE',  ( -8.700000000000002842, 0.1000000000000000056, 1.599999999999999867 ) ) ;
#3686 = DIRECTION ( 'NONE',  ( 0.000000000000000000, 1.000000000000000000, 0.000000000000000000 ) ) ;
#3687 = EDGE_CURVE ( 'NONE', #4514, #196, #4099, .T. ) ;
#3688 = CIRCLE ( 'NONE', #1139, 0.3499999999999987566 ) ;
#3689 = CLOSED_SHELL ( 'NONE', ( #1238, #372, #3541, #1999, #2222, #455, #2028, #755, #5569, #2051, #2471, #5855, #4130, #410, #3084, #852, #5739, #4121, #608, #1273, #3217, #4559, #465, #5473, #2293, #4923, #772 ) ) ;
#3690 = DIRECTION ( 'NONE',  ( -0.000000000000000000, 1.000000000000000000, -0.000000000000000000 ) ) ;
#3691 = PLANE ( 'NONE',  #5121 ) ;
#3692 = CARTESIAN_POINT ( 'NONE',  ( 0.000000000000000000, 5.400000000000000355, 0.000000000000000000 ) ) ;
#3693 = EDGE_CURVE ( 'NONE', #2350, #5255, #897, .T. ) ;
#3694 = PRESENTATION_LAYER_ASSIGNMENT (  '', '', ( #2368 ) ) ;
#3695 = AXIS2_PLACEMENT_3D ( 'NONE', #5317, #3056, #3475 ) ;
#3696 = DIRECTION ( 'NONE',  ( -1.000000000000000000, -0.000000000000000000, -0.000000000000000000 ) ) ;
#3697 = ORIENTED_EDGE ( 'NONE', *, *, #2327, .T. ) ;
#3698 = CIRCLE ( 'NONE', #5326, 0.3499999999999989786 ) ;
#3699 =( NAMED_UNIT ( * ) SI_UNIT ( $, .STERADIAN. ) SOLID_ANGLE_UNIT ( ) );
#3700 = ORIENTED_EDGE ( 'NONE', *, *, #3477, .T. ) ;
#3701 =( GEOMETRIC_REPRESENTATION_CONTEXT ( 3 ) GLOBAL_UNCERTAINTY_ASSIGNED_CONTEXT ( ( #1614 ) ) GLOBAL_UNIT_ASSIGNED_CONTEXT ( ( #5666, #1602, #5223 ) ) REPRESENTATION_CONTEXT ( 'NONE', 'WORKASPACE' ) );
#3702 = FACE_OUTER_BOUND ( 'NONE', #4381, .T. ) ;
#3703 = ORIENTED_EDGE ( 'NONE', *, *, #4838, .F. ) ;
#3704 = EDGE_CURVE ( 'NONE', #4304, #2092, #1760, .T. ) ;
#3705 = VERTEX_POINT ( 'NONE', #5379 ) ;
#3706 = AXIS2_PLACEMENT_3D ( 'NONE', #2854, #2416, #1013 ) ;
#3707 = MECHANICAL_DESIGN_GEOMETRIC_PRESENTATION_REPRESENTATION (  '', ( #1525 ), #3514 ) ;
#3708 = DIRECTION ( 'NONE',  ( -1.548860246407863336E-16, 1.000000000000000000, 0.000000000000000000 ) ) ;
#3709 = CARTESIAN_POINT ( 'NONE',  ( 0.000000000000000000, 1.000000000000000000, 0.000000000000000000 ) ) ;
#3710 = CARTESIAN_POINT ( 'NONE',  ( 7.100000000000002309, 5.600000000000000533, 1.770000000000001572 ) ) ;
#3711 = ORIENTED_EDGE ( 'NONE', *, *, #5432, .T. ) ;
#3712 = LINE ( 'NONE', #2320, #4894 ) ;
#3713 = VECTOR ( 'NONE', #2408, 1000.000000000000000 ) ;
#3714 = ORIENTED_EDGE ( 'NONE', *, *, #3550, .F. ) ;
#3715 = TOROIDAL_SURFACE ( 'NONE', #4290, 0.1499999999999989120, 0.2000000000000000111 ) ;
#3716 = ORIENTED_EDGE ( 'NONE', *, *, #4797, .F. ) ;
#3717 = CARTESIAN_POINT ( 'NONE',  ( -1.250000000000001998, 5.400000000000000355, 0.6499999999999991340 ) ) ;
#3718 = STYLED_ITEM ( 'NONE', ( #3313 ), #1453 ) ;
#3719 = CARTESIAN_POINT ( 'NONE',  ( -6.518095132369091438, -0.5999999999999998668, 0.8749999999999990008 ) ) ;
#3720 = EDGE_LOOP ( 'NONE', ( #1782, #5544 ) ) ;
#3721 = DIRECTION ( 'NONE',  ( -0.000000000000000000, 1.000000000000000000, -0.000000000000000000 ) ) ;
#3722 = MECHANICAL_DESIGN_GEOMETRIC_PRESENTATION_REPRESENTATION (  '', ( #4871 ), #1067 ) ;
#3723 =( NAMED_UNIT ( * ) SI_UNIT ( $, .STERADIAN. ) SOLID_ANGLE_UNIT ( ) );
#3724 = EDGE_CURVE ( 'NONE', #5562, #649, #2055, .T. ) ;
#3725 =( LENGTH_UNIT ( ) NAMED_UNIT ( * ) SI_UNIT ( .MILLI., .METRE. ) );
#3726 = DIRECTION ( 'NONE',  ( -1.000000000000000000, 0.000000000000000000, 1.858632295689442709E-15 ) ) ;
#3727 = ORIENTED_EDGE ( 'NONE', *, *, #787, .F. ) ;
#3728 = EDGE_CURVE ( 'NONE', #4788, #5817, #1730, .T. ) ;
#3729 = ORIENTED_EDGE ( 'NONE', *, *, #3185, .F. ) ;
#3730 = CARTESIAN_POINT ( 'NONE',  ( -6.250000000000001776, -7.989949493661161917, 0.6499999999999991340 ) ) ;
#3731 = ORIENTED_EDGE ( 'NONE', *, *, #801, .T. ) ;
#3732 = AXIS2_PLACEMENT_3D ( 'NONE', #4774, #704, #2518 ) ;
#3733 = FACE_OUTER_BOUND ( 'NONE', #5791, .T. ) ;
#3734 = FILL_AREA_STYLE_COLOUR ( '', #5811 ) ;
#3735 = CARTESIAN_POINT ( 'NONE',  ( 6.600000000000000533, -2.199999999999999734, 0.6499999999999991340 ) ) ;
#3736 = AXIS2_PLACEMENT_3D ( 'NONE', #365, #1722, #4900 ) ;
#3737 = DIRECTION ( 'NONE',  ( 0.000000000000000000, -1.000000000000000000, 0.000000000000000000 ) ) ;
#3738 = ADVANCED_FACE ( 'NONE', ( #403 ), #5440, .F. ) ;
#3739 = ORIENTED_EDGE ( 'NONE', *, *, #2600, .F. ) ;
#3740 = CIRCLE ( 'NONE', #1196, 0.3499999999999989786 ) ;
#3741 = ORIENTED_EDGE ( 'NONE', *, *, #4861, .T. ) ;
#3742 = ORIENTED_EDGE ( 'NONE', *, *, #3853, .T. ) ;
#3743 = UNCERTAINTY_MEASURE_WITH_UNIT (LENGTH_MEASURE( 1.000000000000000082E-05 ), #2745, 'distance_accuracy_value', 'NONE');
#3744 = CARTESIAN_POINT ( 'NONE',  ( 5.882743583160897849, -0.6679471413039678174, 0.7111344978470075517 ) ) ;
#3745 = DIRECTION ( 'NONE',  ( -1.000000000000000000, 0.000000000000000000, 0.000000000000000000 ) ) ;
#3746 = AXIS2_PLACEMENT_3D ( 'NONE', #1288, #4930, #2670 ) ;
#3747 = PLANE ( 'NONE',  #858 ) ;
#3748 = EDGE_LOOP ( 'NONE', ( #3196, #4844, #3983, #67 ) ) ;
#3749 = PRESENTATION_STYLE_ASSIGNMENT (( #3396 ) ) ;
#3750 = CARTESIAN_POINT ( 'NONE',  ( 5.878532480510250124, -0.6867445692069401586, 0.4249999999999991007 ) ) ;
#3751 = AXIS2_PLACEMENT_3D ( 'NONE', #2467, #4279, #4846 ) ;
#3752 = FILL_AREA_STYLE ('',( #1592 ) ) ;
#3753 = DIRECTION ( 'NONE',  ( 1.000000000000000000, 0.000000000000000000, -0.000000000000000000 ) ) ;
#3754 = VECTOR ( 'NONE', #3491, 1000.000000000000000 ) ;
#3755 = CARTESIAN_POINT ( 'NONE',  ( 5.867552523149390353, -0.7407112674937827990, 0.4704747151069823552 ) ) ;
#3756 = EDGE_CURVE ( 'NONE', #233, #1483, #1450, .T. ) ;
#3757 = CARTESIAN_POINT ( 'NONE',  ( 6.250000000000001776, -0.5999999999999998668, 0.9999999999999981126 ) ) ;
#3758 = ORIENTED_EDGE ( 'NONE', *, *, #4175, .T. ) ;
#3759 = DIRECTION ( 'NONE',  ( 1.000000000000000000, -0.000000000000000000, -0.000000000000000000 ) ) ;
#3760 = ORIENTED_EDGE ( 'NONE', *, *, #4435, .T. ) ;
#3761 = CARTESIAN_POINT ( 'NONE',  ( -8.700000000000002842, 0.000000000000000000, 1.599999999999999867 ) ) ;
#3762 = ORIENTED_EDGE ( 'NONE', *, *, #2420, .F. ) ;
#3763 = LINE ( 'NONE', #5568, #1532 ) ;
#3764 = EDGE_CURVE ( 'NONE', #1134, #3458, #3652, .T. ) ;
#3765 = DIRECTION ( 'NONE',  ( 0.000000000000000000, 0.000000000000000000, 1.000000000000000000 ) ) ;
#3766 = DIRECTION ( 'NONE',  ( 0.000000000000000000, 1.000000000000000000, 0.000000000000000000 ) ) ;
#3767 = ORIENTED_EDGE ( 'NONE', *, *, #2905, .F. ) ;
#3768 = VERTEX_POINT ( 'NONE', #563 ) ;
#3769 = ORIENTED_EDGE ( 'NONE', *, *, #4876, .T. ) ;
#3770 = EDGE_CURVE ( 'NONE', #2124, #1483, #5138, .T. ) ;
#3771 = CARTESIAN_POINT ( 'NONE',  ( 6.632447476850612311, -0.7407112674937826879, 0.8295252848930160239 ) ) ;
#3772 = FILL_AREA_STYLE ('',( #5001 ) ) ;
#3773 = SURFACE_STYLE_USAGE ( .BOTH. , #2442 ) ;
#3774 = EDGE_LOOP ( 'NONE', ( #4343, #693, #3591, #1515, #5665 ) ) ;
#3775 = FILL_AREA_STYLE ('',( #4735 ) ) ;
#3776 = CARTESIAN_POINT ( 'NONE',  ( -7.999999999999996447, 1.900000000000000577, -1.230000000000000648 ) ) ;
#3777 = EDGE_CURVE ( 'NONE', #126, #504, #5076, .T. ) ;
#3778 = DIRECTION ( 'NONE',  ( 0.000000000000000000, -1.000000000000000000, 0.000000000000000000 ) ) ;
#3779 = PLANE ( 'NONE',  #1145 ) ;
#3780 = AXIS2_PLACEMENT_3D ( 'NONE', #919, #4495, #1316 ) ;
#3781 = LINE ( 'NONE', #2894, #2105 ) ;
#3782 = DIRECTION ( 'NONE',  ( 0.000000000000000000, -1.000000000000000000, 0.000000000000000000 ) ) ;
#3783 = VERTEX_POINT ( 'NONE', #1415 ) ;
#3784 = VECTOR ( 'NONE', #1053, 1000.000000000000000 ) ;
#3785 = CIRCLE ( 'NONE', #5018, 0.1499999999999988842 ) ;
#3786 = CARTESIAN_POINT ( 'NONE',  ( -6.250000000000001776, -7.989949493661161917, 0.9999999999999981126 ) ) ;
#3787 =( GEOMETRIC_REPRESENTATION_CONTEXT ( 3 ) GLOBAL_UNCERTAINTY_ASSIGNED_CONTEXT ( ( #4583 ) ) GLOBAL_UNIT_ASSIGNED_CONTEXT ( ( #4332, #1657, #3487 ) ) REPRESENTATION_CONTEXT ( 'NONE', 'WORKASPACE' ) );
#3788 = SURFACE_STYLE_FILL_AREA ( #775 ) ;
#3789 = ORIENTED_EDGE ( 'NONE', *, *, #1712, .F. ) ;
#3790 = DIRECTION ( 'NONE',  ( 1.916616770854216440E-17, -0.7071067811865477948, -0.7071067811865472397 ) ) ;
#3791 = VERTEX_POINT ( 'NONE', #1068 ) ;
#3792 = COLOUR_RGB ( '',1.000000000000000000, 1.000000000000000000, 1.000000000000000000 ) ;
#3793 = CARTESIAN_POINT ( 'NONE',  ( -8.700000000000002842, 5.900000000000000355, 0.06999999999999476086 ) ) ;
#3794 = COLOUR_RGB ( '',1.000000000000000000, 1.000000000000000000, 1.000000000000000000 ) ;
#3795 = SURFACE_STYLE_FILL_AREA ( #2906 ) ;
#3796 =( GEOMETRIC_REPRESENTATION_CONTEXT ( 3 ) GLOBAL_UNCERTAINTY_ASSIGNED_CONTEXT ( ( #3809 ) ) GLOBAL_UNIT_ASSIGNED_CONTEXT ( ( #1776, #2656, #4476 ) ) REPRESENTATION_CONTEXT ( 'NONE', 'WORKASPACE' ) );
#3797 = B_SPLINE_CURVE_WITH_KNOTS ( 'NONE', 3,
 ( #2697, #4453, #3061, #2618 ),
 .UNSPECIFIED., .F., .F.,
 ( 4, 4 ),
 ( 0.000000000000000000, 0.0001969903055741216934 ),
 .UNSPECIFIED. ) ;
#3798 = CARTESIAN_POINT ( 'NONE',  ( -3.750000000000002220, -7.989949493661161917, 0.3000000000000002109 ) ) ;
#3799 = B_SPLINE_CURVE_WITH_KNOTS ( 'NONE', 3,
 ( #5751, #1245, #3048, #876 ),
 .UNSPECIFIED., .F., .F.,
 ( 4, 4 ),
 ( 0.000000000000000000, 0.0001969568602535478696 ),
 .UNSPECIFIED. ) ;
#3800 = DIRECTION ( 'NONE',  ( -0.000000000000000000, -1.000000000000000000, -0.000000000000000000 ) ) ;
#3801 = SURFACE_STYLE_FILL_AREA ( #165 ) ;
#3802 = VERTEX_POINT ( 'NONE', #4580 ) ;
#3803 = DIRECTION ( 'NONE',  ( -0.000000000000000000, -0.000000000000000000, -1.000000000000000000 ) ) ;
#3804 = EDGE_CURVE ( 'NONE', #1912, #160, #1939, .T. ) ;
#3805 = VERTEX_POINT ( 'NONE', #5485 ) ;
#3806 = AXIS2_PLACEMENT_3D ( 'NONE', #3977, #2659, #5781 ) ;
#3807 = ORIENTED_EDGE ( 'NONE', *, *, #1323, .T. ) ;
#3808 = ORIENTED_EDGE ( 'NONE', *, *, #5803, .T. ) ;
#3809 = UNCERTAINTY_MEASURE_WITH_UNIT (LENGTH_MEASURE( 1.000000000000000082E-05 ), #1776, 'distance_accuracy_value', 'NONE');
#3810 = AXIS2_PLACEMENT_3D ( 'NONE', #2535, #4796, #4883 ) ;
#3811 = CARTESIAN_POINT ( 'NONE',  ( -8.000000000000003553, 4.899999999999999467, 0.2699999999999994071 ) ) ;
#3812 = VECTOR ( 'NONE', #4455, 1000.000000000000000 ) ;
#3813 = ADVANCED_FACE ( 'NONE', ( #5545 ), #537, .T. ) ;
#3814 = ORIENTED_EDGE ( 'NONE', *, *, #3155, .F. ) ;
#3815 = DIRECTION ( 'NONE',  ( 0.000000000000000000, 1.000000000000000000, 0.000000000000000000 ) ) ;
#3816 = VECTOR ( 'NONE', #506, 1000.000000000000000 ) ;
#3817 = STYLED_ITEM ( 'NONE', ( #1002 ), #1526 ) ;
#3818 = VECTOR ( 'NONE', #4870, 1000.000000000000000 ) ;
#3819 = CARTESIAN_POINT ( 'NONE',  ( -8.700000000000002842, 5.900000000000000355, 2.449999999999999734 ) ) ;
#3820 = CARTESIAN_POINT ( 'NONE',  ( -6.519292378786522235, -0.6000001126173701849, 0.4188143558491578267 ) ) ;
#3821 = EDGE_CURVE ( 'NONE', #3791, #4206, #937, .T. ) ;
#3822 = VECTOR ( 'NONE', #1218, 1000.000000000000000 ) ;
#3823 = DIRECTION ( 'NONE',  ( 0.000000000000000000, 0.000000000000000000, -1.000000000000000000 ) ) ;
#3824 = ORIENTED_EDGE ( 'NONE', *, *, #892, .T. ) ;
#3825 = PRESENTATION_LAYER_ASSIGNMENT (  '', '', ( #701 ) ) ;
#3826 = CARTESIAN_POINT ( 'NONE',  ( 6.518095132369091438, -2.199999999999999734, 0.4249999999999993783 ) ) ;
#3827 = ORIENTED_EDGE ( 'NONE', *, *, #5763, .T. ) ;
#3828 = DIRECTION ( 'NONE',  ( 0.000000000000000000, 0.000000000000000000, 1.000000000000000000 ) ) ;
#3829 = EDGE_LOOP ( 'NONE', ( #3886, #3174, #84 ) ) ;
#3830 = DIRECTION ( 'NONE',  ( 0.7071067811865489050, 0.000000000000000000, 0.7071067811865462405 ) ) ;
#3831 = CARTESIAN_POINT ( 'NONE',  ( 3.749999999999998224, 5.200000000000001066, 0.6499999999999991340 ) ) ;
#3832 = CARTESIAN_POINT ( 'NONE',  ( 3.749999999999998224, 1.900000000000000577, 0.6499999999999991340 ) ) ;
#3833 = CARTESIAN_POINT ( 'NONE',  ( -5.865248266801011745, -2.047963268932763370, 0.4249999999999991007 ) ) ;
#3834 = VECTOR ( 'NONE', #1823, 1000.000000000000000 ) ;
#3835 = ORIENTED_EDGE ( 'NONE', *, *, #5103, .F. ) ;
#3836 = FILL_AREA_STYLE_COLOUR ( '', #1291 ) ;
#3837 = EDGE_LOOP ( 'NONE', ( #2914, #3827, #375, #2248 ) ) ;
#3838 = ORIENTED_EDGE ( 'NONE', *, *, #1174, .F. ) ;
#3839 = AXIS2_PLACEMENT_3D ( 'NONE', #1438, #5035, #589 ) ;
#3840 = ADVANCED_FACE ( 'NONE', ( #2815 ), #138, .F. ) ;
#3841 = LINE ( 'NONE', #3028, #1373 ) ;
#3842 = PLANE ( 'NONE',  #1339 ) ;
#3843 = VECTOR ( 'NONE', #5746, 1000.000000000000000 ) ;
#3844 = LINE ( 'NONE', #5087, #4355 ) ;
#3845 = ADVANCED_FACE ( 'NONE', ( #4217 ), #168, .T. ) ;
#3846 = CARTESIAN_POINT ( 'NONE',  ( 6.700000000000001954, -1.399999999999999689, 0.8749999999999990008 ) ) ;
#3847 = CARTESIAN_POINT ( 'NONE',  ( -6.518095132369091438, -2.199999999999999734, 0.4249999999999993783 ) ) ;
#3848 = ORIENTED_EDGE ( 'NONE', *, *, #1696, .F. ) ;
#3849 = FILL_AREA_STYLE_COLOUR ( '', #2568 ) ;
#3850 = DIRECTION ( 'NONE',  ( 0.000000000000000000, 1.000000000000000000, 0.000000000000000000 ) ) ;
#3851 = VECTOR ( 'NONE', #230, 1000.000000000000000 ) ;
#3852 = ORIENTED_EDGE ( 'NONE', *, *, #5152, .F. ) ;
#3853 = EDGE_CURVE ( 'NONE', #3497, #4137, #3712, .T. ) ;
#3854 = FACE_OUTER_BOUND ( 'NONE', #2082, .T. ) ;
#3855 = CARTESIAN_POINT ( 'NONE',  ( -8.000000000000003553, 1.000000000000000000, 0.2699999999999992961 ) ) ;
#3856 = EDGE_LOOP ( 'NONE', ( #2936, #1989, #1849, #4881 ) ) ;
#3857 = DIRECTION ( 'NONE',  ( 0.7071067811865473507, 0.000000000000000000, 0.7071067811865477948 ) ) ;
#3858 = VERTEX_POINT ( 'NONE', #1132 ) ;
#3859 =( NAMED_UNIT ( * ) PLANE_ANGLE_UNIT ( ) SI_UNIT ( $, .RADIAN. ) );
#3860 = DIRECTION ( 'NONE',  ( -1.548860246407863336E-16, 1.000000000000000000, 0.000000000000000000 ) ) ;
#3861 = STYLED_ITEM ( 'NONE', ( #1117 ), #4485 ) ;
#3862 = CARTESIAN_POINT ( 'NONE',  ( -1.250000000000001998, -3.299999999999999822, 0.9999999999999981126 ) ) ;
#3863 = FILL_AREA_STYLE ('',( #5291 ) ) ;
#3864 = CARTESIAN_POINT ( 'NONE',  ( -3.750000000000002220, -3.299999999999999822, 0.3000000000000002109 ) ) ;
#3865 = SURFACE_STYLE_FILL_AREA ( #3895 ) ;
#3866 = ORIENTED_EDGE ( 'NONE', *, *, #5726, .F. ) ;
#3867 = FILL_AREA_STYLE ('',( #3836 ) ) ;
#3868 = EDGE_LOOP ( 'NONE', ( #2970, #1069, #2929 ) ) ;
#3869 = EDGE_LOOP ( 'NONE', ( #1458, #2529, #5232, #2782, #1104, #4243, #5054, #4721 ) ) ;
#3870 = UNCERTAINTY_MEASURE_WITH_UNIT (LENGTH_MEASURE( 1.000000000000000082E-05 ), #4356, 'distance_accuracy_value', 'NONE');
#3871 = DIRECTION ( 'NONE',  ( 1.000000000000000000, 0.000000000000000000, 0.000000000000000000 ) ) ;
#3872 = CARTESIAN_POINT ( 'NONE',  ( -8.000000000000001776, 5.600000000000000533, -1.729999999999998872 ) ) ;
#3873 = FACE_OUTER_BOUND ( 'NONE', #167, .T. ) ;
#3874 = FACE_OUTER_BOUND ( 'NONE', #4687, .T. ) ;
#3875 = EDGE_CURVE ( 'NONE', #5237, #4093, #2233, .T. ) ;
#3876 = CARTESIAN_POINT ( 'NONE',  ( -6.518095132369091438, -0.5999999999999998668, 0.8749999999999990008 ) ) ;
#3877 = B_SPLINE_CURVE_WITH_KNOTS ( 'NONE', 3,
 ( #5451, #2299, #2328, #4110 ),
 .UNSPECIFIED., .F., .F.,
 ( 4, 4 ),
 ( 2.168404344971008868E-19, 0.0001969568602535456199 ),
 .UNSPECIFIED. ) ;
#3878 = CARTESIAN_POINT ( 'NONE',  ( 5.867552523149390353, -2.059288732506216135, 0.8295252848930162459 ) ) ;
#3879 = CARTESIAN_POINT ( 'NONE',  ( -7.100000000000002309, 5.600000000000000533, 1.770000000000001572 ) ) ;
#3880 = DIRECTION ( 'NONE',  ( -0.000000000000000000, -0.000000000000000000, 1.000000000000000000 ) ) ;
#3881 = EDGE_CURVE ( 'NONE', #3783, #1547, #4804, .T. ) ;
#3882 = ORIENTED_EDGE ( 'NONE', *, *, #5542, .T. ) ;
#3883 = STYLED_ITEM ( 'NONE', ( #4644 ), #1181 ) ;
#3884 = LINE ( 'NONE', #3545, #1144 ) ;
#3885 = ORIENTED_EDGE ( 'NONE', *, *, #2600, .T. ) ;
#3886 = ORIENTED_EDGE ( 'NONE', *, *, #2531, .T. ) ;
#3887 =( LENGTH_UNIT ( ) NAMED_UNIT ( * ) SI_UNIT ( .MILLI., .METRE. ) );
#3888 = AXIS2_PLACEMENT_3D ( 'NONE', #5561, #5662, #2425 ) ;
#3889 = FACE_OUTER_BOUND ( 'NONE', #5612, .T. ) ;
#3890 = EDGE_CURVE ( 'NONE', #3118, #3392, #4758, .T. ) ;
#3891 = B_SPLINE_CURVE_WITH_KNOTS ( 'NONE', 3,
 ( #4107, #1853, #3657, #5524 ),
 .UNSPECIFIED., .F., .F.,
 ( 4, 4 ),
 ( 0.000000000000000000, 0.0001969568602535470023 ),
 .UNSPECIFIED. ) ;
#3892 = PRESENTATION_LAYER_ASSIGNMENT (  '', '', ( #378 ) ) ;
#3893 = SURFACE_STYLE_USAGE ( .BOTH. , #4753 ) ;
#3894 = DIRECTION ( 'NONE',  ( -0.000000000000000000, 1.000000000000000000, -0.000000000000000000 ) ) ;
#3895 = FILL_AREA_STYLE ('',( #1353 ) ) ;
#3896 = VERTEX_POINT ( 'NONE', #1224 ) ;
#3897 = CARTESIAN_POINT ( 'NONE',  ( 7.100000000000002309, 5.900000000000000355, 2.070000000000001616 ) ) ;
#3898 = EDGE_CURVE ( 'NONE', #3497, #3791, #2996, .T. ) ;
#3899 = VECTOR ( 'NONE', #89, 1000.000000000000000 ) ;
#3900 = VERTEX_POINT ( 'NONE', #3897 ) ;
#3901 = STYLED_ITEM ( 'NONE', ( #284 ), #203 ) ;
#3902 = ORIENTED_EDGE ( 'NONE', *, *, #1397, .F. ) ;
#3903 = TOROIDAL_SURFACE ( 'NONE', #935, 0.1499999999999989120, 0.2000000000000000111 ) ;
#3904 = CARTESIAN_POINT ( 'NONE',  ( -8.000000000000001776, 1.900000000000000577, 0.8700000000000014388 ) ) ;
#3905 = VECTOR ( 'NONE', #4466, 1000.000000000000000 ) ;
#3906 = VECTOR ( 'NONE', #2497, 1000.000000000000000 ) ;
#3907 = CARTESIAN_POINT ( 'NONE',  ( -6.634831635644926173, -2.047570422884860353, 0.8765956636855010142 ) ) ;
#3908 = DIRECTION ( 'NONE',  ( 0.7071067811865489050, 0.000000000000000000, -0.7071067811865462405 ) ) ;
#3909 = CIRCLE ( 'NONE', #4942, 0.1499999999999988842 ) ;
#3910 = VECTOR ( 'NONE', #3026, 1000.000000000000000 ) ;
#3911 = DIRECTION ( 'NONE',  ( -1.548860246407863336E-16, 1.000000000000000000, 0.000000000000000000 ) ) ;
#3912 = CARTESIAN_POINT ( 'NONE',  ( 2.499999999999998668, 5.400000000000000355, 1.320000000000001616 ) ) ;
#3913 = DIRECTION ( 'NONE',  ( 4.646580739223595925E-16, 0.000000000000000000, -1.000000000000000000 ) ) ;
#3914 = VECTOR ( 'NONE', #401, 1000.000000000000000 ) ;
#3915 = VECTOR ( 'NONE', #4090, 1000.000000000000000 ) ;
#3916 = EDGE_CURVE ( 'NONE', #2984, #202, #747, .T. ) ;
#3917 = LINE ( 'NONE', #1741, #5314 ) ;
#3918 = MECHANICAL_DESIGN_GEOMETRIC_PRESENTATION_REPRESENTATION (  '', ( #868 ), #4098 ) ;
#3919 = EDGE_LOOP ( 'NONE', ( #3716, #5285, #1036, #2702 ) ) ;
#3920 = ORIENTED_EDGE ( 'NONE', *, *, #1712, .T. ) ;
#3921 = ORIENTED_EDGE ( 'NONE', *, *, #2888, .T. ) ;
#3922 =( LENGTH_UNIT ( ) NAMED_UNIT ( * ) SI_UNIT ( .MILLI., .METRE. ) );
#3923 = CARTESIAN_POINT ( 'NONE',  ( 6.634751733198991808, -0.7520367310672355643, 0.4249999999999991007 ) ) ;
#3924 = VECTOR ( 'NONE', #4835, 1000.000000000000000 ) ;
#3925 = DIRECTION ( 'NONE',  ( 0.000000000000000000, 0.000000000000000000, -1.000000000000000000 ) ) ;
#3926 = ADVANCED_FACE ( 'NONE', ( #1995 ), #2552, .T. ) ;
#3927 = DIRECTION ( 'NONE',  ( 0.000000000000000000, 1.000000000000000000, 0.000000000000000000 ) ) ;
#3928 = FACE_OUTER_BOUND ( 'NONE', #5049, .T. ) ;
#3929 = ORIENTED_EDGE ( 'NONE', *, *, #238, .T. ) ;
#3930 = ORIENTED_EDGE ( 'NONE', *, *, #3515, .T. ) ;
#3931 = EDGE_LOOP ( 'NONE', ( #5486, #250, #3587, #2863 ) ) ;
#3932 = EDGE_CURVE ( 'NONE', #3392, #3956, #1101, .T. ) ;
#3933 = PLANE ( 'NONE',  #4287 ) ;
#3934 = CARTESIAN_POINT ( 'NONE',  ( -6.250000000000001776, 5.400000000000000355, 0.6499999999999991340 ) ) ;
#3935 = DIRECTION ( 'NONE',  ( -0.7071067811865487940, -0.000000000000000000, 0.7071067811865463515 ) ) ;
#3936 = VECTOR ( 'NONE', #1654, 1000.000000000000000 ) ;
#3937 = DIRECTION ( 'NONE',  ( 0.000000000000000000, 1.000000000000000000, 0.000000000000000000 ) ) ;
#3938 = CYLINDRICAL_SURFACE ( 'NONE', #947, 0.3499999999999989786 ) ;
#3939 = CIRCLE ( 'NONE', #3736, 0.3499999999999989786 ) ;
#3940 = CARTESIAN_POINT ( 'NONE',  ( -6.250000000000001776, -0.5999999999999998668, 0.6499999999999991340 ) ) ;
#3941 = COLOUR_RGB ( '',1.000000000000000000, 1.000000000000000000, 1.000000000000000000 ) ;
#3942 = CARTESIAN_POINT ( 'NONE',  ( -6.250000000000001776, 5.200000000000001066, 0.6499999999999991340 ) ) ;
#3943 = FILL_AREA_STYLE ('',( #4030 ) ) ;
#3944 = VECTOR ( 'NONE', #2096, 1000.000000000000000 ) ;
#3945 = VERTEX_POINT ( 'NONE', #691 ) ;
#3946 = DIRECTION ( 'NONE',  ( 0.000000000000000000, 1.000000000000000000, 0.000000000000000000 ) ) ;
#3947 = ORIENTED_EDGE ( 'NONE', *, *, #4020, .T. ) ;
#3948 = SURFACE_STYLE_FILL_AREA ( #1716 ) ;
#3949 = CARTESIAN_POINT ( 'NONE',  ( 8.700000000000002842, 4.899999999999999467, 0.2699999999999994071 ) ) ;
#3950 = EDGE_CURVE ( 'NONE', #96, #186, #4814, .T. ) ;
#3951 = EDGE_CURVE ( 'NONE', #969, #4606, #4789, .T. ) ;
#3952 = AXIS2_PLACEMENT_3D ( 'NONE', #5397, #453, #4953 ) ;
#3953 = DIRECTION ( 'NONE',  ( 1.000000000000000000, -0.000000000000000000, -0.000000000000000000 ) ) ;
#3954 = CARTESIAN_POINT ( 'NONE',  ( 9.050000000000000711, -1.399999999999999689, 0.4249999999999991007 ) ) ;
#3955 = DIRECTION ( 'NONE',  ( 0.000000000000000000, 1.000000000000000000, 0.000000000000000000 ) ) ;
#3956 = VERTEX_POINT ( 'NONE', #2504 ) ;
#3957 = CIRCLE ( 'NONE', #817, 0.3499999999999989231 ) ;
#3958 = ORIENTED_EDGE ( 'NONE', *, *, #1934, .F. ) ;
#3959 = FILL_AREA_STYLE ('',( #4880 ) ) ;
#3960 = ORIENTED_EDGE ( 'NONE', *, *, #873, .F. ) ;
#3961 = CARTESIAN_POINT ( 'NONE',  ( -6.519292378787170605, -0.6000001126173744037, 0.8811856441503204129 ) ) ;
#3962 = CARTESIAN_POINT ( 'NONE',  ( 6.634751733198990920, -2.047963268932763370, 0.4249999999999991007 ) ) ;
#3963 = VERTEX_POINT ( 'NONE', #4313 ) ;
#3964 = EDGE_CURVE ( 'NONE', #3518, #4148, #5077, .T. ) ;
#3965 = CARTESIAN_POINT ( 'NONE',  ( -5.869695336352054760, -2.069834632490705761, 0.7851033582445816617 ) ) ;
#3966 = CARTESIAN_POINT ( 'NONE',  ( 0.4500000000000007327, 5.400000000000000355, 1.770000000000001794 ) ) ;
#3967 = CARTESIAN_POINT ( 'NONE',  ( -6.616146336501874003, -0.6659998686061657791, 0.7134919907838251918 ) ) ;
#3968 = EDGE_CURVE ( 'NONE', #1820, #4636, #425, .T. ) ;
#3969 = SURFACE_SIDE_STYLE ('',( #3042 ) ) ;
#3970 =( NAMED_UNIT ( * ) SI_UNIT ( $, .STERADIAN. ) SOLID_ANGLE_UNIT ( ) );
#3971 = DIRECTION ( 'NONE',  ( 1.000000000000000000, 0.000000000000000000, 0.000000000000000000 ) ) ;
#3972 = EDGE_LOOP ( 'NONE', ( #3015, #5610, #5842, #2785, #4658, #431, #4152, #4180, #1385, #49, #1943, #5719, #5294, #3450, #1867, #5039, #2544, #4527, #4269, #169, #1759, #4283, #1328, #4816 ) ) ;
#3973 = LINE ( 'NONE', #4416, #533 ) ;
#3974 = ORIENTED_EDGE ( 'NONE', *, *, #3626, .F. ) ;
#3975 = DIRECTION ( 'NONE',  ( 0.000000000000000000, 0.000000000000000000, -1.000000000000000000 ) ) ;
#3976 = CARTESIAN_POINT ( 'NONE',  ( 8.699999999999995737, 5.900000000000000355, -1.730000000000007088 ) ) ;
#3977 = CARTESIAN_POINT ( 'NONE',  ( -1.250000000000001998, -3.299999999999999822, 0.7999999999999979350 ) ) ;
#3978 = CARTESIAN_POINT ( 'NONE',  ( -6.250000000000001776, -0.5999999999999998668, 0.6499999999999991340 ) ) ;
#3979 = FACE_BOUND ( 'NONE', #3293, .T. ) ;
#3980 = ORIENTED_EDGE ( 'NONE', *, *, #2460, .T. ) ;
#3981 = AXIS2_PLACEMENT_3D ( 'NONE', #1210, #4822, #2562 ) ;
#3982 = SURFACE_SIDE_STYLE ('',( #4847 ) ) ;
#3983 = ORIENTED_EDGE ( 'NONE', *, *, #4518, .T. ) ;
#3984 = ADVANCED_FACE ( 'NONE', ( #5645 ), #2587, .F. ) ;
#3985 = DIRECTION ( 'NONE',  ( 0.000000000000000000, 0.000000000000000000, 1.000000000000000000 ) ) ;
#3986 = EDGE_LOOP ( 'NONE', ( #5178, #3421, #678, #616 ) ) ;
#3987 =( GEOMETRIC_REPRESENTATION_CONTEXT ( 3 ) GLOBAL_UNCERTAINTY_ASSIGNED_CONTEXT ( ( #140 ) ) GLOBAL_UNIT_ASSIGNED_CONTEXT ( ( #3637, #4592, #3186 ) ) REPRESENTATION_CONTEXT ( 'NONE', 'WORKASPACE' ) );
#3988 = DIRECTION ( 'NONE',  ( 0.000000000000000000, 1.000000000000000000, 0.000000000000000000 ) ) ;
#3989 = CLOSED_SHELL ( 'NONE', ( #2634, #5217, #2547, #4365, #5259, #4869, #57, #4720, #203, #166, #2450, #2710, #1332, #1969, #414, #3999, #3445, #5835, #3738, #961, #3299, #2821, #568, #684, #931, #2943, #3678, #3840, #1409, #2751, #2237, #2087, #1846, #2079, #4485, #3662, #3368, #5682, #652, #3105, #3415, #2123, #1603, #362, #1, #3287, #2103, #700, #4162, #76, #4616, #4428, #1646, #1706, #1567, #5096, #1590, #3994, #4122, #1248, #1181, #5617, #1886, #4197, #2588, #3984, #3247, #924, #3268, #5363 ) ) ;
#3990 = CARTESIAN_POINT ( 'NONE',  ( -6.600000000000001421, -0.5999999999999998668, 0.8749999999999990008 ) ) ;
#3991 = AXIS2_PLACEMENT_3D ( 'NONE', #4786, #5231, #2122 ) ;
#3992 = ORIENTED_EDGE ( 'NONE', *, *, #4136, .F. ) ;
#3993 = CARTESIAN_POINT ( 'NONE',  ( 5.869695336263704988, -0.7301653679438100397, 0.7851033600299773818 ) ) ;
#3994 = ADVANCED_FACE ( 'NONE', ( #2197 ), #804, .F. ) ;
#3995 = COLOUR_RGB ( '',1.000000000000000000, 1.000000000000000000, 1.000000000000000000 ) ;
#3996 = CARTESIAN_POINT ( 'NONE',  ( -6.630304663648013630, -2.069834632490387349, 0.5148966417537588214 ) ) ;
#3997 = DIRECTION ( 'NONE',  ( 0.000000000000000000, 1.000000000000000000, 0.000000000000000000 ) ) ;
#3998 = AXIS2_PLACEMENT_3D ( 'NONE', #83, #1880, #3745 ) ;
#3999 = ADVANCED_FACE ( 'NONE', ( #424 ), #909, .F. ) ;
#4000 = CARTESIAN_POINT ( 'NONE',  ( 1.249999999999997558, -7.989949493661161917, 0.6499999999999991340 ) ) ;
#4001 = PRESENTATION_STYLE_ASSIGNMENT (( #417 ) ) ;
#4002 = SURFACE_STYLE_FILL_AREA ( #3943 ) ;
#4003 = ORIENTED_EDGE ( 'NONE', *, *, #1038, .T. ) ;
#4004 = CIRCLE ( 'NONE', #5706, 0.3499999999999998113 ) ;
#4005 = LINE ( 'NONE', #1797, #1679 ) ;
#4006 = DIRECTION ( 'NONE',  ( 1.000000000000000000, -0.000000000000000000, -1.084202172485504434E-16 ) ) ;
#4007 = FACE_OUTER_BOUND ( 'NONE', #472, .T. ) ;
#4008 = VECTOR ( 'NONE', #5667, 1000.000000000000000 ) ;
#4009 =( BOUNDED_SURFACE ( )  B_SPLINE_SURFACE ( 3, 2, ( 
 ( #5433, #3504, #4532 ),
 ( #3481, #3031, #348 ),
 ( #3644, #2975, #3004 ),
 ( #3171, #4954, #3907 ) ),
 .UNSPECIFIED., .F., .F., .T. ) 
 B_SPLINE_SURFACE_WITH_KNOTS ( ( 4, 4 ),
 ( 3, 3 ),
 ( -2.740019801913136841E-06, 0.0002689158882195487430 ),
 ( 0.000000000000000000, 1.000000000000000000 ),
 .UNSPECIFIED. ) 
 GEOMETRIC_REPRESENTATION_ITEM ( )  RATIONAL_B_SPLINE_SURFACE ( (
 ( 1.000000000000000000, 1.000000000000000000, 1.000000000000000000),
 ( 1.000000000000000000, 0.9983343828585775626, 1.000000000000000000),
 ( 1.000000000000000000, 0.8988230139521520279, 1.000000000000000000),
 ( 1.000000000000000000, 0.8258888605168609454, 1.000000000000000000) ) ) 
 REPRESENTATION_ITEM ( '' )  SURFACE ( )  );
#4010 = COLOUR_RGB ( '',0.7921568627450980005, 0.8196078431372548767, 0.9333333333333333481 ) ;
#4011 = CARTESIAN_POINT ( 'NONE',  ( 6.250000000000001776, -2.199999999999999734, 0.6499999999999991340 ) ) ;
#4012 = CARTESIAN_POINT ( 'NONE',  ( -6.025926863196521488, -0.5999999999999998668, 0.9188702835254340950 ) ) ;
#4013 = VERTEX_POINT ( 'NONE', #5321 ) ;
#4014 = VERTEX_POINT ( 'NONE', #1724 ) ;
#4015 = DIRECTION ( 'NONE',  ( 0.000000000000000000, 0.000000000000000000, -1.000000000000000000 ) ) ;
#4016 =( NAMED_UNIT ( * ) SI_UNIT ( $, .STERADIAN. ) SOLID_ANGLE_UNIT ( ) );
#4017 = ORIENTED_EDGE ( 'NONE', *, *, #315, .T. ) ;
#4018 = FILL_AREA_STYLE ('',( #4069 ) ) ;
#4019 = CARTESIAN_POINT ( 'NONE',  ( 6.250000000000001776, -3.299999999999999822, 0.5000000000000002220 ) ) ;
#4020 = EDGE_CURVE ( 'NONE', #3677, #2836, #4944, .T. ) ;
#4021 = VERTEX_POINT ( 'NONE', #1360 ) ;
#4022 = PRESENTATION_STYLE_ASSIGNMENT (( #1822 ) ) ;
#4023 = DIRECTION ( 'NONE',  ( 0.000000000000000000, -1.000000000000000000, 0.000000000000000000 ) ) ;
#4024 = COLOUR_RGB ( '',1.000000000000000000, 1.000000000000000000, 1.000000000000000000 ) ;
#4025 = CARTESIAN_POINT ( 'NONE',  ( -6.250000000000001776, 5.200000000000001066, 0.9999999999999981126 ) ) ;
#4026 = FILL_AREA_STYLE_COLOUR ( '', #2765 ) ;
#4027 = CARTESIAN_POINT ( 'NONE',  ( 6.600000000000001421, -0.5999999999999989786, 0.6499999999999991340 ) ) ;
#4028 = MECHANICAL_DESIGN_GEOMETRIC_PRESENTATION_REPRESENTATION (  '', ( #342 ), #5267 ) ;
#4029 = DIRECTION ( 'NONE',  ( 0.000000000000000000, 1.000000000000000000, 0.000000000000000000 ) ) ;
#4030 = FILL_AREA_STYLE_COLOUR ( '', #3078 ) ;
#4031 = DIRECTION ( 'NONE',  ( -0.7071067811865470176, 0.000000000000000000, 0.7071067811865481278 ) ) ;
#4032 = LINE ( 'NONE', #4947, #3628 ) ;
#4033 = AXIS2_PLACEMENT_3D ( 'NONE', #251, #1599, #1156 ) ;
#4034 = SURFACE_SIDE_STYLE ('',( #2220 ) ) ;
#4035 = EDGE_CURVE ( 'NONE', #3192, #4709, #4875, .T. ) ;
#4036 = DIRECTION ( 'NONE',  ( 0.000000000000000000, -0.000000000000000000, -1.000000000000000000 ) ) ;
#4037 = CARTESIAN_POINT ( 'NONE',  ( -5.865248266801011745, -0.7520367310672358974, 0.4249999999999991007 ) ) ;
#4038 = VERTEX_POINT ( 'NONE', #1281 ) ;
#4039 = DIRECTION ( 'NONE',  ( 1.000000000000000000, 0.000000000000000000, 2.710505431213760469E-17 ) ) ;
#4040 = VECTOR ( 'NONE', #5698, 1000.000000000000000 ) ;
#4041 = EDGE_CURVE ( 'NONE', #3253, #2925, #4984, .T. ) ;
#4042 = ORIENTED_EDGE ( 'NONE', *, *, #3853, .F. ) ;
#4043 =( LENGTH_UNIT ( ) NAMED_UNIT ( * ) SI_UNIT ( .MILLI., .METRE. ) );
#4044 = CARTESIAN_POINT ( 'NONE',  ( -5.865248266801011745, -0.7520367310672358974, 0.4249999999999991007 ) ) ;
#4045 = VERTEX_POINT ( 'NONE', #4403 ) ;
#4046 = CARTESIAN_POINT ( 'NONE',  ( 7.100000000000002309, 5.600000000000000533, 1.770000000000001572 ) ) ;
#4047 = EDGE_LOOP ( 'NONE', ( #5711, #1118, #3547, #3172 ) ) ;
#4048 = UNCERTAINTY_MEASURE_WITH_UNIT (LENGTH_MEASURE( 1.000000000000000082E-05 ), #596, 'distance_accuracy_value', 'NONE');
#4049 = SURFACE_SIDE_STYLE ('',( #4464 ) ) ;
#4050 = CARTESIAN_POINT ( 'NONE',  ( 0.000000000000000000, 1.900000000000000577, 0.000000000000000000 ) ) ;
#4051 = CARTESIAN_POINT ( 'NONE',  ( 6.608335730828128085, -0.6221194318499319031, 0.9075845877848984777 ) ) ;
#4052 = CARTESIAN_POINT ( 'NONE',  ( 0.000000000000000000, 0.000000000000000000, 0.000000000000000000 ) ) ;
#4053 = ADVANCED_FACE ( 'NONE', ( #394 ), #3163, .T. ) ;
#4054 = FILL_AREA_STYLE_COLOUR ( '', #1370 ) ;
#4055 = CARTESIAN_POINT ( 'NONE',  ( 3.449999999999993072, -1.399999999999999689, 0.8749999999999990008 ) ) ;
#4056 = LINE ( 'NONE', #2218, #1378 ) ;
#4057 = LINE ( 'NONE', #5427, #560 ) ;
#4058 = LINE ( 'NONE', #501, #2263 ) ;
#4059 = DIRECTION ( 'NONE',  ( 0.000000000000000000, 0.000000000000000000, 1.000000000000000000 ) ) ;
#4060 = DIRECTION ( 'NONE',  ( 0.000000000000000000, 0.000000000000000000, -1.000000000000000000 ) ) ;
#4061 = EDGE_CURVE ( 'NONE', #805, #853, #529, .T. ) ;
#4062 = CARTESIAN_POINT ( 'NONE',  ( 6.600000000000000533, -2.199999999999999734, 0.6499999999999991340 ) ) ;
#4063 = ORIENTED_EDGE ( 'NONE', *, *, #1162, .T. ) ;
#4064 = CARTESIAN_POINT ( 'NONE',  ( 1.249999999999997558, -3.299999999999999822, 0.3000000000000002109 ) ) ;
#4065 = CARTESIAN_POINT ( 'NONE',  ( 6.250000000000001776, 5.200000000000001066, 0.6499999999999991340 ) ) ;
#4066 = SURFACE_SIDE_STYLE ('',( #5405 ) ) ;
#4067 = EDGE_CURVE ( 'NONE', #1976, #4013, #3087, .T. ) ;
#4068 = ORIENTED_EDGE ( 'NONE', *, *, #4797, .T. ) ;
#4069 = FILL_AREA_STYLE_COLOUR ( '', #5275 ) ;
#4070 = ORIENTED_EDGE ( 'NONE', *, *, #4694, .T. ) ;
#4071 = STYLED_ITEM ( 'NONE', ( #32 ), #5835 ) ;
#4072 = CARTESIAN_POINT ( 'NONE',  ( 5.900000000000002132, -0.5999999999999996447, 0.6499999999999991340 ) ) ;
#4073 = LINE ( 'NONE', #5359, #4852 ) ;
#4074 = FACE_BOUND ( 'NONE', #860, .T. ) ;
#4075 = LINE ( 'NONE', #4939, #789 ) ;
#4076 = CARTESIAN_POINT ( 'NONE',  ( 6.630304663648003860, -0.7301653675095668428, 0.7851033582458823989 ) ) ;
#4077 = AXIS2_PLACEMENT_3D ( 'NONE', #3583, #2583, #5754 ) ;
#4078 = AXIS2_PLACEMENT_3D ( 'NONE', #3290, #5170, #2904 ) ;
#4079 = SURFACE_SIDE_STYLE ('',( #4142 ) ) ;
#4080 =( NAMED_UNIT ( * ) SI_UNIT ( $, .STERADIAN. ) SOLID_ANGLE_UNIT ( ) );
#4081 = CIRCLE ( 'NONE', #397, 0.3499999999999989786 ) ;
#4082 = MECHANICAL_DESIGN_GEOMETRIC_PRESENTATION_REPRESENTATION (  '', ( #2194 ), #4470 ) ;
#4083 = ADVANCED_FACE ( 'NONE', ( #97 ), #3375, .T. ) ;
#4084 = AXIS2_PLACEMENT_3D ( 'NONE', #5407, #2179, #831 ) ;
#4085 = VECTOR ( 'NONE', #535, 1000.000000000000000 ) ;
#4086 = VERTEX_POINT ( 'NONE', #3761 ) ;
#4087 = ORIENTED_EDGE ( 'NONE', *, *, #1640, .T. ) ;
#4088 = FACE_OUTER_BOUND ( 'NONE', #4895, .T. ) ;
#4089 = AXIS2_PLACEMENT_3D ( 'NONE', #593, #1444, #1502 ) ;
#4090 = DIRECTION ( 'NONE',  ( 0.000000000000000000, -0.7071067811865472397, -0.7071067811865479058 ) ) ;
#4091 = DIRECTION ( 'NONE',  ( -1.548860246407863336E-16, 1.000000000000000000, 0.000000000000000000 ) ) ;
#4092 = COLOUR_RGB ( '',1.000000000000000000, 1.000000000000000000, 1.000000000000000000 ) ;
#4093 = VERTEX_POINT ( 'NONE', #929 ) ;
#4094 = ADVANCED_FACE ( 'NONE', ( #4088 ), #4530, .F. ) ;
#4095 = DIRECTION ( 'NONE',  ( 0.000000000000000000, -1.000000000000000000, 0.000000000000000000 ) ) ;
#4096 =( NAMED_UNIT ( * ) PLANE_ANGLE_UNIT ( ) SI_UNIT ( $, .RADIAN. ) );
#4097 = VERTEX_POINT ( 'NONE', #2364 ) ;
#4098 =( GEOMETRIC_REPRESENTATION_CONTEXT ( 3 ) GLOBAL_UNCERTAINTY_ASSIGNED_CONTEXT ( ( #2789 ) ) GLOBAL_UNIT_ASSIGNED_CONTEXT ( ( #99, #1000, #3170 ) ) REPRESENTATION_CONTEXT ( 'NONE', 'WORKASPACE' ) );
#4099 = LINE ( 'NONE', #857, #625 ) ;
#4100 = CARTESIAN_POINT ( 'NONE',  ( -3.750000000000002220, 5.400000000000000355, 0.6499999999999991340 ) ) ;
#4101 = ORIENTED_EDGE ( 'NONE', *, *, #4802, .F. ) ;
#4102 = ADVANCED_FACE ( 'NONE', ( #3702 ), #2735, .T. ) ;
#4103 = VECTOR ( 'NONE', #5450, 1000.000000000000000 ) ;
#4104 = UNCERTAINTY_MEASURE_WITH_UNIT (LENGTH_MEASURE( 1.000000000000000082E-05 ), #1620, 'distance_accuracy_value', 'NONE');
#4105 = CARTESIAN_POINT ( 'NONE',  ( -5.869695336352053872, -0.7301653675092971696, 0.5148966417553887398 ) ) ;
#4106 = FACE_OUTER_BOUND ( 'NONE', #3837, .T. ) ;
#4107 = CARTESIAN_POINT ( 'NONE',  ( -5.865248266801011745, -0.7520367310672358974, 0.8749999999999990008 ) ) ;
#4108 = DIRECTION ( 'NONE',  ( 1.000000000000000000, 0.000000000000000000, 0.000000000000000000 ) ) ;
#4109 = SURFACE_STYLE_FILL_AREA ( #2298 ) ;
#4110 = CARTESIAN_POINT ( 'NONE',  ( -6.518095132369091438, -0.5999999999999998668, 0.4249999999999991562 ) ) ;
#4111 = VECTOR ( 'NONE', #2478, 1000.000000000000000 ) ;
#4112 = DIRECTION ( 'NONE',  ( 0.000000000000000000, -1.000000000000000000, 0.000000000000000000 ) ) ;
#4113 = CARTESIAN_POINT ( 'NONE',  ( -6.518095132369091438, -0.5999999999999998668, 0.4249999999999991562 ) ) ;
#4114 = VECTOR ( 'NONE', #3927, 1000.000000000000000 ) ;
#4115 = DIRECTION ( 'NONE',  ( 1.000000000000000000, 0.000000000000000000, -9.293161478447213544E-16 ) ) ;
#4116 = VERTEX_POINT ( 'NONE', #3228 ) ;
#4117 = FILL_AREA_STYLE ('',( #4528 ) ) ;
#4118 = MECHANICAL_DESIGN_GEOMETRIC_PRESENTATION_REPRESENTATION (  '', ( #4320 ), #1460 ) ;
#4119 = EDGE_LOOP ( 'NONE', ( #244, #1875, #939, #2743, #5848 ) ) ;
#4120 = CARTESIAN_POINT ( 'NONE',  ( 6.025926863196521488, -2.199999999999999734, 0.9188702835254340950 ) ) ;
#4121 = ADVANCED_FACE ( 'NONE', ( #5038 ), #2715, .T. ) ;
#4122 = ADVANCED_FACE ( 'NONE', ( #5505 ), #2401, .F. ) ;
#4123 = LINE ( 'NONE', #131, #4298 ) ;
#4124 = VERTEX_POINT ( 'NONE', #1659 ) ;
#4125 = VECTOR ( 'NONE', #4129, 1000.000000000000000 ) ;
#4126 = CARTESIAN_POINT ( 'NONE',  ( 5.865248266801011745, -2.047963268932763370, 0.8749999999999990008 ) ) ;
#4127 = DIRECTION ( 'NONE',  ( -0.000000000000000000, -0.000000000000000000, 1.000000000000000000 ) ) ;
#4128 = EDGE_LOOP ( 'NONE', ( #2436, #4003, #4981, #2955 ) ) ;
#4129 = DIRECTION ( 'NONE',  ( -0.7071067811865487940, -0.000000000000000000, 0.7071067811865463515 ) ) ;
#4130 = ADVANCED_FACE ( 'NONE', ( #2901 ), #1123, .T. ) ;
#4131 = ORIENTED_EDGE ( 'NONE', *, *, #3881, .F. ) ;
#4132 = CARTESIAN_POINT ( 'NONE',  ( -5.900000000000002132, -0.5999999999999996447, 0.6499999999999991340 ) ) ;
#4133 = COLOUR_RGB ( '',1.000000000000000000, 1.000000000000000000, 1.000000000000000000 ) ;
#4134 = CARTESIAN_POINT ( 'NONE',  ( -6.250000000000001776, 0.000000000000000000, 0.6499999999999991340 ) ) ;
#4135 = DIRECTION ( 'NONE',  ( -0.000000000000000000, -0.000000000000000000, -1.000000000000000000 ) ) ;
#4136 = EDGE_CURVE ( 'NONE', #5484, #233, #2112, .T. ) ;
#4137 = VERTEX_POINT ( 'NONE', #4239 ) ;
#4138 = FACE_BOUND ( 'NONE', #2971, .T. ) ;
#4139 = PLANE ( 'NONE',  #2766 ) ;
#4140 = AXIS2_PLACEMENT_3D ( 'NONE', #1084, #1184, #3823 ) ;
#4141 = CARTESIAN_POINT ( 'NONE',  ( 8.699999999999995737, 5.900000000000000355, 1.230660171779828671 ) ) ;
#4142 = SURFACE_STYLE_FILL_AREA ( #5025 ) ;
#4143 = DIRECTION ( 'NONE',  ( 1.000000000000000000, 0.000000000000000000, 0.000000000000000000 ) ) ;
#4144 = LINE ( 'NONE', #91, #1251 ) ;
#4145 = EDGE_CURVE ( 'NONE', #5817, #2407, #619, .T. ) ;
#4146 = DIRECTION ( 'NONE',  ( 1.000000000000000000, -0.000000000000000000, 1.224646799147353207E-16 ) ) ;
#4147 = CARTESIAN_POINT ( 'NONE',  ( 8.000000000000001776, 2.599999999999994760, 1.569999999999995843 ) ) ;
#4148 = VERTEX_POINT ( 'NONE', #253 ) ;
#4149 = FACE_OUTER_BOUND ( 'NONE', #4238, .T. ) ;
#4150 = ORIENTED_EDGE ( 'NONE', *, *, #2719, .F. ) ;
#4151 = DIRECTION ( 'NONE',  ( -1.000000000000000000, 0.000000000000000000, -9.293161478447213544E-16 ) ) ;
#4152 = ORIENTED_EDGE ( 'NONE', *, *, #3091, .T. ) ;
#4153 = CARTESIAN_POINT ( 'NONE',  ( 6.250000000000001776, -2.199999999999999734, 0.6499999999999991340 ) ) ;
#4154 = ORIENTED_EDGE ( 'NONE', *, *, #2643, .T. ) ;
#4155 = LINE ( 'NONE', #1387, #5333 ) ;
#4156 = DIRECTION ( 'NONE',  ( 0.000000000000000000, 0.7071067811865479058, -0.7071067811865472397 ) ) ;
#4157 = EDGE_LOOP ( 'NONE', ( #2902, #936, #2008, #891 ) ) ;
#4158 = FILL_AREA_STYLE_COLOUR ( '', #5830 ) ;
#4159 = ORIENTED_EDGE ( 'NONE', *, *, #116, .T. ) ;
#4160 = ORIENTED_EDGE ( 'NONE', *, *, #325, .T. ) ;
#4161 = UNCERTAINTY_MEASURE_WITH_UNIT (LENGTH_MEASURE( 1.000000000000000082E-05 ), #3248, 'distance_accuracy_value', 'NONE');
#4162 = ADVANCED_FACE ( 'NONE', ( #1057 ), #2961, .F. ) ;
#4163 = SURFACE_STYLE_FILL_AREA ( #3863 ) ;
#4164 = LINE ( 'NONE', #1074, #1720 ) ;
#4165 =( LENGTH_UNIT ( ) NAMED_UNIT ( * ) SI_UNIT ( .MILLI., .METRE. ) );
#4166 = ORIENTED_EDGE ( 'NONE', *, *, #2648, .F. ) ;
#4167 = MECHANICAL_DESIGN_GEOMETRIC_PRESENTATION_REPRESENTATION (  '', ( #3411 ), #1235 ) ;
#4168 = CLOSED_SHELL ( 'NONE', ( #4993, #4448, #3074, #122, #5632, #4234, #2380, #4958 ) ) ;
#4169 =( NAMED_UNIT ( * ) PLANE_ANGLE_UNIT ( ) SI_UNIT ( $, .RADIAN. ) );
#4170 = SURFACE_SIDE_STYLE ('',( #3301 ) ) ;
#4171 = PRESENTATION_STYLE_ASSIGNMENT (( #3664 ) ) ;
#4172 = AXIS2_PLACEMENT_3D ( 'NONE', #2265, #1887, #1826 ) ;
#4173 = DIRECTION ( 'NONE',  ( 0.000000000000000000, -1.000000000000000000, 0.000000000000000000 ) ) ;
#4174 = MECHANICAL_DESIGN_GEOMETRIC_PRESENTATION_REPRESENTATION (  '', ( #1244 ), #2099 ) ;
#4175 = EDGE_CURVE ( 'NONE', #4205, #1190, #710, .T. ) ;
#4176 = CARTESIAN_POINT ( 'NONE',  ( 6.600000000000001421, -0.5999999999999998668, -2.450000000000000622 ) ) ;
#4177 = ORIENTED_EDGE ( 'NONE', *, *, #3376, .F. ) ;
#4178 = PRESENTATION_LAYER_ASSIGNMENT (  '', '', ( #23 ) ) ;
#4179 =( NAMED_UNIT ( * ) PLANE_ANGLE_UNIT ( ) SI_UNIT ( $, .RADIAN. ) );
#4180 = ORIENTED_EDGE ( 'NONE', *, *, #5239, .F. ) ;
#4181 = CARTESIAN_POINT ( 'NONE',  ( 5.900000121252825025, -2.200000477432989765, 0.7941049229276871957 ) ) ;
#4182 = VERTEX_POINT ( 'NONE', #3440 ) ;
#4183 = CARTESIAN_POINT ( 'NONE',  ( -2.950000000000002842, 5.400000000000000355, 1.770000000000001794 ) ) ;
#4184 = PRESENTATION_STYLE_ASSIGNMENT (( #2403 ) ) ;
#4185 = MECHANICAL_DESIGN_GEOMETRIC_PRESENTATION_REPRESENTATION (  '', ( #1155 ), #3427 ) ;
#4186 = STYLED_ITEM ( 'NONE', ( #2474 ), #2710 ) ;
#4187 = CARTESIAN_POINT ( 'NONE',  ( -8.673617379884035472E-16, 5.400000000000000355, 1.320000000000001616 ) ) ;
#4188 = LINE ( 'NONE', #1873, #861 ) ;
#4189 = CARTESIAN_POINT ( 'NONE',  ( -1.250000000000001998, -7.989949493661161917, 0.6499999999999991340 ) ) ;
#4190 = VERTEX_POINT ( 'NONE', #1191 ) ;
#4191 = ORIENTED_EDGE ( 'NONE', *, *, #212, .T. ) ;
#4192 = TOROIDAL_SURFACE ( 'NONE', #2391, 0.1499999999999989120, 0.2000000000000000111 ) ;
#4193 = ORIENTED_EDGE ( 'NONE', *, *, #3345, .T. ) ;
#4194 = CARTESIAN_POINT ( 'NONE',  ( -5.900000000000003020, -2.199999999999999734, 0.6499999999999991340 ) ) ;
#4195 = ORIENTED_EDGE ( 'NONE', *, *, #361, .T. ) ;
#4196 =( NAMED_UNIT ( * ) SI_UNIT ( $, .STERADIAN. ) SOLID_ANGLE_UNIT ( ) );
#4197 = ADVANCED_FACE ( 'NONE', ( #2084 ), #5256, .F. ) ;
#4198 = FILL_AREA_STYLE_COLOUR ( '', #395 ) ;
#4199 = LINE ( 'NONE', #1950, #3420 ) ;
#4200 = CYLINDRICAL_SURFACE ( 'NONE', #1329, 0.3499999999999989786 ) ;
#4201 = UNCERTAINTY_MEASURE_WITH_UNIT (LENGTH_MEASURE( 1.000000000000000082E-05 ), #4267, 'distance_accuracy_value', 'NONE');
#4202 = DIRECTION ( 'NONE',  ( -1.548860246407863336E-16, -1.000000000000000000, -0.000000000000000000 ) ) ;
#4203 = ORIENTED_EDGE ( 'NONE', *, *, #5027, .F. ) ;
#4204 = CARTESIAN_POINT ( 'NONE',  ( 3.749999999999998224, 5.200000000000001066, 0.6499999999999991340 ) ) ;
#4205 = VERTEX_POINT ( 'NONE', #4896 ) ;
#4206 = VERTEX_POINT ( 'NONE', #3131 ) ;
#4207 = DIRECTION ( 'NONE',  ( 0.7071067811865456854, -0.000000000000000000, 0.7071067811865493491 ) ) ;
#4208 = EDGE_CURVE ( 'NONE', #4636, #3783, #4426, .T. ) ;
#4209 = AXIS2_PLACEMENT_3D ( 'NONE', #3182, #1371, #1459 ) ;
#4210 = SURFACE_STYLE_USAGE ( .BOTH. , #2312 ) ;
#4211 = ORIENTED_EDGE ( 'NONE', *, *, #325, .F. ) ;
#4212 =( NAMED_UNIT ( * ) PLANE_ANGLE_UNIT ( ) SI_UNIT ( $, .RADIAN. ) );
#4213 = AXIS2_PLACEMENT_3D ( 'NONE', #3439, #219, #1121 ) ;
#4214 = CARTESIAN_POINT ( 'NONE',  ( -3.750000000000002220, -3.299999999999999822, 0.7999999999999979350 ) ) ;
#4215 = PLANE ( 'NONE',  #5122 ) ;
#4216 = ORIENTED_EDGE ( 'NONE', *, *, #4218, .T. ) ;
#4217 = FACE_OUTER_BOUND ( 'NONE', #3535, .T. ) ;
#4218 = EDGE_CURVE ( 'NONE', #233, #1877, #2140, .T. ) ;
#4219 = EDGE_LOOP ( 'NONE', ( #4886, #4068, #3703, #539 ) ) ;
#4220 = AXIS2_PLACEMENT_3D ( 'NONE', #899, #3188, #1376 ) ;
#4221 = ORIENTED_EDGE ( 'NONE', *, *, #4386, .F. ) ;
#4222 = VERTEX_POINT ( 'NONE', #5343 ) ;
#4223 = UNCERTAINTY_MEASURE_WITH_UNIT (LENGTH_MEASURE( 1.000000000000000082E-05 ), #1617, 'distance_accuracy_value', 'NONE');
#4224 = CARTESIAN_POINT ( 'NONE',  ( 6.634751733198990920, -0.7520367310672358974, 0.8749999999999990008 ) ) ;
#4225 = MECHANICAL_DESIGN_GEOMETRIC_PRESENTATION_REPRESENTATION (  '', ( #1097 ), #2792 ) ;
#4226 = CARTESIAN_POINT ( 'NONE',  ( 5.981904867630913003, -0.5999999999999998668, 0.8749999999999990008 ) ) ;
#4227 = ORIENTED_EDGE ( 'NONE', *, *, #2036, .F. ) ;
#4228 = SURFACE_STYLE_USAGE ( .BOTH. , #1016 ) ;
#4229 = MECHANICAL_DESIGN_GEOMETRIC_PRESENTATION_REPRESENTATION (  '', ( #4608 ), #725 ) ;
#4230 = CARTESIAN_POINT ( 'NONE',  ( 3.749999999999998224, 5.200000000000001066, 0.9999999999999981126 ) ) ;
#4231 = DIRECTION ( 'NONE',  ( -1.000000000000000000, -0.000000000000000000, -0.000000000000000000 ) ) ;
#4232 = AXIS2_PLACEMENT_3D ( 'NONE', #3014, #4914, #1320 ) ;
#4233 = DIRECTION ( 'NONE',  ( -0.000000000000000000, 1.000000000000000000, 0.000000000000000000 ) ) ;
#4234 = ADVANCED_FACE ( 'NONE', ( #2243 ), #1773, .T. ) ;
#4235 = CARTESIAN_POINT ( 'NONE',  ( -8.000000000000001776, 1.900000000000000577, 0.8700000000000014388 ) ) ;
#4236 = EDGE_LOOP ( 'NONE', ( #1105, #5663, #4685, #5671 ) ) ;
#4237 = FILL_AREA_STYLE ('',( #2019 ) ) ;
#4238 = EDGE_LOOP ( 'NONE', ( #1557, #5673, #1962 ) ) ;
#4239 = CARTESIAN_POINT ( 'NONE',  ( 8.000000000000001776, 5.600000000000000533, -1.729999999999998428 ) ) ;
#4240 = ORIENTED_EDGE ( 'NONE', *, *, #3155, .T. ) ;
#4241 = DIRECTION ( 'NONE',  ( 1.000000000000000000, 0.000000000000000000, 0.000000000000000000 ) ) ;
#4242 = CARTESIAN_POINT ( 'NONE',  ( 7.999999999999996447, 1.000000000000000000, -1.230000000000000648 ) ) ;
#4243 = ORIENTED_EDGE ( 'NONE', *, *, #5696, .T. ) ;
#4244 = SURFACE_STYLE_USAGE ( .BOTH. , #5073 ) ;
#4245 = EDGE_CURVE ( 'NONE', #2469, #4014, #4056, .T. ) ;
#4246 = DIRECTION ( 'NONE',  ( 0.000000000000000000, 0.000000000000000000, 1.000000000000000000 ) ) ;
#4247 = CARTESIAN_POINT ( 'NONE',  ( 6.025926863196521488, -0.5999999999999997558, 0.3811297164745641730 ) ) ;
#4248 = ORIENTED_EDGE ( 'NONE', *, *, #1863, .T. ) ;
#4249 = ORIENTED_EDGE ( 'NONE', *, *, #5027, .T. ) ;
#4250 = ORIENTED_EDGE ( 'NONE', *, *, #3035, .F. ) ;
#4251 = VERTEX_POINT ( 'NONE', #874 ) ;
#4252 = EDGE_CURVE ( 'NONE', #4268, #3253, #4005, .T. ) ;
#4253 = DIRECTION ( 'NONE',  ( 1.000000000000000000, -0.000000000000000000, 1.224646799147353207E-16 ) ) ;
#4254 = SURFACE_SIDE_STYLE ('',( #1040 ) ) ;
#4255 = ORIENTED_EDGE ( 'NONE', *, *, #4694, .F. ) ;
#4256 = DIRECTION ( 'NONE',  ( 0.000000000000000000, 0.000000000000000000, 1.000000000000000000 ) ) ;
#4257 = LINE ( 'NONE', #3367, #2459 ) ;
#4258 =( NAMED_UNIT ( * ) PLANE_ANGLE_UNIT ( ) SI_UNIT ( $, .RADIAN. ) );
#4259 = AXIS2_PLACEMENT_3D ( 'NONE', #5384, #3245, #5417 ) ;
#4260 = CARTESIAN_POINT ( 'NONE',  ( -6.600000000000001421, -0.5999999999999998668, 0.6499999999999991340 ) ) ;
#4261 = CARTESIAN_POINT ( 'NONE',  ( 4.999999999999999112, 1.900000000000000577, 1.320000000000001839 ) ) ;
#4262 = CIRCLE ( 'NONE', #4836, 3.249999999999999556 ) ;
#4263 = CIRCLE ( 'NONE', #1029, 3.250000000000008438 ) ;
#4264 = DIRECTION ( 'NONE',  ( -1.548860246407863336E-16, 1.000000000000000000, 0.000000000000000000 ) ) ;
#4265 = SURFACE_SIDE_STYLE ('',( #2452 ) ) ;
#4266 = PRESENTATION_LAYER_ASSIGNMENT (  '', '', ( #4543 ) ) ;
#4267 =( LENGTH_UNIT ( ) NAMED_UNIT ( * ) SI_UNIT ( .MILLI., .METRE. ) );
#4268 = VERTEX_POINT ( 'NONE', #1744 ) ;
#4269 = ORIENTED_EDGE ( 'NONE', *, *, #265, .T. ) ;
#4270 = DIRECTION ( 'NONE',  ( 0.000000000000000000, 0.000000000000000000, 1.000000000000000000 ) ) ;
#4271 =( NAMED_UNIT ( * ) SI_UNIT ( $, .STERADIAN. ) SOLID_ANGLE_UNIT ( ) );
#4272 = AXIS2_PLACEMENT_3D ( 'NONE', #1465, #5424, #4978 ) ;
#4273 = EDGE_CURVE ( 'NONE', #2774, #4137, #4442, .T. ) ;
#4274 = ORIENTED_EDGE ( 'NONE', *, *, #2964, .F. ) ;
#4275 = MECHANICAL_DESIGN_GEOMETRIC_PRESENTATION_REPRESENTATION (  '', ( #3901 ), #4931 ) ;
#4276 = AXIS2_PLACEMENT_3D ( 'NONE', #1094, #2430, #4241 ) ;
#4277 = CARTESIAN_POINT ( 'NONE',  ( 6.600000000000001421, -0.5999999999999998668, 0.4249999999999991007 ) ) ;
#4278 = EDGE_LOOP ( 'NONE', ( #5222, #1601, #3145, #3294 ) ) ;
#4279 = DIRECTION ( 'NONE',  ( 0.000000000000000000, 0.000000000000000000, 1.000000000000000000 ) ) ;
#4280 = EDGE_CURVE ( 'NONE', #4663, #142, #4473, .T. ) ;
#4281 = VECTOR ( 'NONE', #5356, 1000.000000000000000 ) ;
#4282 = ORIENTED_EDGE ( 'NONE', *, *, #4035, .T. ) ;
#4283 = ORIENTED_EDGE ( 'NONE', *, *, #88, .F. ) ;
#4284 = UNCERTAINTY_MEASURE_WITH_UNIT (LENGTH_MEASURE( 1.000000000000000082E-05 ), #3887, 'distance_accuracy_value', 'NONE');
#4285 = CIRCLE ( 'NONE', #1630, 0.3499999999999989231 ) ;
#4286 = DIRECTION ( 'NONE',  ( -0.000000000000000000, 0.000000000000000000, 1.000000000000000000 ) ) ;
#4287 = AXIS2_PLACEMENT_3D ( 'NONE', #3904, #2095, #4286 ) ;
#4288 = LINE ( 'NONE', #267, #4800 ) ;
#4289 = SURFACE_SIDE_STYLE ('',( #1589 ) ) ;
#4290 = AXIS2_PLACEMENT_3D ( 'NONE', #2131, #1808, #4820 ) ;
#4291 = EDGE_CURVE ( 'NONE', #4451, #1726, #5309, .T. ) ;
#4292 = DIRECTION ( 'NONE',  ( 0.000000000000000000, 0.000000000000000000, 1.000000000000000000 ) ) ;
#4293 = DIRECTION ( 'NONE',  ( 0.000000000000000000, -1.000000000000000000, 0.000000000000000000 ) ) ;
#4294 = CARTESIAN_POINT ( 'NONE',  ( 7.480660171779826229, 0.000000000000000000, 2.449999999999999734 ) ) ;
#4295 = DIRECTION ( 'NONE',  ( -0.000000000000000000, 0.000000000000000000, -1.000000000000000000 ) ) ;
#4296 = CARTESIAN_POINT ( 'NONE',  ( -8.000000000000001776, 5.900000000000000355, 0.06999999999999476086 ) ) ;
#4297 = DIRECTION ( 'NONE',  ( 0.000000000000000000, 0.000000000000000000, 1.000000000000000000 ) ) ;
#4298 = VECTOR ( 'NONE', #2781, 1000.000000000000000 ) ;
#4299 = CARTESIAN_POINT ( 'NONE',  ( 6.608335730828128085, -0.6221194318499319031, 0.3924154122150998458 ) ) ;
#4300 = EDGE_LOOP ( 'NONE', ( #1840, #4160, #879, #4404 ) ) ;
#4301 =( NAMED_UNIT ( * ) PLANE_ANGLE_UNIT ( ) SI_UNIT ( $, .RADIAN. ) );
#4302 = EDGE_LOOP ( 'NONE', ( #3866, #4511, #1600, #5797 ) ) ;
#4303 = SURFACE_STYLE_FILL_AREA ( #2869 ) ;
#4304 = VERTEX_POINT ( 'NONE', #1686 ) ;
#4305 = SURFACE_STYLE_FILL_AREA ( #281 ) ;
#4306 = FACE_OUTER_BOUND ( 'NONE', #2962, .T. ) ;
#4307 = PRESENTATION_STYLE_ASSIGNMENT (( #5258 ) ) ;
#4308 = B_SPLINE_CURVE_WITH_KNOTS ( 'NONE', 3,
 ( #4037, #5840, #1778, #3, #3139, #4951 ),
 .UNSPECIFIED., .F., .F.,
 ( 4, 2, 4 ),
 ( 2.424349759030540154E-19, 0.0001400384557297719977, 0.0002800769114595437243 ),
 .UNSPECIFIED. ) ;
#4309 = EDGE_CURVE ( 'NONE', #1538, #2400, #4499, .T. ) ;
#4310 = PLANE ( 'NONE',  #1080 ) ;
#4311 = FACE_OUTER_BOUND ( 'NONE', #1693, .T. ) ;
#4312 = PRESENTATION_LAYER_ASSIGNMENT (  '', '', ( #4787 ) ) ;
#4313 = CARTESIAN_POINT ( 'NONE',  ( -8.000000000000001776, 5.900000000000000355, -1.730000000000007088 ) ) ;
#4314 = EDGE_LOOP ( 'NONE', ( #3824, #4815, #5615, #2829, #2507, #5634, #2900, #2720, #4483 ) ) ;
#4315 = ORIENTED_EDGE ( 'NONE', *, *, #2732, .F. ) ;
#4316 = PRESENTATION_LAYER_ASSIGNMENT (  '', '', ( #342 ) ) ;
#4317 = ADVANCED_FACE ( 'NONE', ( #5286 ), #3576, .T. ) ;
#4318 = SURFACE_STYLE_USAGE ( .BOTH. , #2037 ) ;
#4319 = CARTESIAN_POINT ( 'NONE',  ( -6.600000000000000533, -2.199999999999999734, 0.6499999999999991340 ) ) ;
#4320 = STYLED_ITEM ( 'NONE', ( #3100 ), #3415 ) ;
#4321 = DIRECTION ( 'NONE',  ( 0.000000000000000000, 0.000000000000000000, 1.000000000000000000 ) ) ;
#4322 = LINE ( 'NONE', #3990, #1707 ) ;
#4323 = VECTOR ( 'NONE', #3455, 1000.000000000000000 ) ;
#4324 = DIRECTION ( 'NONE',  ( -0.000000000000000000, -1.000000000000000000, -0.000000000000000000 ) ) ;
#4325 = EDGE_CURVE ( 'NONE', #830, #5310, #816, .T. ) ;
#4326 = DIRECTION ( 'NONE',  ( 2.478176394252589227E-15, 0.000000000000000000, -1.000000000000000000 ) ) ;
#4327 = CARTESIAN_POINT ( 'NONE',  ( 1.249999999999997558, 0.1000000000000000056, 0.2999999999999992673 ) ) ;
#4328 = VECTOR ( 'NONE', #3086, 1000.000000000000000 ) ;
#4329 = UNCERTAINTY_MEASURE_WITH_UNIT (LENGTH_MEASURE( 1.000000000000000082E-05 ), #1487, 'distance_accuracy_value', 'NONE');
#4330 = VECTOR ( 'NONE', #2604, 1000.000000000000000 ) ;
#4331 = EDGE_CURVE ( 'NONE', #4740, #1582, #2631, .T. ) ;
#4332 =( LENGTH_UNIT ( ) NAMED_UNIT ( * ) SI_UNIT ( .MILLI., .METRE. ) );
#4333 = PLANE ( 'NONE',  #3264 ) ;
#4334 = ORIENTED_EDGE ( 'NONE', *, *, #4905, .T. ) ;
#4335 = CARTESIAN_POINT ( 'NONE',  ( 8.000000000000003553, 4.899999999999999467, 0.2699999999999994071 ) ) ;
#4336 = VERTEX_POINT ( 'NONE', #3046 ) ;
#4337 = CARTESIAN_POINT ( 'NONE',  ( 6.600000000000001421, -2.199999999999999734, -2.450000000000000622 ) ) ;
#4338 = CARTESIAN_POINT ( 'NONE',  ( 6.250000000000001776, -2.199999999999999734, 0.6499999999999991340 ) ) ;
#4339 = VECTOR ( 'NONE', #3880, 1000.000000000000000 ) ;
#4340 = PRESENTATION_STYLE_ASSIGNMENT (( #2500 ) ) ;
#4341 = FACE_BOUND ( 'NONE', #545, .T. ) ;
#4342 = ORIENTED_EDGE ( 'NONE', *, *, #5279, .T. ) ;
#4343 = ORIENTED_EDGE ( 'NONE', *, *, #4245, .F. ) ;
#4344 = UNCERTAINTY_MEASURE_WITH_UNIT (LENGTH_MEASURE( 1.000000000000000082E-05 ), #5566, 'distance_accuracy_value', 'NONE');
#4345 =( LENGTH_UNIT ( ) NAMED_UNIT ( * ) SI_UNIT ( .MILLI., .METRE. ) );
#4346 = CARTESIAN_POINT ( 'NONE',  ( 6.250000000000001776, -2.199999999999999734, 0.9999999999999981126 ) ) ;
#4347 = CARTESIAN_POINT ( 'NONE',  ( -6.617256416838618094, -2.132052858697945918, 0.7111344978492675217 ) ) ;
#4348 = EDGE_CURVE ( 'NONE', #3627, #4370, #3973, .T. ) ;
#4349 = CARTESIAN_POINT ( 'NONE',  ( -3.449999999999993072, -1.399999999999999689, 0.8749999999999990008 ) ) ;
#4350 = FACE_OUTER_BOUND ( 'NONE', #374, .T. ) ;
#4351 = DIRECTION ( 'NONE',  ( -1.000000000000000000, -0.000000000000000000, -1.121588454295349533E-16 ) ) ;
#4352 = CARTESIAN_POINT ( 'NONE',  ( 5.865248266801011745, -0.7520367310672358974, 0.4249999999999991007 ) ) ;
#4353 = CARTESIAN_POINT ( 'NONE',  ( 8.699999999999995737, 1.000000000000000000, 0.2699999999999976863 ) ) ;
#4354 = EDGE_CURVE ( 'NONE', #1981, #3858, #3957, .T. ) ;
#4355 = VECTOR ( 'NONE', #211, 1000.000000000000000 ) ;
#4356 =( LENGTH_UNIT ( ) NAMED_UNIT ( * ) SI_UNIT ( .MILLI., .METRE. ) );
#4357 = ORIENTED_EDGE ( 'NONE', *, *, #1369, .F. ) ;
#4358 = B_SPLINE_CURVE_WITH_KNOTS ( 'NONE', 3,
 ( #5209, #3878, #1146, #2564, #272, #3482 ),
 .UNSPECIFIED., .F., .F.,
 ( 4, 2, 4 ),
 ( 3.252606517456513302E-19, 0.0001400384557297719434, 0.0002800769114595435616 ),
 .UNSPECIFIED. ) ;
#4359 = ORIENTED_EDGE ( 'NONE', *, *, #4518, .F. ) ;
#4360 = SURFACE_SIDE_STYLE ('',( #2545 ) ) ;
#4361 = VERTEX_POINT ( 'NONE', #63 ) ;
#4362 = DIRECTION ( 'NONE',  ( 0.000000000000000000, -1.084202172485503571E-16, 1.000000000000000000 ) ) ;
#4363 = VECTOR ( 'NONE', #5501, 1000.000000000000000 ) ;
#4364 = LINE ( 'NONE', #1637, #5614 ) ;
#4365 = ADVANCED_FACE ( 'NONE', ( #4976 ), #2828, .F. ) ;
#4366 =( NAMED_UNIT ( * ) PLANE_ANGLE_UNIT ( ) SI_UNIT ( $, .RADIAN. ) );
#4367 = CARTESIAN_POINT ( 'NONE',  ( 3.749999999999998224, -3.500000000000000000, 0.6499999999999991340 ) ) ;
#4368 = AXIS2_PLACEMENT_3D ( 'NONE', #5831, #1771, #3574 ) ;
#4369 = DIRECTION ( 'NONE',  ( 1.000000000000000000, 0.000000000000000000, 0.000000000000000000 ) ) ;
#4370 = VERTEX_POINT ( 'NONE', #2268 ) ;
#4371 =( NAMED_UNIT ( * ) PLANE_ANGLE_UNIT ( ) SI_UNIT ( $, .RADIAN. ) );
#4372 = CARTESIAN_POINT ( 'NONE',  ( 3.749999999999998224, -7.989949493661161917, 0.3000000000000002109 ) ) ;
#4373 = ORIENTED_EDGE ( 'NONE', *, *, #3821, .T. ) ;
#4374 = VECTOR ( 'NONE', #824, 1000.000000000000000 ) ;
#4375 = ORIENTED_EDGE ( 'NONE', *, *, #1772, .T. ) ;
#4376 = CARTESIAN_POINT ( 'NONE',  ( 8.000000000000001776, 5.900000000000000355, -2.029999999999998472 ) ) ;
#4377 = CARTESIAN_POINT ( 'NONE',  ( -8.700000000000002842, 4.899999999999999467, -0.4300000000000062106 ) ) ;
#4378 = AXIS2_PLACEMENT_3D ( 'NONE', #5826, #3599, #5414 ) ;
#4379 = LINE ( 'NONE', #2039, #2571 ) ;
#4380 = FACE_OUTER_BOUND ( 'NONE', #3047, .T. ) ;
#4381 = EDGE_LOOP ( 'NONE', ( #469, #3980, #5462 ) ) ;
#4382 = CARTESIAN_POINT ( 'NONE',  ( 2.049999999999997158, 5.400000000000000355, 1.770000000000001794 ) ) ;
#4383 =( GEOMETRIC_REPRESENTATION_CONTEXT ( 3 ) GLOBAL_UNCERTAINTY_ASSIGNED_CONTEXT ( ( #2489 ) ) GLOBAL_UNIT_ASSIGNED_CONTEXT ( ( #4165, #112, #1918 ) ) REPRESENTATION_CONTEXT ( 'NONE', 'WORKASPACE' ) );
#4384 = AXIS2_PLACEMENT_3D ( 'NONE', #1267, #4544, #3096 ) ;
#4385 = DIRECTION ( 'NONE',  ( 0.000000000000000000, 0.000000000000000000, -1.000000000000000000 ) ) ;
#4386 = EDGE_CURVE ( 'NONE', #4206, #2941, #3215, .T. ) ;
#4387 = AXIS2_PLACEMENT_3D ( 'NONE', #1489, #4765, #2512 ) ;
#4388 = CARTESIAN_POINT ( 'NONE',  ( -8.000000000000003553, 0.1000000000000000056, -0.6000000000000001998 ) ) ;
#4389 = PLANE ( 'NONE',  #2736 ) ;
#4390 = CIRCLE ( 'NONE', #408, 0.3499999999999989786 ) ;
#4391 = DIRECTION ( 'NONE',  ( 1.000000000000000000, -0.000000000000000000, -0.000000000000000000 ) ) ;
#4392 = EDGE_CURVE ( 'NONE', #3963, #977, #5002, .T. ) ;
#4393 = FACE_OUTER_BOUND ( 'NONE', #3774, .T. ) ;
#4394 = EDGE_LOOP ( 'NONE', ( #2020, #5093, #4578, #8 ) ) ;
#4395 = CARTESIAN_POINT ( 'NONE',  ( 8.000000000000001776, 2.450000000000001510, 1.420000000000002371 ) ) ;
#4396 = ORIENTED_EDGE ( 'NONE', *, *, #3572, .F. ) ;
#4397 = CARTESIAN_POINT ( 'NONE',  ( 4.999999999999999112, 5.400000000000000355, 1.320000000000001616 ) ) ;
#4398 = MECHANICAL_DESIGN_GEOMETRIC_PRESENTATION_REPRESENTATION (  '', ( #1435 ), #1266 ) ;
#4399 = DIRECTION ( 'NONE',  ( 0.7071067811865473507, 0.000000000000000000, 0.7071067811865477948 ) ) ;
#4400 = CARTESIAN_POINT ( 'NONE',  ( 1.249999999999997558, 0.000000000000000000, 0.6499999999999991340 ) ) ;
#4401 = EDGE_CURVE ( 'NONE', #721, #1452, #447, .T. ) ;
#4402 = ORIENTED_EDGE ( 'NONE', *, *, #5391, .F. ) ;
#4403 = CARTESIAN_POINT ( 'NONE',  ( 8.699999999999995737, 5.900000000000000355, -2.450000000000000622 ) ) ;
#4404 = ORIENTED_EDGE ( 'NONE', *, *, #4325, .F. ) ;
#4405 = VECTOR ( 'NONE', #546, 1000.000000000000000 ) ;
#4406 = DIRECTION ( 'NONE',  ( 0.000000000000000000, 1.000000000000000000, 0.000000000000000000 ) ) ;
#4407 = EDGE_CURVE ( 'NONE', #3076, #4222, #4807, .T. ) ;
#4408 =( NAMED_UNIT ( * ) SI_UNIT ( $, .STERADIAN. ) SOLID_ANGLE_UNIT ( ) );
#4409 = CARTESIAN_POINT ( 'NONE',  ( 6.632447476850612311, -2.059288732506217023, 0.4704747151069819666 ) ) ;
#4410 = CIRCLE ( 'NONE', #2316, 0.3499999999999989231 ) ;
#4411 = SURFACE_SIDE_STYLE ('',( #2625 ) ) ;
#4412 =( LENGTH_UNIT ( ) NAMED_UNIT ( * ) SI_UNIT ( .MILLI., .METRE. ) );
#4413 = VECTOR ( 'NONE', #4779, 1000.000000000000000 ) ;
#4414 = AXIS2_PLACEMENT_3D ( 'NONE', #3320, #3200, #4633 ) ;
#4415 = ORIENTED_EDGE ( 'NONE', *, *, #2719, .T. ) ;
#4416 = CARTESIAN_POINT ( 'NONE',  ( -8.700000000000002842, 4.899999999999999467, -1.230000000000000648 ) ) ;
#4417 = VERTEX_POINT ( 'NONE', #5061 ) ;
#4418 =( NAMED_UNIT ( * ) SI_UNIT ( $, .STERADIAN. ) SOLID_ANGLE_UNIT ( ) );
#4419 = DIRECTION ( 'NONE',  ( 0.000000000000000000, -0.000000000000000000, 1.000000000000000000 ) ) ;
#4420 = EDGE_CURVE ( 'NONE', #3201, #4730, #1830, .T. ) ;
#4421 = VECTOR ( 'NONE', #1549, 1000.000000000000000 ) ;
#4422 = SURFACE_STYLE_FILL_AREA ( #387 ) ;
#4423 = DIRECTION ( 'NONE',  ( 0.000000000000000000, 1.000000000000000000, 0.000000000000000000 ) ) ;
#4424 = PLANE ( 'NONE',  #1623 ) ;
#4425 = DIRECTION ( 'NONE',  ( 0.000000000000000000, 0.000000000000000000, 1.000000000000000000 ) ) ;
#4426 = CIRCLE ( 'NONE', #1865, 3.250000000000008438 ) ;
#4427 = ORIENTED_EDGE ( 'NONE', *, *, #4348, .T. ) ;
#4428 = ADVANCED_FACE ( 'NONE', ( #92 ), #3607, .F. ) ;
#4429 = CARTESIAN_POINT ( 'NONE',  ( 1.249999999999997558, 1.900000000000000577, 0.9999999999999988898 ) ) ;
#4430 = SURFACE_STYLE_FILL_AREA ( #3959 ) ;
#4431 = CARTESIAN_POINT ( 'NONE',  ( 8.000000000000001776, 1.900000000000000577, 0.8700000000000014388 ) ) ;
#4432 = ORIENTED_EDGE ( 'NONE', *, *, #2864, .T. ) ;
#4433 = CARTESIAN_POINT ( 'NONE',  ( -5.900000121252825025, -2.200000477432989765, 0.7941049229276866406 ) ) ;
#4434 = VERTEX_POINT ( 'NONE', #4296 ) ;
#4435 = EDGE_CURVE ( 'NONE', #2026, #4116, #2802, .T. ) ;
#4436 =( NAMED_UNIT ( * ) PLANE_ANGLE_UNIT ( ) SI_UNIT ( $, .RADIAN. ) );
#4437 = CARTESIAN_POINT ( 'NONE',  ( -6.608659998531062563, -0.6340987442160518350, 0.6806798721018991749 ) ) ;
#4438 = DIRECTION ( 'NONE',  ( 0.000000000000000000, -0.000000000000000000, -1.000000000000000000 ) ) ;
#4439 = DIRECTION ( 'NONE',  ( -1.000000000000000000, 0.000000000000000000, -0.000000000000000000 ) ) ;
#4440 = CARTESIAN_POINT ( 'NONE',  ( -8.700000000000002842, 5.900000000000000355, 0.06999999999999476086 ) ) ;
#4441 = EDGE_LOOP ( 'NONE', ( #5102, #5644 ) ) ;
#4442 = LINE ( 'NONE', #4395, #4330 ) ;
#4443 = CARTESIAN_POINT ( 'NONE',  ( -6.250000000000001776, -2.199999999999999734, 0.6499999999999991340 ) ) ;
#4444 = LINE ( 'NONE', #1721, #1417 ) ;
#4445 = CARTESIAN_POINT ( 'NONE',  ( -5.900000121251727236, -0.5999995225713347091, 0.7941049229272797438 ) ) ;
#4446 = ORIENTED_EDGE ( 'NONE', *, *, #2200, .T. ) ;
#4447 = CARTESIAN_POINT ( 'NONE',  ( 6.577521250698603161, -0.6301268203274699164, 0.8749999999999990008 ) ) ;
#4448 = ADVANCED_FACE ( 'NONE', ( #2448 ), #2532, .T. ) ;
#4449 = VECTOR ( 'NONE', #2610, 1000.000000000000000 ) ;
#4450 = PRESENTATION_STYLE_ASSIGNMENT (( #4922 ) ) ;
#4451 = VERTEX_POINT ( 'NONE', #4261 ) ;
#4452 = AXIS2_PLACEMENT_3D ( 'NONE', #4176, #4264, #249 ) ;
#4453 = CARTESIAN_POINT ( 'NONE',  ( -5.922478749301400391, -2.169873179672530128, 0.8749999999999987788 ) ) ;
#4454 = STYLED_ITEM ( 'NONE', ( #4001 ), #1 ) ;
#4455 = DIRECTION ( 'NONE',  ( 1.000000000000000000, -0.000000000000000000, -0.000000000000000000 ) ) ;
#4456 = SURFACE_SIDE_STYLE ('',( #4539 ) ) ;
#4457 = MECHANICAL_DESIGN_GEOMETRIC_PRESENTATION_REPRESENTATION (  '', ( #4071 ), #3987 ) ;
#4458 = DIRECTION ( 'NONE',  ( -0.000000000000000000, 1.000000000000000000, -0.000000000000000000 ) ) ;
#4459 = EDGE_CURVE ( 'NONE', #1225, #4903, #5589, .T. ) ;
#4460 = STYLED_ITEM ( 'NONE', ( #2446 ), #166 ) ;
#4461 = COLOUR_RGB ( '',1.000000000000000000, 1.000000000000000000, 1.000000000000000000 ) ;
#4462 = PRESENTATION_LAYER_ASSIGNMENT (  '', '', ( #393 ) ) ;
#4463 = STYLED_ITEM ( 'NONE', ( #3282 ), #362 ) ;
#4464 = SURFACE_STYLE_FILL_AREA ( #3631 ) ;
#4465 = VECTOR ( 'NONE', #3295, 1000.000000000000000 ) ;
#4466 = DIRECTION ( 'NONE',  ( -0.000000000000000000, -1.000000000000000000, -0.000000000000000000 ) ) ;
#4467 = EDGE_CURVE ( 'NONE', #4190, #646, #275, .T. ) ;
#4468 = CARTESIAN_POINT ( 'NONE',  ( -6.474073136803482065, -2.199999999999999734, 0.3811297164745633959 ) ) ;
#4469 = DIRECTION ( 'NONE',  ( -1.121588454295349533E-16, 0.000000000000000000, 1.000000000000000000 ) ) ;
#4470 =( GEOMETRIC_REPRESENTATION_CONTEXT ( 3 ) GLOBAL_UNCERTAINTY_ASSIGNED_CONTEXT ( ( #1913 ) ) GLOBAL_UNIT_ASSIGNED_CONTEXT ( ( #1763, #2209, #2295 ) ) REPRESENTATION_CONTEXT ( 'NONE', 'WORKASPACE' ) );
#4471 = CARTESIAN_POINT ( 'NONE',  ( 6.600000000000001421, -0.5999999999999998668, 0.6499999999999991340 ) ) ;
#4472 = DIRECTION ( 'NONE',  ( 0.000000000000000000, 0.000000000000000000, -1.000000000000000000 ) ) ;
#4473 = LINE ( 'NONE', #419, #5744 ) ;
#4474 = DIRECTION ( 'NONE',  ( 0.000000000000000000, 0.000000000000000000, 1.000000000000000000 ) ) ;
#4475 = FILL_AREA_STYLE_COLOUR ( '', #663 ) ;
#4476 =( NAMED_UNIT ( * ) SI_UNIT ( $, .STERADIAN. ) SOLID_ANGLE_UNIT ( ) );
#4477 = AXIS2_PLACEMENT_3D ( 'NONE', #255, #3860, #4783 ) ;
#4478 = COLOUR_RGB ( '',0.7921568627450980005, 0.8196078431372548767, 0.9333333333333333481 ) ;
#4479 = CYLINDRICAL_SURFACE ( 'NONE', #4849, 0.3499999999999989786 ) ;
#4480 = PRESENTATION_STYLE_ASSIGNMENT (( #2660 ) ) ;
#4481 = EDGE_LOOP ( 'NONE', ( #2438, #1938, #5570, #1672 ) ) ;
#4482 = TOROIDAL_SURFACE ( 'NONE', #1734, 0.1499999999999989120, 0.2000000000000000111 ) ;
#4483 = ORIENTED_EDGE ( 'NONE', *, *, #3596, .F. ) ;
#4484 = FACE_OUTER_BOUND ( 'NONE', #4394, .T. ) ;
#4485 = ADVANCED_FACE ( 'NONE', ( #2895 ), #3431, .F. ) ;
#4486 = DIRECTION ( 'NONE',  ( 0.000000000000000000, 0.000000000000000000, -1.000000000000000000 ) ) ;
#4487 = SURFACE_STYLE_USAGE ( .BOTH. , #3175 ) ;
#4488 = DIRECTION ( 'NONE',  ( 0.000000000000000000, 0.000000000000000000, 1.000000000000000000 ) ) ;
#4489 = ORIENTED_EDGE ( 'NONE', *, *, #5152, .T. ) ;
#4490 = EDGE_CURVE ( 'NONE', #3945, #805, #2040, .T. ) ;
#4491 = FILL_AREA_STYLE_COLOUR ( '', #774 ) ;
#4492 = SURFACE_STYLE_USAGE ( .BOTH. , #26 ) ;
#4493 = DIRECTION ( 'NONE',  ( 0.000000000000000000, -0.000000000000000000, -1.000000000000000000 ) ) ;
#4494 = LINE ( 'NONE', #86, #4103 ) ;
#4495 = DIRECTION ( 'NONE',  ( -0.000000000000000000, -1.000000000000000000, -0.000000000000000000 ) ) ;
#4496 = EDGE_CURVE ( 'NONE', #911, #3896, #478, .T. ) ;
#4497 = LINE ( 'NONE', #522, #1033 ) ;
#4498 = CARTESIAN_POINT ( 'NONE',  ( -1.250000000000001998, -3.500000000000000000, 0.5000000000000002220 ) ) ;
#4499 = LINE ( 'NONE', #3519, #3754 ) ;
#4500 = VECTOR ( 'NONE', #871, 1000.000000000000000 ) ;
#4501 = PLANE ( 'NONE',  #959 ) ;
#4502 = ADVANCED_BREP_SHAPE_REPRESENTATION ( '5267-06A-X', ( #1604, #3486, #3594, #1526, #3543, #1453, #1542, #2272 ), #2004 ) ;
#4503 = EDGE_CURVE ( 'NONE', #287, #2998, #5351, .T. ) ;
#4504 = FACE_OUTER_BOUND ( 'NONE', #2203, .T. ) ;
#4505 = CARTESIAN_POINT ( 'NONE',  ( -5.900000000000002132, -0.5999999999999996447, 0.6499999999999991340 ) ) ;
#4506 = VERTEX_POINT ( 'NONE', #5120 ) ;
#4507 = SURFACE_SIDE_STYLE ('',( #2173 ) ) ;
#4508 = CARTESIAN_POINT ( 'NONE',  ( -8.700000000000002842, 5.900000000000000355, 0.06999999999999476086 ) ) ;
#4509 = CARTESIAN_POINT ( 'NONE',  ( 5.502326025363929456E-17, 5.900000000000000355, -2.029999999999998472 ) ) ;
#4510 = VECTOR ( 'NONE', #5732, 1000.000000000000000 ) ;
#4511 = ORIENTED_EDGE ( 'NONE', *, *, #4280, .T. ) ;
#4512 = CARTESIAN_POINT ( 'NONE',  ( 6.518095132369091438, -2.199999999999999734, 0.8749999999999987788 ) ) ;
#4513 = AXIS2_PLACEMENT_3D ( 'NONE', #3251, #4146, #34 ) ;
#4514 = VERTEX_POINT ( 'NONE', #4327 ) ;
#4515 =( NAMED_UNIT ( * ) PLANE_ANGLE_UNIT ( ) SI_UNIT ( $, .RADIAN. ) );
#4516 = UNCERTAINTY_MEASURE_WITH_UNIT (LENGTH_MEASURE( 1.000000000000000082E-05 ), #4700, 'distance_accuracy_value', 'NONE');
#4517 = CARTESIAN_POINT ( 'NONE',  ( -1.250000000000001998, -3.500000000000000000, 0.6499999999999991340 ) ) ;
#4518 = EDGE_CURVE ( 'NONE', #4251, #4656, #2862, .T. ) ;
#4519 = CARTESIAN_POINT ( 'NONE',  ( 6.518095132369091438, -0.5999999999999998668, 0.4249999999999991562 ) ) ;
#4520 = CARTESIAN_POINT ( 'NONE',  ( -8.700000000000002842, 0.1000000000000000056, -0.6000000000000003109 ) ) ;
#4521 = FACE_OUTER_BOUND ( 'NONE', #2281, .T. ) ;
#4522 = CARTESIAN_POINT ( 'NONE',  ( -2.500000000000000444, 5.400000000000000355, 1.320000000000001616 ) ) ;
#4523 = FILL_AREA_STYLE ('',( #4054 ) ) ;
#4524 = EDGE_CURVE ( 'NONE', #536, #78, #179, .T. ) ;
#4525 = DIRECTION ( 'NONE',  ( 0.000000000000000000, 1.000000000000000000, 0.000000000000000000 ) ) ;
#4526 = CARTESIAN_POINT ( 'NONE',  ( 8.699999999999995737, 5.900000000000000355, 1.230660171779828671 ) ) ;
#4527 = ORIENTED_EDGE ( 'NONE', *, *, #4252, .F. ) ;
#4528 = FILL_AREA_STYLE_COLOUR ( '', #983 ) ;
#4529 = ORIENTED_EDGE ( 'NONE', *, *, #1392, .F. ) ;
#4530 = PLANE ( 'NONE',  #525 ) ;
#4531 = EDGE_CURVE ( 'NONE', #1912, #1488, #732, .T. ) ;
#4532 = CARTESIAN_POINT ( 'NONE',  ( -6.600000000000001421, -2.200000000000001510, 0.6499999999999991340 ) ) ;
#4533 = CARTESIAN_POINT ( 'NONE',  ( 4.549999999999998046, 5.400000000000000355, 1.770000000000001794 ) ) ;
#4534 = VERTEX_POINT ( 'NONE', #613 ) ;
#4535 = DIRECTION ( 'NONE',  ( 0.000000000000000000, -1.000000000000000000, 0.000000000000000000 ) ) ;
#4536 = DIRECTION ( 'NONE',  ( 1.000000000000000000, -0.000000000000000000, -0.000000000000000000 ) ) ;
#4537 = PRESENTATION_STYLE_ASSIGNMENT (( #2318 ) ) ;
#4538 = ORIENTED_EDGE ( 'NONE', *, *, #2511, .F. ) ;
#4539 = SURFACE_STYLE_FILL_AREA ( #4018 ) ;
#4540 = VECTOR ( 'NONE', #4015, 1000.000000000000000 ) ;
#4541 = ORIENTED_EDGE ( 'NONE', *, *, #5798, .F. ) ;
#4542 = CARTESIAN_POINT ( 'NONE',  ( -5.891093072576825129, -0.6350730859826988484, 0.5476418831598793835 ) ) ;
#4543 = STYLED_ITEM ( 'NONE', ( #326 ), #5617 ) ;
#4544 = DIRECTION ( 'NONE',  ( 0.000000000000000000, -1.000000000000000000, 0.000000000000000000 ) ) ;
#4545 = PRESENTATION_LAYER_ASSIGNMENT (  '', '', ( #1237 ) ) ;
#4546 = DIRECTION ( 'NONE',  ( 0.000000000000000000, -0.000000000000000000, -1.000000000000000000 ) ) ;
#4547 = STYLED_ITEM ( 'NONE', ( #2541 ), #931 ) ;
#4548 = AXIS2_PLACEMENT_3D ( 'NONE', #2580, #2144, #551 ) ;
#4549 = CARTESIAN_POINT ( 'NONE',  ( 6.577498106791130894, -0.6301150872478108456, 0.4249999999999991007 ) ) ;
#4550 = DIRECTION ( 'NONE',  ( -0.000000000000000000, -0.000000000000000000, 1.000000000000000000 ) ) ;
#4551 = PRESENTATION_LAYER_ASSIGNMENT (  '', '', ( #1244 ) ) ;
#4552 = AXIS2_PLACEMENT_3D ( 'NONE', #4367, #308, #4872 ) ;
#4553 = EDGE_CURVE ( 'NONE', #4963, #1805, #2422, .T. ) ;
#4554 = EDGE_CURVE ( 'NONE', #1820, #1976, #3459, .T. ) ;
#4555 = LINE ( 'NONE', #4522, #1514 ) ;
#4556 = SURFACE_STYLE_USAGE ( .BOTH. , #1519 ) ;
#4557 = SURFACE_SIDE_STYLE ('',( #1864 ) ) ;
#4558 = AXIS2_PLACEMENT_3D ( 'NONE', #2485, #5559, #4682 ) ;
#4559 = ADVANCED_FACE ( 'NONE', ( #2677 ), #2335, .T. ) ;
#4560 = AXIS2_PLACEMENT_3D ( 'NONE', #4019, #2671, #4488 ) ;
#4561 = CARTESIAN_POINT ( 'NONE',  ( -9.050000000000000711, -1.399999999999999689, 0.8749999999999990008 ) ) ;
#4562 = AXIS2_PLACEMENT_3D ( 'NONE', #5404, #457, #1906 ) ;
#4563 = ORIENTED_EDGE ( 'NONE', *, *, #1001, .F. ) ;
#4564 = SURFACE_STYLE_USAGE ( .BOTH. , #996 ) ;
#4565 = ORIENTED_EDGE ( 'NONE', *, *, #4459, .T. ) ;
#4566 = CARTESIAN_POINT ( 'NONE',  ( 5.900000000000002132, -2.199999999999999734, 0.6499999999999991340 ) ) ;
#4567 = DIRECTION ( 'NONE',  ( 0.7071067811865493491, 0.000000000000000000, -0.7071067811865456854 ) ) ;
#4568 = TOROIDAL_SURFACE ( 'NONE', #5606, 0.1499999999999989120, 0.2000000000000000111 ) ;
#4569 = CARTESIAN_POINT ( 'NONE',  ( 6.600000000000001421, -2.200000000000000178, 0.6499999999999991340 ) ) ;
#4570 = CARTESIAN_POINT ( 'NONE',  ( 5.900000000000003020, -2.199999999999999734, 0.6499999999999991340 ) ) ;
#4571 = STYLED_ITEM ( 'NONE', ( #1639 ), #1542 ) ;
#4572 = VERTEX_POINT ( 'NONE', #5742 ) ;
#4573 = CARTESIAN_POINT ( 'NONE',  ( 7.100000000000002309, 5.600000000000000533, 1.770000000000001572 ) ) ;
#4574 = STYLED_ITEM ( 'NONE', ( #4307 ), #5259 ) ;
#4575 =( BOUNDED_SURFACE ( )  B_SPLINE_SURFACE ( 3, 2, ( 
 ( #3529, #4505, #847 ),
 ( #4445, #3055, #1327 ),
 ( #5347, #5292, #4918 ),
 ( #4012, #391, #2196 ) ),
 .UNSPECIFIED., .F., .F., .F. ) 
 B_SPLINE_SURFACE_WITH_KNOTS ( ( 4, 4 ),
 ( 3, 3 ),
 ( -2.740019801911632511E-06, 0.0002689158882195597476 ),
 ( 0.000000000000000000, 1.000000000000000000 ),
 .UNSPECIFIED. ) 
 GEOMETRIC_REPRESENTATION_ITEM ( )  RATIONAL_B_SPLINE_SURFACE ( (
 ( 1.000000000000000000, 1.000000000000000000, 1.000000000000000000),
 ( 1.000000000000000000, 0.9983343828585830027, 1.000000000000000000),
 ( 1.000000000000000000, 0.8988230139521431461, 1.000000000000000000),
 ( 1.000000000000000000, 0.8258888605168623886, 1.000000000000000000) ) ) 
 REPRESENTATION_ITEM ( '' )  SURFACE ( )  );
#4576 = EDGE_CURVE ( 'NONE', #2870, #5019, #3540, .T. ) ;
#4577 = SURFACE_SIDE_STYLE ('',( #44 ) ) ;
#4578 = ORIENTED_EDGE ( 'NONE', *, *, #1974, .T. ) ;
#4579 = STYLED_ITEM ( 'NONE', ( #3016 ), #1706 ) ;
#4580 = CARTESIAN_POINT ( 'NONE',  ( 8.700000000000002842, 4.899999999999999467, -0.4300000000000062106 ) ) ;
#4581 = ORIENTED_EDGE ( 'NONE', *, *, #5624, .T. ) ;
#4582 = VECTOR ( 'NONE', #2074, 1000.000000000000000 ) ;
#4583 = UNCERTAINTY_MEASURE_WITH_UNIT (LENGTH_MEASURE( 1.000000000000000082E-05 ), #4332, 'distance_accuracy_value', 'NONE');
#4584 = CARTESIAN_POINT ( 'NONE',  ( -3.750000000000002220, 5.400000000000000355, 0.5000000000000002220 ) ) ;
#4585 = ADVANCED_FACE ( 'NONE', ( #3039 ), #248, .T. ) ;
#4586 = FILL_AREA_STYLE_COLOUR ( '', #489 ) ;
#4587 = DIRECTION ( 'NONE',  ( 0.000000000000000000, 1.000000000000000000, 0.000000000000000000 ) ) ;
#4588 = DIRECTION ( 'NONE',  ( 1.000000000000000000, 0.000000000000000000, -1.224646799147353207E-16 ) ) ;
#4589 = DIRECTION ( 'NONE',  ( 0.000000000000000000, 0.000000000000000000, 1.000000000000000000 ) ) ;
#4590 = LINE ( 'NONE', #5496, #837 ) ;
#4591 = VECTOR ( 'NONE', #5150, 1000.000000000000000 ) ;
#4592 =( NAMED_UNIT ( * ) PLANE_ANGLE_UNIT ( ) SI_UNIT ( $, .RADIAN. ) );
#4593 =( NAMED_UNIT ( * ) PLANE_ANGLE_UNIT ( ) SI_UNIT ( $, .RADIAN. ) );
#4594 = DIRECTION ( 'NONE',  ( 0.000000000000000000, -0.7071067811865479058, 0.7071067811865472397 ) ) ;
#4595 = CARTESIAN_POINT ( 'NONE',  ( 6.600000000000000533, -2.199999999999999734, 0.6499999999999991340 ) ) ;
#4596 = CIRCLE ( 'NONE', #5736, 0.3499999999999987566 ) ;
#4597 = ORIENTED_EDGE ( 'NONE', *, *, #3950, .F. ) ;
#4598 = STYLED_ITEM ( 'NONE', ( #635 ), #3486 ) ;
#4599 = ORIENTED_EDGE ( 'NONE', *, *, #2788, .T. ) ;
#4600 = CARTESIAN_POINT ( 'NONE',  ( 6.608335730828128085, -2.177880568150067919, 0.3924154122150996793 ) ) ;
#4601 = ORIENTED_EDGE ( 'NONE', *, *, #5279, .F. ) ;
#4602 = DIRECTION ( 'NONE',  ( 1.000000000000000000, 0.000000000000000000, 0.000000000000000000 ) ) ;
#4603 = EDGE_CURVE ( 'NONE', #2466, #1820, #2883, .T. ) ;
#4604 = AXIS2_PLACEMENT_3D ( 'NONE', #4431, #369, #2287 ) ;
#4605 = LINE ( 'NONE', #5463, #3713 ) ;
#4606 = VERTEX_POINT ( 'NONE', #4388 ) ;
#4607 = CARTESIAN_POINT ( 'NONE',  ( -3.750000000000002220, -7.989949493661161917, 0.6499999999999991340 ) ) ;
#4608 = STYLED_ITEM ( 'NONE', ( #1610 ), #3984 ) ;
#4609 = EDGE_CURVE ( 'NONE', #4190, #1912, #412, .T. ) ;
#4610 = EDGE_LOOP ( 'NONE', ( #2127, #1284, #201, #926 ) ) ;
#4611 = DIRECTION ( 'NONE',  ( 0.000000000000000000, 0.000000000000000000, -1.000000000000000000 ) ) ;
#4612 = SURFACE_SIDE_STYLE ('',( #1851 ) ) ;
#4613 = ORIENTED_EDGE ( 'NONE', *, *, #5726, .T. ) ;
#4614 = CARTESIAN_POINT ( 'NONE',  ( 5.981904867630913003, -2.199999999999999734, 0.4249999999999991562 ) ) ;
#4615 = MECHANICAL_DESIGN_GEOMETRIC_PRESENTATION_REPRESENTATION (  '', ( #3861 ), #3095 ) ;
#4616 = ADVANCED_FACE ( 'NONE', ( #1682 ), #4911, .F. ) ;
#4617 = CARTESIAN_POINT ( 'NONE',  ( 6.634831635644926173, -0.7524295771151391365, 0.8765956636855010142 ) ) ;
#4618 = CARTESIAN_POINT ( 'NONE',  ( -6.474073136803482065, -0.5999999999999998668, 0.3811297164745635069 ) ) ;
#4619 = UNCERTAINTY_MEASURE_WITH_UNIT (LENGTH_MEASURE( 1.000000000000000082E-05 ), #2549, 'distance_accuracy_value', 'NONE');
#4620 = CARTESIAN_POINT ( 'NONE',  ( 10.00000000000000000, -3.500000000000000000, 0.000000000000000000 ) ) ;
#4621 = ORIENTED_EDGE ( 'NONE', *, *, #1670, .T. ) ;
#4622 =( LENGTH_UNIT ( ) NAMED_UNIT ( * ) SI_UNIT ( .MILLI., .METRE. ) );
#4623 = ORIENTED_EDGE ( 'NONE', *, *, #1122, .T. ) ;
#4624 = CARTESIAN_POINT ( 'NONE',  ( 5.887713296452270484, -2.153995607402184209, 0.8493751533543296706 ) ) ;
#4625 = VERTEX_POINT ( 'NONE', #4025 ) ;
#4626 = FACE_OUTER_BOUND ( 'NONE', #781, .T. ) ;
#4627 = ORIENTED_EDGE ( 'NONE', *, *, #980, .F. ) ;
#4628 = FILL_AREA_STYLE ('',( #2872 ) ) ;
#4629 = EDGE_CURVE ( 'NONE', #2925, #1714, #5827, .T. ) ;
#4630 = LINE ( 'NONE', #1506, #4085 ) ;
#4631 = CARTESIAN_POINT ( 'NONE',  ( 5.882544144411668618, -0.6687324313790673491, 0.5881152925050073810 ) ) ;
#4632 = ORIENTED_EDGE ( 'NONE', *, *, #733, .F. ) ;
#4633 = DIRECTION ( 'NONE',  ( 0.000000000000000000, 0.000000000000000000, 1.000000000000000000 ) ) ;
#4634 = ORIENTED_EDGE ( 'NONE', *, *, #5180, .F. ) ;
#4635 = VERTEX_POINT ( 'NONE', #4614 ) ;
#4636 = VERTEX_POINT ( 'NONE', #27 ) ;
#4637 = UNCERTAINTY_MEASURE_WITH_UNIT (LENGTH_MEASURE( 1.000000000000000082E-05 ), #4837, 'distance_accuracy_value', 'NONE');
#4638 = DIRECTION ( 'NONE',  ( -0.000000000000000000, -0.000000000000000000, 1.000000000000000000 ) ) ;
#4639 = VECTOR ( 'NONE', #1372, 1000.000000000000000 ) ;
#4640 = SURFACE_STYLE_USAGE ( .BOTH. , #1606 ) ;
#4641 = CARTESIAN_POINT ( 'NONE',  ( -5.865248266801011745, -2.047963268932763370, 0.8749999999999990008 ) ) ;
#4642 = ORIENTED_EDGE ( 'NONE', *, *, #1364, .T. ) ;
#4643 = DIRECTION ( 'NONE',  ( 0.000000000000000000, 0.000000000000000000, 1.000000000000000000 ) ) ;
#4644 = PRESENTATION_STYLE_ASSIGNMENT (( #4228 ) ) ;
#4645 = CLOSED_SHELL ( 'NONE', ( #3327, #1732, #1940, #5843, #2174, #5306, #3524, #2827 ) ) ;
#4646 = EDGE_CURVE ( 'NONE', #4709, #4994, #949, .T. ) ;
#4647 =( NAMED_UNIT ( * ) PLANE_ANGLE_UNIT ( ) SI_UNIT ( $, .RADIAN. ) );
#4648 = SURFACE_STYLE_USAGE ( .BOTH. , #548 ) ;
#4649 = CARTESIAN_POINT ( 'NONE',  ( 6.250000000000001776, -0.5999999999999998668, 0.6499999999999991340 ) ) ;
#4650 = ORIENTED_EDGE ( 'NONE', *, *, #3588, .T. ) ;
#4651 = DIRECTION ( 'NONE',  ( 0.000000000000000000, 1.000000000000000000, 0.000000000000000000 ) ) ;
#4652 = CIRCLE ( 'NONE', #4077, 0.1499999999999988842 ) ;
#4653 = STYLED_ITEM ( 'NONE', ( #1907 ), #2123 ) ;
#4654 = EDGE_CURVE ( 'NONE', #1547, #3615, #71, .T. ) ;
#4655 = CARTESIAN_POINT ( 'NONE',  ( 6.608906928045461093, -0.6350730874841590268, 0.5476418845280632830 ) ) ;
#4656 = VERTEX_POINT ( 'NONE', #1789 ) ;
#4657 = MECHANICAL_DESIGN_GEOMETRIC_PRESENTATION_REPRESENTATION (  '', ( #4463 ), #4759 ) ;
#4658 = ORIENTED_EDGE ( 'NONE', *, *, #4467, .F. ) ;
#4659 = CIRCLE ( 'NONE', #2477, 0.1499999999999988842 ) ;
#4660 = CARTESIAN_POINT ( 'NONE',  ( 6.600000000000001421, -2.200000000000000178, 0.6499999999999990230 ) ) ;
#4661 = ORIENTED_EDGE ( 'NONE', *, *, #1784, .T. ) ;
#4662 = DIRECTION ( 'NONE',  ( 0.000000000000000000, 0.000000000000000000, -1.000000000000000000 ) ) ;
#4663 = VERTEX_POINT ( 'NONE', #3684 ) ;
#4664 = CIRCLE ( 'NONE', #2111, 0.1999999999999999833 ) ;
#4665 = LINE ( 'NONE', #559, #5802 ) ;
#4666 = CARTESIAN_POINT ( 'NONE',  ( 6.249999999999998224, 0.1000000000000000056, 0.2999999999999983791 ) ) ;
#4667 = CARTESIAN_POINT ( 'NONE',  ( -5.878532046106205833, -2.113253295688959366, 0.4249999999999991562 ) ) ;
#4668 = B_SPLINE_CURVE_WITH_KNOTS ( 'NONE', 3,
 ( #708, #2520, #2867, #5594 ),
 .UNSPECIFIED., .F., .F.,
 ( 4, 4 ),
 ( -2.913817343147583922E-06, 0.0002761349558053631699 ),
 .UNSPECIFIED. ) ;
#4669 = CARTESIAN_POINT ( 'NONE',  ( 2.049999999999997158, 5.400000000000000355, 1.770000000000001794 ) ) ;
#4670 = AXIS2_PLACEMENT_3D ( 'NONE', #3234, #1607, #1580 ) ;
#4671 = STYLED_ITEM ( 'NONE', ( #4184 ), #5096 ) ;
#4672 = EDGE_LOOP ( 'NONE', ( #5161, #1192, #1380 ) ) ;
#4673 =( GEOMETRIC_REPRESENTATION_CONTEXT ( 3 ) GLOBAL_UNCERTAINTY_ASSIGNED_CONTEXT ( ( #2136 ) ) GLOBAL_UNIT_ASSIGNED_CONTEXT ( ( #3648, #5571, #2784 ) ) REPRESENTATION_CONTEXT ( 'NONE', 'WORKASPACE' ) );
#4674 = DIRECTION ( 'NONE',  ( 0.000000000000000000, 0.000000000000000000, 1.000000000000000000 ) ) ;
#4675 = ORIENTED_EDGE ( 'NONE', *, *, #5036, .T. ) ;
#4676 = CARTESIAN_POINT ( 'NONE',  ( -3.750000000000002220, -3.500000000000000000, 0.6499999999999991340 ) ) ;
#4677 = CARTESIAN_POINT ( 'NONE',  ( 6.250000000000001776, 5.400000000000000355, 0.7999999999999979350 ) ) ;
#4678 = AXIS2_PLACEMENT_3D ( 'NONE', #3352, #4362, #1059 ) ;
#4679 = EDGE_CURVE ( 'NONE', #1215, #1714, #55, .T. ) ;
#4680 = SHAPE_DEFINITION_REPRESENTATION ( #64, #4502 ) ;
#4681 = CARTESIAN_POINT ( 'NONE',  ( -8.700000000000002842, 5.399999999999999467, -1.230000000000006199 ) ) ;
#4682 = DIRECTION ( 'NONE',  ( 0.000000000000000000, 0.000000000000000000, 1.000000000000000000 ) ) ;
#4683 = CARTESIAN_POINT ( 'NONE',  ( 4.549999999999998046, 5.400000000000000355, 1.770000000000001794 ) ) ;
#4684 = EDGE_CURVE ( 'NONE', #3501, #5687, #1454, .T. ) ;
#4685 = ORIENTED_EDGE ( 'NONE', *, *, #5296, .T. ) ;
#4686 = LINE ( 'NONE', #1189, #988 ) ;
#4687 = EDGE_LOOP ( 'NONE', ( #3739, #3383, #3092, #3838 ) ) ;
#4688 = CARTESIAN_POINT ( 'NONE',  ( -8.000000000000001776, 1.900000000000000577, 0.8700000000000014388 ) ) ;
#4689 = ORIENTED_EDGE ( 'NONE', *, *, #3881, .T. ) ;
#4690 = DIRECTION ( 'NONE',  ( 1.000000000000000000, 0.000000000000000000, -9.293161478447213544E-16 ) ) ;
#4691 = DIRECTION ( 'NONE',  ( 0.000000000000000000, -1.000000000000000000, 0.000000000000000000 ) ) ;
#4692 = VECTOR ( 'NONE', #1952, 1000.000000000000000 ) ;
#4693 = DIRECTION ( 'NONE',  ( 0.000000000000000000, 0.000000000000000000, -1.000000000000000000 ) ) ;
#4694 = EDGE_CURVE ( 'NONE', #562, #1338, #1749, .T. ) ;
#4695 = CARTESIAN_POINT ( 'NONE',  ( 6.617256416838618094, -2.132052858697945918, 0.7111344978492675217 ) ) ;
#4696 = CIRCLE ( 'NONE', #3260, 0.3499999999999998113 ) ;
#4697 = DIRECTION ( 'NONE',  ( 0.000000000000000000, 0.000000000000000000, 1.000000000000000000 ) ) ;
#4698 = CARTESIAN_POINT ( 'NONE',  ( 5.900000000000002132, -0.5999999999999996447, 0.6499999999999991340 ) ) ;
#4699 = EDGE_LOOP ( 'NONE', ( #5373, #838, #5733 ) ) ;
#4700 =( LENGTH_UNIT ( ) NAMED_UNIT ( * ) SI_UNIT ( .MILLI., .METRE. ) );
#4701 = DIRECTION ( 'NONE',  ( 0.000000000000000000, 0.000000000000000000, 1.000000000000000000 ) ) ;
#4702 = VECTOR ( 'NONE', #155, 1000.000000000000000 ) ;
#4703 = ORIENTED_EDGE ( 'NONE', *, *, #3968, .F. ) ;
#4704 = ORIENTED_EDGE ( 'NONE', *, *, #5577, .T. ) ;
#4705 = UNCERTAINTY_MEASURE_WITH_UNIT (LENGTH_MEASURE( 1.000000000000000082E-05 ), #2188, 'distance_accuracy_value', 'NONE');
#4706 = AXIS2_PLACEMENT_3D ( 'NONE', #46, #5353, #1786 ) ;
#4707 = CARTESIAN_POINT ( 'NONE',  ( -8.000000000000003553, 4.899999999999999467, 0.2699999999999994071 ) ) ;
#4708 = FILL_AREA_STYLE ('',( #5177 ) ) ;
#4709 = VERTEX_POINT ( 'NONE', #5526 ) ;
#4710 = DIRECTION ( 'NONE',  ( 0.000000000000000000, 0.000000000000000000, 1.000000000000000000 ) ) ;
#4711 = CARTESIAN_POINT ( 'NONE',  ( -3.750000000000002220, 5.200000000000001066, 0.7999999999999979350 ) ) ;
#4712 = PRESENTATION_LAYER_ASSIGNMENT (  '', '', ( #3179 ) ) ;
#4713 = B_SPLINE_CURVE_WITH_KNOTS ( 'NONE', 3,
 ( #429, #2667, #1307, #3112 ),
 .UNSPECIFIED., .F., .F.,
 ( 4, 4 ),
 ( 0.000000000000000000, 0.0001969895534202377311 ),
 .UNSPECIFIED. ) ;
#4714 = SURFACE_SIDE_STYLE ('',( #1183 ) ) ;
#4715 = EDGE_CURVE ( 'NONE', #4021, #329, #1077, .T. ) ;
#4716 = DIRECTION ( 'NONE',  ( 1.548860246407863336E-16, 1.000000000000000000, 0.000000000000000000 ) ) ;
#4717 = DIRECTION ( 'NONE',  ( 0.000000000000000000, 0.000000000000000000, 1.000000000000000000 ) ) ;
#4718 = DIRECTION ( 'NONE',  ( 0.000000000000000000, 0.000000000000000000, -1.000000000000000000 ) ) ;
#4719 = EDGE_LOOP ( 'NONE', ( #2551, #1551, #2712, #598, #4166 ) ) ;
#4720 = ADVANCED_FACE ( 'NONE', ( #3272, #3601, #1855, #5415, #4074, #4138, #3658 ), #5471, .F. ) ;
#4721 = ORIENTED_EDGE ( 'NONE', *, *, #1038, .F. ) ;
#4722 = FACE_OUTER_BOUND ( 'NONE', #2324, .T. ) ;
#4723 = CARTESIAN_POINT ( 'NONE',  ( -8.000000000000001776, 1.900000000000000577, -1.729999999999998872 ) ) ;
#4724 = LINE ( 'NONE', #224, #4859 ) ;
#4725 = ORIENTED_EDGE ( 'NONE', *, *, #3728, .F. ) ;
#4726 =( LENGTH_UNIT ( ) NAMED_UNIT ( * ) SI_UNIT ( .MILLI., .METRE. ) );
#4727 =( LENGTH_UNIT ( ) NAMED_UNIT ( * ) SI_UNIT ( .MILLI., .METRE. ) );
#4728 = EDGE_CURVE ( 'NONE', #630, #258, #5528, .T. ) ;
#4729 = CARTESIAN_POINT ( 'NONE',  ( -6.600000000000001421, -0.5999999999999998668, 0.6499999999999991340 ) ) ;
#4730 = VERTEX_POINT ( 'NONE', #5494 ) ;
#4731 = EDGE_LOOP ( 'NONE', ( #5319, #1781, #1451, #3257 ) ) ;
#4732 = CARTESIAN_POINT ( 'NONE',  ( 6.250000000000001776, -0.5999999999999998668, 0.3000000000000002109 ) ) ;
#4733 = PRESENTATION_STYLE_ASSIGNMENT (( #3773 ) ) ;
#4734 = VERTEX_POINT ( 'NONE', #519 ) ;
#4735 = FILL_AREA_STYLE_COLOUR ( '', #1559 ) ;
#4736 = SURFACE_STYLE_FILL_AREA ( #639 ) ;
#4737 = FILL_AREA_STYLE ('',( #2919 ) ) ;
#4738 = DIRECTION ( 'NONE',  ( 0.000000000000000000, -0.000000000000000000, -1.000000000000000000 ) ) ;
#4739 = CARTESIAN_POINT ( 'NONE',  ( 7.999999999999996447, 1.000000000000000000, -1.449999999999999067 ) ) ;
#4740 = VERTEX_POINT ( 'NONE', #1425 ) ;
#4741 = CIRCLE ( 'NONE', #3981, 0.1499999999999988842 ) ;
#4742 = CARTESIAN_POINT ( 'NONE',  ( -2.049999999999999822, 5.400000000000000355, 1.770000000000001794 ) ) ;
#4743 = EDGE_CURVE ( 'NONE', #4734, #2124, #4968, .T. ) ;
#4744 = UNCERTAINTY_MEASURE_WITH_UNIT (LENGTH_MEASURE( 1.000000000000000082E-05 ), #4771, 'distance_accuracy_value', 'NONE');
#4745 = CARTESIAN_POINT ( 'NONE',  ( 1.249999999999997558, 5.200000000000001066, 0.5000000000000002220 ) ) ;
#4746 = EDGE_LOOP ( 'NONE', ( #4063, #2307, #98 ) ) ;
#4747 = ORIENTED_EDGE ( 'NONE', *, *, #4061, .T. ) ;
#4748 = ORIENTED_EDGE ( 'NONE', *, *, #4576, .T. ) ;
#4749 = SURFACE_SIDE_STYLE ('',( #2990 ) ) ;
#4750 = CIRCLE ( 'NONE', #2186, 0.1999999999999999833 ) ;
#4751 = DIRECTION ( 'NONE',  ( -0.000000000000000000, -1.000000000000000000, -0.000000000000000000 ) ) ;
#4752 = SURFACE_STYLE_FILL_AREA ( #683 ) ;
#4753 = SURFACE_SIDE_STYLE ('',( #2118 ) ) ;
#4754 = CIRCLE ( 'NONE', #5490, 0.3499999999999989231 ) ;
#4755 = STYLED_ITEM ( 'NONE', ( #712 ), #2237 ) ;
#4756 = PRESENTATION_STYLE_ASSIGNMENT (( #3446 ) ) ;
#4757 = CARTESIAN_POINT ( 'NONE',  ( 5.869695336352049431, -0.7301653675093203733, 0.5148966417553773045 ) ) ;
#4758 = LINE ( 'NONE', #3022, #1207 ) ;
#4759 =( GEOMETRIC_REPRESENTATION_CONTEXT ( 3 ) GLOBAL_UNCERTAINTY_ASSIGNED_CONTEXT ( ( #4201 ) ) GLOBAL_UNIT_ASSIGNED_CONTEXT ( ( #4267, #2927, #156 ) ) REPRESENTATION_CONTEXT ( 'NONE', 'WORKASPACE' ) );
#4760 = VECTOR ( 'NONE', #5523, 1000.000000000000000 ) ;
#4761 = ORIENTED_EDGE ( 'NONE', *, *, #1529, .F. ) ;
#4762 = EDGE_LOOP ( 'NONE', ( #3532, #5756, #1523, #632 ) ) ;
#4763 = EDGE_CURVE ( 'NONE', #4021, #504, #3164, .T. ) ;
#4764 = UNCERTAINTY_MEASURE_WITH_UNIT (LENGTH_MEASURE( 1.000000000000000082E-05 ), #3308, 'distance_accuracy_value', 'NONE');
#4765 = DIRECTION ( 'NONE',  ( -0.000000000000000000, 1.000000000000000000, -0.000000000000000000 ) ) ;
#4766 = CIRCLE ( 'NONE', #4477, 0.3499999999999987566 ) ;
#4767 = DIRECTION ( 'NONE',  ( 0.000000000000000000, 0.000000000000000000, 1.000000000000000000 ) ) ;
#4768 = EDGE_CURVE ( 'NONE', #3627, #2139, #2918, .T. ) ;
#4769 = MECHANICAL_DESIGN_GEOMETRIC_PRESENTATION_REPRESENTATION (  '', ( #3817 ), #5144 ) ;
#4770 = DIRECTION ( 'NONE',  ( -0.000000000000000000, -1.000000000000000000, -0.000000000000000000 ) ) ;
#4771 =( LENGTH_UNIT ( ) NAMED_UNIT ( * ) SI_UNIT ( .MILLI., .METRE. ) );
#4772 = CARTESIAN_POINT ( 'NONE',  ( -1.250000000000001998, 5.200000000000001066, 0.3000000000000002109 ) ) ;
#4773 = PRESENTATION_LAYER_ASSIGNMENT (  '', '', ( #1435 ) ) ;
#4774 = CARTESIAN_POINT ( 'NONE',  ( -3.750000000000002220, 5.200000000000001066, 0.6499999999999991340 ) ) ;
#4775 = ORIENTED_EDGE ( 'NONE', *, *, #2732, .T. ) ;
#4776 = CIRCLE ( 'NONE', #2211, 0.3499999999999987566 ) ;
#4777 = DIRECTION ( 'NONE',  ( 0.000000000000000000, 0.000000000000000000, -1.000000000000000000 ) ) ;
#4778 = ORIENTED_EDGE ( 'NONE', *, *, #4401, .T. ) ;
#4779 = DIRECTION ( 'NONE',  ( 0.000000000000000000, 1.000000000000000000, 0.000000000000000000 ) ) ;
#4780 = ORIENTED_EDGE ( 'NONE', *, *, #3618, .F. ) ;
#4781 = ORIENTED_EDGE ( 'NONE', *, *, #2923, .T. ) ;
#4782 = LINE ( 'NONE', #5599, #1718 ) ;
#4783 = DIRECTION ( 'NONE',  ( 1.000000000000000000, 0.000000000000000000, -4.336808689942033513E-15 ) ) ;
#4784 = DIRECTION ( 'NONE',  ( 0.000000000000000000, 0.000000000000000000, 1.000000000000000000 ) ) ;
#4785 = CARTESIAN_POINT ( 'NONE',  ( -8.700000000000002842, 5.400000000000000355, -0.4300000000000061551 ) ) ;
#4786 = CARTESIAN_POINT ( 'NONE',  ( -6.600000000000001421, -0.5999999999999998668, -2.450000000000000622 ) ) ;
#4787 = STYLED_ITEM ( 'NONE', ( #85 ), #4720 ) ;
#4788 = VERTEX_POINT ( 'NONE', #209 ) ;
#4789 = LINE ( 'NONE', #2031, #4421 ) ;
#4790 = EDGE_CURVE ( 'NONE', #2469, #4534, #5262, .T. ) ;
#4791 = EDGE_LOOP ( 'NONE', ( #1972, #3141 ) ) ;
#4792 = ORIENTED_EDGE ( 'NONE', *, *, #1015, .T. ) ;
#4793 = PRESENTATION_LAYER_ASSIGNMENT (  '', '', ( #5640 ) ) ;
#4794 =( NAMED_UNIT ( * ) PLANE_ANGLE_UNIT ( ) SI_UNIT ( $, .RADIAN. ) );
#4795 = CARTESIAN_POINT ( 'NONE',  ( -8.000000000000003553, 0.1000000000000000472, 0.2699999999999992961 ) ) ;
#4796 = DIRECTION ( 'NONE',  ( -0.000000000000000000, -0.7071067811865515695, 0.7071067811865435759 ) ) ;
#4797 = EDGE_CURVE ( 'NONE', #1511, #1761, #2882, .T. ) ;
#4798 = CARTESIAN_POINT ( 'NONE',  ( 8.000000000000001776, 5.900000000000000355, 0.000000000000000000 ) ) ;
#4799 = FILL_AREA_STYLE_COLOUR ( '', #3207 ) ;
#4800 = VECTOR ( 'NONE', #783, 1000.000000000000000 ) ;
#4801 = DIRECTION ( 'NONE',  ( 0.000000000000000000, -1.000000000000000000, 0.000000000000000000 ) ) ;
#4802 = EDGE_CURVE ( 'NONE', #4994, #4740, #699, .T. ) ;
#4803 = CARTESIAN_POINT ( 'NONE',  ( 7.999999999999996447, 1.000000000000000000, -0.5999999999999982014 ) ) ;
#4804 = CIRCLE ( 'NONE', #3751, 3.250000000000008438 ) ;
#4805 = UNCERTAINTY_MEASURE_WITH_UNIT (LENGTH_MEASURE( 1.000000000000000082E-05 ), #1922, 'distance_accuracy_value', 'NONE');
#4806 =( BOUNDED_SURFACE ( )  B_SPLINE_SURFACE ( 3, 2, ( 
 ( #2393, #1462, #4260 ),
 ( #214, #3276, #2047 ),
 ( #3820, #5627, #2799 ),
 ( #4618, #1565, #1116 ) ),
 .UNSPECIFIED., .F., .F., .F. ) 
 B_SPLINE_SURFACE_WITH_KNOTS ( ( 4, 4 ),
 ( 3, 3 ),
 ( -2.740019801912362653E-06, 0.0002689158882195475503 ),
 ( 0.000000000000000000, 1.000000000000000000 ),
 .UNSPECIFIED. ) 
 GEOMETRIC_REPRESENTATION_ITEM ( )  RATIONAL_B_SPLINE_SURFACE ( (
 ( 1.000000000000000000, 1.000000000000000000, 1.000000000000000000),
 ( 1.000000000000000000, 0.9983343828585768964, 1.000000000000000000),
 ( 1.000000000000000000, 0.8988230139521495854, 1.000000000000000000),
 ( 1.000000000000000000, 0.8258888605168613894, 1.000000000000000000) ) ) 
 REPRESENTATION_ITEM ( '' )  SURFACE ( )  );
#4807 = CIRCLE ( 'NONE', #4513, 0.1999999999999999833 ) ;
#4808 = FACE_OUTER_BOUND ( 'NONE', #45, .T. ) ;
#4809 = SURFACE_STYLE_USAGE ( .BOTH. , #2057 ) ;
#4810 = ORIENTED_EDGE ( 'NONE', *, *, #212, .F. ) ;
#4811 = DIRECTION ( 'NONE',  ( 0.000000000000000000, -1.000000000000000000, 0.000000000000000000 ) ) ;
#4812 = FACE_BOUND ( 'NONE', #234, .T. ) ;
#4813 = ORIENTED_EDGE ( 'NONE', *, *, #544, .T. ) ;
#4814 = LINE ( 'NONE', #2911, #3851 ) ;
#4815 = ORIENTED_EDGE ( 'NONE', *, *, #5273, .F. ) ;
#4816 = ORIENTED_EDGE ( 'NONE', *, *, #4646, .F. ) ;
#4817 = EDGE_CURVE ( 'NONE', #292, #1134, #2414, .T. ) ;
#4818 = PRESENTATION_STYLE_ASSIGNMENT (( #1208 ) ) ;
#4819 = CARTESIAN_POINT ( 'NONE',  ( 6.250000000000001776, -2.199999999999999734, 0.6499999999999991340 ) ) ;
#4820 = DIRECTION ( 'NONE',  ( 0.000000000000000000, 0.000000000000000000, 1.000000000000000000 ) ) ;
#4821 = EDGE_LOOP ( 'NONE', ( #749, #2881, #3021 ) ) ;
#4822 = DIRECTION ( 'NONE',  ( 0.000000000000000000, -1.000000000000000000, 0.000000000000000000 ) ) ;
#4823 = EDGE_CURVE ( 'NONE', #4222, #4038, #2597, .T. ) ;
#4824 = CARTESIAN_POINT ( 'NONE',  ( -6.634751733198990920, -0.7520367310672358974, 0.8749999999999990008 ) ) ;
#4825 = CARTESIAN_POINT ( 'NONE',  ( 5.869695336263592189, -2.069834632055634671, 0.5148966399674214101 ) ) ;
#4826 = FILL_AREA_STYLE ('',( #324 ) ) ;
#4827 = ORIENTED_EDGE ( 'NONE', *, *, #3259, .F. ) ;
#4828 = EDGE_CURVE ( 'NONE', #3403, #5661, #1363, .T. ) ;
#4829 = VECTOR ( 'NONE', #2704, 1000.000000000000000 ) ;
#4830 = LINE ( 'NONE', #5340, #761 ) ;
#4831 = DIRECTION ( 'NONE',  ( 0.000000000000000000, -0.7071067811865471286, -0.7071067811865479058 ) ) ;
#4832 = ORIENTED_EDGE ( 'NONE', *, *, #550, .F. ) ;
#4833 = DIRECTION ( 'NONE',  ( 0.000000000000000000, 0.000000000000000000, 1.000000000000000000 ) ) ;
#4834 = EDGE_LOOP ( 'NONE', ( #2776, #4159, #220 ) ) ;
#4835 = DIRECTION ( 'NONE',  ( 0.000000000000000000, -1.000000000000000000, 0.000000000000000000 ) ) ;
#4836 = AXIS2_PLACEMENT_3D ( 'NONE', #4561, #1436, #3252 ) ;
#4837 =( LENGTH_UNIT ( ) NAMED_UNIT ( * ) SI_UNIT ( .MILLI., .METRE. ) );
#4838 = EDGE_CURVE ( 'NONE', #779, #1761, #5448, .T. ) ;
#4839 = DIRECTION ( 'NONE',  ( 0.000000000000000000, 0.000000000000000000, -1.000000000000000000 ) ) ;
#4840 = AXIS2_PLACEMENT_3D ( 'NONE', #60, #1859, #3129 ) ;
#4841 = CLOSED_SHELL ( 'NONE', ( #1611, #4083, #334, #5370, #5358, #2742, #2783, #3338 ) ) ;
#4842 = FACE_OUTER_BOUND ( 'NONE', #3585, .T. ) ;
#4843 = CIRCLE ( 'NONE', #2270, 0.1499999999999988842 ) ;
#4844 = ORIENTED_EDGE ( 'NONE', *, *, #180, .T. ) ;
#4845 = MECHANICAL_DESIGN_GEOMETRIC_PRESENTATION_REPRESENTATION (  '', ( #5320 ), #2101 ) ;
#4846 = DIRECTION ( 'NONE',  ( 1.000000000000000000, 0.000000000000000000, 0.000000000000000000 ) ) ;
#4847 = SURFACE_STYLE_FILL_AREA ( #1103 ) ;
#4848 = ORIENTED_EDGE ( 'NONE', *, *, #4208, .T. ) ;
#4849 = AXIS2_PLACEMENT_3D ( 'NONE', #335, #5315, #1253 ) ;
#4850 = CIRCLE ( 'NONE', #580, 0.3499999999999989786 ) ;
#4851 = CARTESIAN_POINT ( 'NONE',  ( 8.000000000000001776, 1.900000000000000577, 0.8700000000000014388 ) ) ;
#4852 = VECTOR ( 'NONE', #948, 1000.000000000000000 ) ;
#4853 = DIRECTION ( 'NONE',  ( -0.000000000000000000, 1.000000000000000000, -0.000000000000000000 ) ) ;
#4854 = CARTESIAN_POINT ( 'NONE',  ( 7.100000000000002309, 1.900000000000000577, 1.770000000000001572 ) ) ;
#4855 = VERTEX_POINT ( 'NONE', #2887 ) ;
#4856 = AXIS2_PLACEMENT_3D ( 'NONE', #4100, #3988, #2642 ) ;
#4857 = TOROIDAL_SURFACE ( 'NONE', #2117, 0.1499999999999989120, 0.2000000000000000111 ) ;
#4858 = DIRECTION ( 'NONE',  ( -0.000000000000000000, -1.000000000000000000, -0.000000000000000000 ) ) ;
#4859 = VECTOR ( 'NONE', #283, 1000.000000000000000 ) ;
#4860 = SURFACE_STYLE_FILL_AREA ( #4826 ) ;
#4861 = EDGE_CURVE ( 'NONE', #4097, #1499, #1977, .T. ) ;
#4862 = PRESENTATION_STYLE_ASSIGNMENT (( #3485 ) ) ;
#4863 = DIRECTION ( 'NONE',  ( 0.000000000000000000, 0.000000000000000000, 1.000000000000000000 ) ) ;
#4864 = STYLED_ITEM ( 'NONE', ( #1260 ), #1409 ) ;
#4865 = CARTESIAN_POINT ( 'NONE',  ( -3.750000000000001776, 0.1000000000000000056, 0.6499999999999991340 ) ) ;
#4866 = EDGE_LOOP ( 'NONE', ( #302, #2724, #304 ) ) ;
#4867 = CARTESIAN_POINT ( 'NONE',  ( -3.449999999999993072, -1.399999999999999689, 0.4249999999999991007 ) ) ;
#4868 = VERTEX_POINT ( 'NONE', #2073 ) ;
#4869 = ADVANCED_FACE ( 'NONE', ( #3874 ), #2823, .F. ) ;
#4870 = DIRECTION ( 'NONE',  ( -0.000000000000000000, -0.000000000000000000, 1.000000000000000000 ) ) ;
#4871 = STYLED_ITEM ( 'NONE', ( #2716 ), #1603 ) ;
#4872 = DIRECTION ( 'NONE',  ( 0.000000000000000000, 0.000000000000000000, -1.000000000000000000 ) ) ;
#4873 = CARTESIAN_POINT ( 'NONE',  ( 3.749999999999998224, -3.500000000000000000, 0.7999999999999979350 ) ) ;
#4874 = ORIENTED_EDGE ( 'NONE', *, *, #2788, .F. ) ;
#4875 = LINE ( 'NONE', #2249, #65 ) ;
#4876 = EDGE_CURVE ( 'NONE', #1190, #3201, #5205, .T. ) ;
#4877 = ORIENTED_EDGE ( 'NONE', *, *, #1001, .T. ) ;
#4878 = CARTESIAN_POINT ( 'NONE',  ( -3.750000000000002220, -3.500000000000000000, 0.6499999999999991340 ) ) ;
#4879 = STYLED_ITEM ( 'NONE', ( #3749 ), #4869 ) ;
#4880 = FILL_AREA_STYLE_COLOUR ( '', #5241 ) ;
#4881 = ORIENTED_EDGE ( 'NONE', *, *, #5036, .F. ) ;
#4882 =( LENGTH_UNIT ( ) NAMED_UNIT ( * ) SI_UNIT ( .MILLI., .METRE. ) );
#4883 = DIRECTION ( 'NONE',  ( 1.000000000000000000, -0.000000000000000000, 0.000000000000000000 ) ) ;
#4884 = COLOUR_RGB ( '',1.000000000000000000, 1.000000000000000000, 1.000000000000000000 ) ;
#4885 = CARTESIAN_POINT ( 'NONE',  ( -5.900000000000002132, -2.199999999999999289, 0.6499999999999991340 ) ) ;
#4886 = ORIENTED_EDGE ( 'NONE', *, *, #5655, .F. ) ;
#4887 = MECHANICAL_DESIGN_GEOMETRIC_PRESENTATION_REPRESENTATION (  '', ( #59 ), #3647 ) ;
#4888 = CARTESIAN_POINT ( 'NONE',  ( 5.980707621213483094, -2.199999887382629638, 0.4188143558491587148 ) ) ;
#4889 = CARTESIAN_POINT ( 'NONE',  ( 0.000000000000000000, 5.900000000000000355, 0.000000000000000000 ) ) ;
#4890 = STYLED_ITEM ( 'NONE', ( #4961 ), #3678 ) ;
#4891 = EDGE_CURVE ( 'NONE', #1575, #126, #592, .T. ) ;
#4892 = CARTESIAN_POINT ( 'NONE',  ( -7.999999999999996447, 4.899999999999999467, -1.230000000000000648 ) ) ;
#4893 = SURFACE_STYLE_FILL_AREA ( #380 ) ;
#4894 = VECTOR ( 'NONE', #79, 1000.000000000000000 ) ;
#4895 = EDGE_LOOP ( 'NONE', ( #768, #3057, #4632 ) ) ;
#4896 = CARTESIAN_POINT ( 'NONE',  ( 8.000000000000003553, 4.899999999999999467, 0.2699999999999994071 ) ) ;
#4897 = CARTESIAN_POINT ( 'NONE',  ( -6.250000000000001776, -3.299999999999999822, 0.6499999999999991340 ) ) ;
#4898 =( NAMED_UNIT ( * ) SI_UNIT ( $, .STERADIAN. ) SOLID_ANGLE_UNIT ( ) );
#4899 = CARTESIAN_POINT ( 'NONE',  ( 3.749999999999998224, 0.000000000000000000, 0.2999999999999993228 ) ) ;
#4900 = DIRECTION ( 'NONE',  ( 0.000000000000000000, 0.000000000000000000, 1.000000000000000000 ) ) ;
#4901 = ORIENTED_EDGE ( 'NONE', *, *, #808, .T. ) ;
#4902 = MECHANICAL_DESIGN_GEOMETRIC_PRESENTATION_REPRESENTATION (  '', ( #1004 ), #5372 ) ;
#4903 = VERTEX_POINT ( 'NONE', #3298 ) ;
#4904 = SURFACE_STYLE_FILL_AREA ( #5818 ) ;
#4905 = EDGE_CURVE ( 'NONE', #1172, #1932, #2097, .T. ) ;
#4906 = DIRECTION ( 'NONE',  ( 0.000000000000000000, 0.000000000000000000, 1.000000000000000000 ) ) ;
#4907 = CARTESIAN_POINT ( 'NONE',  ( 8.000000000000001776, 1.900000000000000799, -0.4300000000000065437 ) ) ;
#4908 = ORIENTED_EDGE ( 'NONE', *, *, #516, .F. ) ;
#4909 = CARTESIAN_POINT ( 'NONE',  ( 5.900000121251727236, -0.5999995225713347091, 0.7941049229272797438 ) ) ;
#4910 = DIRECTION ( 'NONE',  ( -1.000000000000000000, 0.000000000000000000, 1.084202172485504434E-16 ) ) ;
#4911 = PLANE ( 'NONE',  #978 ) ;
#4912 = LINE ( 'NONE', #920, #213 ) ;
#4913 = ORIENTED_EDGE ( 'NONE', *, *, #733, .T. ) ;
#4914 = DIRECTION ( 'NONE',  ( 0.000000000000000000, -1.000000000000000000, -0.000000000000000000 ) ) ;
#4915 = DIRECTION ( 'NONE',  ( 0.000000000000000000, 0.000000000000000000, -1.000000000000000000 ) ) ;
#4916 = EDGE_CURVE ( 'NONE', #665, #5539, #227, .T. ) ;
#4917 = CARTESIAN_POINT ( 'NONE',  ( 3.749999999999998224, -7.989949493661161917, 0.6499999999999991340 ) ) ;
#4918 = CARTESIAN_POINT ( 'NONE',  ( -5.869695336263714758, -0.7301653679437588584, 0.7851033600299812676 ) ) ;
#4919 = ORIENTED_EDGE ( 'NONE', *, *, #787, .T. ) ;
#4920 =( LENGTH_UNIT ( ) NAMED_UNIT ( * ) SI_UNIT ( .MILLI., .METRE. ) );
#4921 = AXIS2_PLACEMENT_3D ( 'NONE', #4711, #2479, #4292 ) ;
#4922 = SURFACE_STYLE_USAGE ( .BOTH. , #3982 ) ;
#4923 = ADVANCED_FACE ( 'NONE', ( #1677 ), #4009, .T. ) ;
#4924 = ORIENTED_EDGE ( 'NONE', *, *, #2770, .T. ) ;
#4925 = AXIS2_PLACEMENT_3D ( 'NONE', #4620, #3137, #4036 ) ;
#4926 =( NAMED_UNIT ( * ) SI_UNIT ( $, .STERADIAN. ) SOLID_ANGLE_UNIT ( ) );
#4927 = CLOSED_SHELL ( 'NONE', ( #2517, #1401, #5331, #3051, #276, #193, #3452, #298, #3010, #5527, #3433, #2250, #2675, #660, #1627, #432, #4585, #4317, #4094, #4102, #2578, #4053, #5508, #509, #2160, #5119, #1045 ) ) ;
#4928 = CIRCLE ( 'NONE', #300, 0.2000000000000000944 ) ;
#4929 = CARTESIAN_POINT ( 'NONE',  ( -5.981904867630913003, -0.5999999999999998668, 0.4249999999999991562 ) ) ;
#4930 = DIRECTION ( 'NONE',  ( -1.548860246407863336E-16, -1.000000000000000000, -0.000000000000000000 ) ) ;
#4931 =( GEOMETRIC_REPRESENTATION_CONTEXT ( 3 ) GLOBAL_UNCERTAINTY_ASSIGNED_CONTEXT ( ( #4619 ) ) GLOBAL_UNIT_ASSIGNED_CONTEXT ( ( #2549, #716, #257 ) ) REPRESENTATION_CONTEXT ( 'NONE', 'WORKASPACE' ) );
#4932 = EDGE_CURVE ( 'NONE', #1024, #4268, #290, .T. ) ;
#4933 =( GEOMETRIC_REPRESENTATION_CONTEXT ( 3 ) GLOBAL_UNCERTAINTY_ASSIGNED_CONTEXT ( ( #3680 ) ) GLOBAL_UNIT_ASSIGNED_CONTEXT ( ( #3674, #5822, #77 ) ) REPRESENTATION_CONTEXT ( 'NONE', 'WORKASPACE' ) );
#4934 = ORIENTED_EDGE ( 'NONE', *, *, #3119, .F. ) ;
#4935 = AXIS2_PLACEMENT_3D ( 'NONE', #4055, #2357, #1493 ) ;
#4936 = CARTESIAN_POINT ( 'NONE',  ( 5.882544144188553759, -0.6687324322575817215, 0.7118847047464311739 ) ) ;
#4937 = DIRECTION ( 'NONE',  ( 0.000000000000000000, 0.000000000000000000, 1.000000000000000000 ) ) ;
#4938 = CARTESIAN_POINT ( 'NONE',  ( -7.100000000000002309, 1.900000000000000577, 1.770000000000001572 ) ) ;
#4939 = CARTESIAN_POINT ( 'NONE',  ( -2.500000000000000444, 5.400000000000000355, 1.320000000000001616 ) ) ;
#4940 = EDGE_CURVE ( 'NONE', #2917, #1981, #1754, .T. ) ;
#4941 = CARTESIAN_POINT ( 'NONE',  ( 6.600000000000001421, -0.5999999999999982014, 0.6499999999999991340 ) ) ;
#4942 = AXIS2_PLACEMENT_3D ( 'NONE', #5708, #1676, #289 ) ;
#4943 = DIRECTION ( 'NONE',  ( -0.000000000000000000, -0.000000000000000000, 1.000000000000000000 ) ) ;
#4944 = B_SPLINE_CURVE_WITH_KNOTS ( 'NONE', 3,
 ( #880, #4447, #1257, #3058 ),
 .UNSPECIFIED., .F., .F.,
 ( 4, 4 ),
 ( 0.000000000000000000, 0.0001969903055741207447 ),
 .UNSPECIFIED. ) ;
#4945 = CARTESIAN_POINT ( 'NONE',  ( -3.750000000000001776, 1.900000000000000577, 0.9999999999999981126 ) ) ;
#4946 = CARTESIAN_POINT ( 'NONE',  ( -6.250000000000001776, -3.299999999999999822, 0.6499999999999991340 ) ) ;
#4947 = CARTESIAN_POINT ( 'NONE',  ( 1.249999999999997558, -7.989949493661161917, 0.9999999999999981126 ) ) ;
#4948 = FACE_OUTER_BOUND ( 'NONE', #4719, .T. ) ;
#4949 = PRESENTATION_LAYER_ASSIGNMENT (  '', '', ( #4571 ) ) ;
#4950 = CARTESIAN_POINT ( 'NONE',  ( -6.250000000000001776, -2.199999999999999734, 0.9999999999999981126 ) ) ;
#4951 = CARTESIAN_POINT ( 'NONE',  ( -5.900000000000001243, -0.5999999999999999778, 0.6499999999999991340 ) ) ;
#4952 = EDGE_LOOP ( 'NONE', ( #1668, #5113, #5079, #963 ) ) ;
#4953 = DIRECTION ( 'NONE',  ( 1.000000000000000000, 0.000000000000000000, -0.000000000000000000 ) ) ;
#4954 = CARTESIAN_POINT ( 'NONE',  ( -6.608335730828128085, -2.177880568150067475, 0.9075845877848982557 ) ) ;
#4955 = COLOUR_RGB ( '',1.000000000000000000, 1.000000000000000000, 1.000000000000000000 ) ;
#4956 = ORIENTED_EDGE ( 'NONE', *, *, #822, .T. ) ;
#4957 = DIRECTION ( 'NONE',  ( -1.548860246407863336E-16, -1.000000000000000000, -0.000000000000000000 ) ) ;
#4958 = ADVANCED_FACE ( 'NONE', ( #4380 ), #3715, .T. ) ;
#4959 = CARTESIAN_POINT ( 'NONE',  ( 6.600000000000001421, -0.5999999999999998668, 0.8749999999999990008 ) ) ;
#4960 = ORIENTED_EDGE ( 'NONE', *, *, #5377, .F. ) ;
#4961 = PRESENTATION_STYLE_ASSIGNMENT (( #5849 ) ) ;
#4962 = CARTESIAN_POINT ( 'NONE',  ( 5.450000000000001066, 5.400000000000000355, 1.770000000000001794 ) ) ;
#4963 = VERTEX_POINT ( 'NONE', #7 ) ;
#4964 = FILL_AREA_STYLE_COLOUR ( '', #221 ) ;
#4965 = EDGE_CURVE ( 'NONE', #2774, #2880, #1178, .T. ) ;
#4966 = DIRECTION ( 'NONE',  ( 0.000000000000000000, 0.000000000000000000, 1.000000000000000000 ) ) ;
#4967 = VECTOR ( 'NONE', #666, 999.9999999999998863 ) ;
#4968 = LINE ( 'NONE', #3244, #4591 ) ;
#4969 = CARTESIAN_POINT ( 'NONE',  ( -8.000000000000001776, 5.399999999999999467, -1.230000000000006199 ) ) ;
#4970 = AXIS2_PLACEMENT_3D ( 'NONE', #2926, #617, #1496 ) ;
#4971 = EDGE_CURVE ( 'NONE', #4994, #1469, #1651, .T. ) ;
#4972 = LINE ( 'NONE', #839, #388 ) ;
#4973 = LINE ( 'NONE', #3879, #1520 ) ;
#4974 = FACE_BOUND ( 'NONE', #2615, .T. ) ;
#4975 = CYLINDRICAL_SURFACE ( 'NONE', #4220, 3.250000000000007994 ) ;
#4976 = FACE_OUTER_BOUND ( 'NONE', #3856, .T. ) ;
#4977 = MECHANICAL_DESIGN_GEOMETRIC_PRESENTATION_REPRESENTATION (  '', ( #3173 ), #4980 ) ;
#4978 = DIRECTION ( 'NONE',  ( 0.000000000000000000, 0.000000000000000000, -1.000000000000000000 ) ) ;
#4979 = DIRECTION ( 'NONE',  ( -1.000000000000000000, 0.000000000000000000, -0.000000000000000000 ) ) ;
#4980 =( GEOMETRIC_REPRESENTATION_CONTEXT ( 3 ) GLOBAL_UNCERTAINTY_ASSIGNED_CONTEXT ( ( #5579 ) ) GLOBAL_UNIT_ASSIGNED_CONTEXT ( ( #5028, #4593, #2332 ) ) REPRESENTATION_CONTEXT ( 'NONE', 'WORKASPACE' ) );
#4981 = ORIENTED_EDGE ( 'NONE', *, *, #4553, .T. ) ;
#4982 = SURFACE_STYLE_FILL_AREA ( #1804 ) ;
#4983 = EDGE_LOOP ( 'NONE', ( #3191, #2843, #4642 ) ) ;
#4984 = LINE ( 'NONE', #5785, #4328 ) ;
#4985 = SURFACE_SIDE_STYLE ('',( #3193 ) ) ;
#4986 = CARTESIAN_POINT ( 'NONE',  ( 6.627980118922710773, -2.080941393045246279, 0.5124949583321537494 ) ) ;
#4987 = AXIS2_PLACEMENT_3D ( 'NONE', #590, #998, #4151 ) ;
#4988 = CARTESIAN_POINT ( 'NONE',  ( 5.878532438774045410, -2.113255225658821956, 0.8749999999999990008 ) ) ;
#4989 = AXIS2_PLACEMENT_3D ( 'NONE', #2428, #3790, #648 ) ;
#4990 = ORIENTED_EDGE ( 'NONE', *, *, #2264, .T. ) ;
#4991 = CARTESIAN_POINT ( 'NONE',  ( 6.518095132369091438, -0.5999999999999998668, 0.8749999999999990008 ) ) ;
#4992 = FACE_OUTER_BOUND ( 'NONE', #5786, .T. ) ;
#4993 = ADVANCED_FACE ( 'NONE', ( #3457 ), #4568, .T. ) ;
#4994 = VERTEX_POINT ( 'NONE', #1209 ) ;
#4995 = UNCERTAINTY_MEASURE_WITH_UNIT (LENGTH_MEASURE( 1.000000000000000082E-05 ), #2915, 'distance_accuracy_value', 'NONE');
#4996 = CARTESIAN_POINT ( 'NONE',  ( 5.900000000000002132, -0.6000000000000000888, 0.6499999999999991340 ) ) ;
#4997 = FILL_AREA_STYLE ('',( #1394 ) ) ;
#4998 = CARTESIAN_POINT ( 'NONE',  ( -8.700000000000002842, 0.000000000000000000, 2.449999999999999734 ) ) ;
#4999 = EDGE_CURVE ( 'NONE', #3108, #2818, #31, .T. ) ;
#5000 = DIRECTION ( 'NONE',  ( 0.000000000000000000, 0.000000000000000000, 1.000000000000000000 ) ) ;
#5001 = FILL_AREA_STYLE_COLOUR ( '', #893 ) ;
#5002 = LINE ( 'NONE', #5530, #3277 ) ;
#5003 = CARTESIAN_POINT ( 'NONE',  ( -1.250000000000001998, 0.000000000000000000, 0.6499999999999991340 ) ) ;
#5004 = EDGE_CURVE ( 'NONE', #4336, #4788, #2559, .T. ) ;
#5005 = LINE ( 'NONE', #925, #4363 ) ;
#5006 = ORIENTED_EDGE ( 'NONE', *, *, #1323, .F. ) ;
#5007 = VERTEX_POINT ( 'NONE', #1331 ) ;
#5008 = CARTESIAN_POINT ( 'NONE',  ( 6.600000000000001421, -2.200000000000000178, 0.6499999999999991340 ) ) ;
#5009 = SURFACE_STYLE_USAGE ( .BOTH. , #4985 ) ;
#5010 =( LENGTH_UNIT ( ) NAMED_UNIT ( * ) SI_UNIT ( .MILLI., .METRE. ) );
#5011 = EDGE_CURVE ( 'NONE', #4868, #1298, #3144, .T. ) ;
#5012 = ORIENTED_EDGE ( 'NONE', *, *, #1374, .T. ) ;
#5013 = LINE ( 'NONE', #1968, #1062 ) ;
#5014 = CARTESIAN_POINT ( 'NONE',  ( 3.749999999999998224, 1.900000000000000577, 0.2999999999999993228 ) ) ;
#5015 = ORIENTED_EDGE ( 'NONE', *, *, #4876, .F. ) ;
#5016 = SURFACE_SIDE_STYLE ('',( #1876 ) ) ;
#5017 = AXIS2_PLACEMENT_3D ( 'NONE', #153, #1958, #1154 ) ;
#5018 = AXIS2_PLACEMENT_3D ( 'NONE', #4878, #4535, #829 ) ;
#5019 = VERTEX_POINT ( 'NONE', #1839 ) ;
#5020 = DIRECTION ( 'NONE',  ( -0.000000000000000000, -1.000000000000000000, -0.000000000000000000 ) ) ;
#5021 = CARTESIAN_POINT ( 'NONE',  ( 3.749999999999998224, -3.299999999999999822, 0.7999999999999979350 ) ) ;
#5022 = CARTESIAN_POINT ( 'NONE',  ( 6.600000000000001421, -0.5999999999999996447, 0.6499999999999992450 ) ) ;
#5023 = COLOUR_RGB ( '',1.000000000000000000, 1.000000000000000000, 1.000000000000000000 ) ;
#5024 = VECTOR ( 'NONE', #2790, 1000.000000000000000 ) ;
#5025 = FILL_AREA_STYLE ('',( #1350 ) ) ;
#5026 = FILL_AREA_STYLE_COLOUR ( '', #3792 ) ;
#5027 = EDGE_CURVE ( 'NONE', #4656, #3201, #454, .T. ) ;
#5028 =( LENGTH_UNIT ( ) NAMED_UNIT ( * ) SI_UNIT ( .MILLI., .METRE. ) );
#5029 =( NAMED_UNIT ( * ) SI_UNIT ( $, .STERADIAN. ) SOLID_ANGLE_UNIT ( ) );
#5030 = AXIS2_PLACEMENT_3D ( 'NONE', #1292, #53, #4910 ) ;
#5031 = CIRCLE ( 'NONE', #25, 0.3499999999999989231 ) ;
#5032 = CARTESIAN_POINT ( 'NONE',  ( -5.887713296533348739, -2.153995607893191000, 0.4506248454488689936 ) ) ;
#5033 = MECHANICAL_DESIGN_GEOMETRIC_PRESENTATION_REPRESENTATION (  '', ( #1054 ), #5502 ) ;
#5034 = ORIENTED_EDGE ( 'NONE', *, *, #5655, .T. ) ;
#5035 = DIRECTION ( 'NONE',  ( -0.000000000000000000, 1.000000000000000000, -0.000000000000000000 ) ) ;
#5036 = EDGE_CURVE ( 'NONE', #4572, #1391, #3617, .T. ) ;
#5037 = ORIENTED_EDGE ( 'NONE', *, *, #4891, .F. ) ;
#5038 = FACE_OUTER_BOUND ( 'NONE', #2399, .T. ) ;
#5039 = ORIENTED_EDGE ( 'NONE', *, *, #4629, .F. ) ;
#5040 = CARTESIAN_POINT ( 'NONE',  ( -3.449999999999993072, -1.399999999999999689, 0.8749999999999990008 ) ) ;
#5041 = AXIS2_PLACEMENT_3D ( 'NONE', #5071, #1061, #4693 ) ;
#5042 = SURFACE_STYLE_FILL_AREA ( #4628 ) ;
#5043 = CARTESIAN_POINT ( 'NONE',  ( 1.249999999999997558, 1.900000000000000577, 0.6499999999999991340 ) ) ;
#5044 =( NAMED_UNIT ( * ) PLANE_ANGLE_UNIT ( ) SI_UNIT ( $, .RADIAN. ) );
#5045 = EDGE_CURVE ( 'NONE', #4606, #4361, #1870, .T. ) ;
#5046 = ORIENTED_EDGE ( 'NONE', *, *, #1153, .T. ) ;
#5047 = AXIS2_PLACEMENT_3D ( 'NONE', #223, #2022, #3830 ) ;
#5048 = DIRECTION ( 'NONE',  ( 0.000000000000000000, -0.7071067811865435759, -0.7071067811865515695 ) ) ;
#5049 = EDGE_LOOP ( 'NONE', ( #4315, #1632, #3304, #2554 ) ) ;
#5050 = MECHANICAL_DESIGN_GEOMETRIC_PRESENTATION_REPRESENTATION (  '', ( #235 ), #3062 ) ;
#5051 = UNCERTAINTY_MEASURE_WITH_UNIT (LENGTH_MEASURE( 1.000000000000000082E-05 ), #5342, 'distance_accuracy_value', 'NONE');
#5052 = CARTESIAN_POINT ( 'NONE',  ( 8.699999999999995737, 5.900000000000000355, -2.450000000000000622 ) ) ;
#5053 = FACE_OUTER_BOUND ( 'NONE', #3060, .T. ) ;
#5054 = ORIENTED_EDGE ( 'NONE', *, *, #1879, .T. ) ;
#5055 = CARTESIAN_POINT ( 'NONE',  ( -2.950000000000002842, 5.400000000000000355, 1.770000000000001794 ) ) ;
#5056 = SURFACE_SIDE_STYLE ('',( #4109 ) ) ;
#5057 = CARTESIAN_POINT ( 'NONE',  ( 8.700000000000002842, 4.899999999999999467, 0.2699999999999994071 ) ) ;
#5058 = VECTOR ( 'NONE', #4233, 1000.000000000000000 ) ;
#5059 = SURFACE_STYLE_USAGE ( .BOTH. , #177 ) ;
#5060 = DIRECTION ( 'NONE',  ( 1.000000000000000000, -0.000000000000000000, -0.000000000000000000 ) ) ;
#5061 = CARTESIAN_POINT ( 'NONE',  ( -8.000000000000003553, 4.899999999999999467, 0.2699999999999994071 ) ) ;
#5062 = MECHANICAL_DESIGN_GEOMETRIC_PRESENTATION_REPRESENTATION (  '', ( #3072 ), #3544 ) ;
#5063 = EDGE_CURVE ( 'NONE', #3705, #5574, #3237, .T. ) ;
#5064 = CYLINDRICAL_SURFACE ( 'NONE', #383, 0.3499999999999989786 ) ;
#5065 = ORIENTED_EDGE ( 'NONE', *, *, #1863, .F. ) ;
#5066 =( NAMED_UNIT ( * ) SI_UNIT ( $, .STERADIAN. ) SOLID_ANGLE_UNIT ( ) );
#5067 = VERTEX_POINT ( 'NONE', #191 ) ;
#5068 = CARTESIAN_POINT ( 'NONE',  ( 3.749999999999998224, -3.299999999999999822, 0.6499999999999991340 ) ) ;
#5069 = ORIENTED_EDGE ( 'NONE', *, *, #108, .F. ) ;
#5070 = SURFACE_SIDE_STYLE ('',( #1382 ) ) ;
#5071 = CARTESIAN_POINT ( 'NONE',  ( -6.250000000000001776, -3.299999999999999822, 0.6499999999999991340 ) ) ;
#5072 = PRESENTATION_LAYER_ASSIGNMENT (  '', '', ( #1097 ) ) ;
#5073 = SURFACE_SIDE_STYLE ('',( #1027 ) ) ;
#5074 = CARTESIAN_POINT ( 'NONE',  ( -8.000000000000001776, 5.900000000000000355, 0.8700000000000014388 ) ) ;
#5075 = ORIENTED_EDGE ( 'NONE', *, *, #1879, .F. ) ;
#5076 = LINE ( 'NONE', #3676, #261 ) ;
#5077 = CIRCLE ( 'NONE', #2797, 0.3499999999999989231 ) ;
#5078 = ORIENTED_EDGE ( 'NONE', *, *, #1696, .T. ) ;
#5079 = ORIENTED_EDGE ( 'NONE', *, *, #3006, .F. ) ;
#5080 = ORIENTED_EDGE ( 'NONE', *, *, #3932, .F. ) ;
#5081 = ADVANCED_FACE ( 'NONE', ( #100 ), #3194, .T. ) ;
#5082 = VECTOR ( 'NONE', #3189, 1000.000000000000000 ) ;
#5083 = CARTESIAN_POINT ( 'NONE',  ( -5.883853663498128661, -2.134000131393832600, 0.7134919907838236375 ) ) ;
#5084 = ORIENTED_EDGE ( 'NONE', *, *, #5228, .T. ) ;
#5085 = FILL_AREA_STYLE ('',( #895 ) ) ;
#5086 = PRESENTATION_LAYER_ASSIGNMENT (  '', '', ( #3861 ) ) ;
#5087 = CARTESIAN_POINT ( 'NONE',  ( 8.000000000000001776, 5.900000000000000355, 0.8700000000000014388 ) ) ;
#5088 = CARTESIAN_POINT ( 'NONE',  ( -6.700000000000001954, -1.399999999999999689, 0.8749999999999990008 ) ) ;
#5089 = CARTESIAN_POINT ( 'NONE',  ( -6.250000000000001776, 5.200000000000001066, 0.6499999999999991340 ) ) ;
#5090 = DIRECTION ( 'NONE',  ( 1.000000000000000000, -0.000000000000000000, 1.224646799147353207E-16 ) ) ;
#5091 = ORIENTED_EDGE ( 'NONE', *, *, #1956, .T. ) ;
#5092 = PLANE ( 'NONE',  #614 ) ;
#5093 = ORIENTED_EDGE ( 'NONE', *, *, #2042, .T. ) ;
#5094 = CARTESIAN_POINT ( 'NONE',  ( 6.600000000000001421, -2.199999999999999734, -2.450000000000000622 ) ) ;
#5095 = ORIENTED_EDGE ( 'NONE', *, *, #2180, .F. ) ;
#5096 = ADVANCED_FACE ( 'NONE', ( #4626 ), #5509, .F. ) ;
#5097 = CARTESIAN_POINT ( 'NONE',  ( -5.981904867630913003, -2.199999999999999734, 0.4249999999999991562 ) ) ;
#5098 = ORIENTED_EDGE ( 'NONE', *, *, #1079, .F. ) ;
#5099 = FILL_AREA_STYLE ('',( #5512 ) ) ;
#5100 = LINE ( 'NONE', #5074, #2857 ) ;
#5101 = CARTESIAN_POINT ( 'NONE',  ( 5.891664269171876356, -0.6221194318499316811, 0.3924154122151003454 ) ) ;
#5102 = ORIENTED_EDGE ( 'NONE', *, *, #5735, .T. ) ;
#5103 = EDGE_CURVE ( 'NONE', #5007, #2362, #954, .T. ) ;
#5104 = EDGE_LOOP ( 'NONE', ( #3349, #2695, #2206, #657 ) ) ;
#5105 = ORIENTED_EDGE ( 'NONE', *, *, #2923, .F. ) ;
#5106 = ORIENTED_EDGE ( 'NONE', *, *, #5735, .F. ) ;
#5107 = UNCERTAINTY_MEASURE_WITH_UNIT (LENGTH_MEASURE( 1.000000000000000082E-05 ), #1393, 'distance_accuracy_value', 'NONE');
#5108 = FACE_OUTER_BOUND ( 'NONE', #3492, .T. ) ;
#5109 = CARTESIAN_POINT ( 'NONE',  ( 5.865248266801011745, -0.7520367310672358974, 0.8749999999999990008 ) ) ;
#5110 = CIRCLE ( 'NONE', #3024, 0.1999999999999999833 ) ;
#5111 = FACE_OUTER_BOUND ( 'NONE', #1124, .T. ) ;
#5112 = EDGE_CURVE ( 'NONE', #5067, #830, #5507, .T. ) ;
#5113 = ORIENTED_EDGE ( 'NONE', *, *, #1921, .T. ) ;
#5114 = DIRECTION ( 'NONE',  ( 0.000000000000000000, 0.7071067811865479058, -0.7071067811865472397 ) ) ;
#5115 = LINE ( 'NONE', #144, #557 ) ;
#5116 = AXIS2_PLACEMENT_3D ( 'NONE', #5475, #956, #1375 ) ;
#5117 =( NAMED_UNIT ( * ) SI_UNIT ( $, .STERADIAN. ) SOLID_ANGLE_UNIT ( ) );
#5118 =( NAMED_UNIT ( * ) PLANE_ANGLE_UNIT ( ) SI_UNIT ( $, .RADIAN. ) );
#5119 = ADVANCED_FACE ( 'NONE', ( #3733 ), #744, .T. ) ;
#5120 = CARTESIAN_POINT ( 'NONE',  ( -6.250000000000001776, -2.199999999999999734, 0.3000000000000002109 ) ) ;
#5121 = AXIS2_PLACEMENT_3D ( 'NONE', #3159, #1828, #3638 ) ;
#5122 = AXIS2_PLACEMENT_3D ( 'NONE', #3318, #1129, #4156 ) ;
#5123 = FACE_OUTER_BOUND ( 'NONE', #3919, .T. ) ;
#5124 = VERTEX_POINT ( 'NONE', #5540 ) ;
#5125 = LINE ( 'NONE', #1631, #4413 ) ;
#5126 = EDGE_LOOP ( 'NONE', ( #3101, #2928, #3094, #4282 ) ) ;
#5127 = CIRCLE ( 'NONE', #5591, 0.2000000000000000944 ) ;
#5128 = CARTESIAN_POINT ( 'NONE',  ( 6.634831635644926173, -2.047570422884860353, 0.4234043363144970873 ) ) ;
#5129 = EDGE_LOOP ( 'NONE', ( #2847, #3852, #841, #2426 ) ) ;
#5130 = SURFACE_STYLE_FILL_AREA ( #190 ) ;
#5131 = DIRECTION ( 'NONE',  ( -0.000000000000000000, -1.000000000000000000, -0.000000000000000000 ) ) ;
#5132 = ORIENTED_EDGE ( 'NONE', *, *, #3634, .F. ) ;
#5133 = VECTOR ( 'NONE', #1311, 999.9999999999998863 ) ;
#5134 = STYLED_ITEM ( 'NONE', ( #5675 ), #2751 ) ;
#5135 = DIRECTION ( 'NONE',  ( 0.000000000000000000, -1.000000000000000000, 0.000000000000000000 ) ) ;
#5136 = CARTESIAN_POINT ( 'NONE',  ( -6.250000000000001776, 0.1000000000000000056, 0.6499999999999991340 ) ) ;
#5137 = ORIENTED_EDGE ( 'NONE', *, *, #4503, .F. ) ;
#5138 = LINE ( 'NONE', #1006, #1858 ) ;
#5139 = ORIENTED_EDGE ( 'NONE', *, *, #1397, .T. ) ;
#5140 = AXIS2_PLACEMENT_3D ( 'NONE', #3709, #104, #5572 ) ;
#5141 = COLOUR_RGB ( '',1.000000000000000000, 1.000000000000000000, 1.000000000000000000 ) ;
#5142 = VERTEX_POINT ( 'NONE', #5097 ) ;
#5143 = EDGE_CURVE ( 'NONE', #4514, #4572, #2859, .T. ) ;
#5144 =( GEOMETRIC_REPRESENTATION_CONTEXT ( 3 ) GLOBAL_UNCERTAINTY_ASSIGNED_CONTEXT ( ( #4048 ) ) GLOBAL_UNIT_ASSIGNED_CONTEXT ( ( #596, #4212, #1841 ) ) REPRESENTATION_CONTEXT ( 'NONE', 'WORKASPACE' ) );
#5145 = DIRECTION ( 'NONE',  ( 0.000000000000000000, 0.000000000000000000, 1.000000000000000000 ) ) ;
#5146 = CARTESIAN_POINT ( 'NONE',  ( 6.250000000000001776, -3.299999999999999822, 0.9999999999999981126 ) ) ;
#5147 = CARTESIAN_POINT ( 'NONE',  ( 2.949999999999999289, 1.900000000000000577, 1.770000000000001128 ) ) ;
#5148 = ORIENTED_EDGE ( 'NONE', *, *, #762, .F. ) ;
#5149 = B_SPLINE_CURVE_WITH_KNOTS ( 'NONE', 3,
 ( #5725, #2963, #3410, #3923 ),
 .UNSPECIFIED., .F., .F.,
 ( 4, 4 ),
 ( -2.913817343148021415E-06, 0.0002761349558053574778 ),
 .UNSPECIFIED. ) ;
#5150 = DIRECTION ( 'NONE',  ( 0.000000000000000000, 0.000000000000000000, 1.000000000000000000 ) ) ;
#5151 = CARTESIAN_POINT ( 'NONE',  ( -2.950000000000002842, 5.400000000000000355, 1.770000000000001572 ) ) ;
#5152 = EDGE_CURVE ( 'NONE', #2085, #3956, #3763, .T. ) ;
#5153 = PLANE ( 'NONE',  #2269 ) ;
#5154 = DIRECTION ( 'NONE',  ( 0.000000000000000000, 0.000000000000000000, 1.000000000000000000 ) ) ;
#5155 = CARTESIAN_POINT ( 'NONE',  ( -6.600000000000001421, -0.5999999999999998668, -2.450000000000000622 ) ) ;
#5156 = CARTESIAN_POINT ( 'NONE',  ( 1.249999999999997558, -3.299999999999999822, 0.6499999999999991340 ) ) ;
#5157 = ORIENTED_EDGE ( 'NONE', *, *, #3035, .T. ) ;
#5158 = EDGE_CURVE ( 'NONE', #5731, #3768, #5149, .T. ) ;
#5159 = AXIS2_PLACEMENT_3D ( 'NONE', #5621, #2010, #268 ) ;
#5160 = CARTESIAN_POINT ( 'NONE',  ( -6.250000000000001776, -0.5999999999999998668, 0.6499999999999991340 ) ) ;
#5161 = ORIENTED_EDGE ( 'NONE', *, *, #5447, .F. ) ;
#5162 = FACE_OUTER_BOUND ( 'NONE', #4236, .T. ) ;
#5163 = EDGE_LOOP ( 'NONE', ( #2098, #2878, #3561, #5185 ) ) ;
#5164 = DIRECTION ( 'NONE',  ( 0.7071067811865489050, 0.000000000000000000, 0.7071067811865462405 ) ) ;
#5165 = EDGE_LOOP ( 'NONE', ( #2141, #5075, #3920, #5759 ) ) ;
#5166 = CYLINDRICAL_SURFACE ( 'NONE', #4276, 3.249999999999999556 ) ;
#5167 = CARTESIAN_POINT ( 'NONE',  ( 1.249999999999997558, -3.299999999999999822, 0.5000000000000002220 ) ) ;
#5168 = PLANE ( 'NONE',  #786 ) ;
#5169 = DIRECTION ( 'NONE',  ( 0.000000000000000000, -1.000000000000000000, -1.084202172485503571E-16 ) ) ;
#5170 = DIRECTION ( 'NONE',  ( 0.000000000000000000, -1.000000000000000000, 0.000000000000000000 ) ) ;
#5171 = EDGE_LOOP ( 'NONE', ( #318, #882, #2152, #3992, #4919 ) ) ;
#5172 = CARTESIAN_POINT ( 'NONE',  ( -6.617256416838826816, -0.6679471413028731375, 0.5888655021516963073 ) ) ;
#5173 = VERTEX_POINT ( 'NONE', #4242 ) ;
#5174 = CARTESIAN_POINT ( 'NONE',  ( 5.981904867630913003, -0.5999999999999998668, 0.8749999999999990008 ) ) ;
#5175 = STYLED_ITEM ( 'NONE', ( #1109 ), #3594 ) ;
#5176 = FILL_AREA_STYLE ('',( #5652 ) ) ;
#5177 = FILL_AREA_STYLE_COLOUR ( '', #2657 ) ;
#5178 = ORIENTED_EDGE ( 'NONE', *, *, #5476, .F. ) ;
#5179 = CARTESIAN_POINT ( 'NONE',  ( 7.100000000000002309, 1.900000000000000577, 1.770000000000001572 ) ) ;
#5180 = EDGE_CURVE ( 'NONE', #3675, #5478, #4724, .T. ) ;
#5181 = EDGE_CURVE ( 'NONE', #5539, #3677, #4766, .T. ) ;
#5182 = FILL_AREA_STYLE_COLOUR ( '', #5771 ) ;
#5183 = LINE ( 'NONE', #1113, #4281 ) ;
#5184 = DIRECTION ( 'NONE',  ( 1.000000000000000000, 0.000000000000000000, 1.246209393661499372E-16 ) ) ;
#5185 = ORIENTED_EDGE ( 'NONE', *, *, #4828, .F. ) ;
#5186 = MECHANICAL_DESIGN_GEOMETRIC_PRESENTATION_REPRESENTATION (  '', ( #3660 ), #2159 ) ;
#5187 = SURFACE_SIDE_STYLE ('',( #5659 ) ) ;
#5188 = EDGE_CURVE ( 'NONE', #1366, #4116, #5800, .T. ) ;
#5189 = EDGE_LOOP ( 'NONE', ( #1834, #540, #514, #2046 ) ) ;
#5190 = DIRECTION ( 'NONE',  ( 0.000000000000000000, 1.000000000000000000, 0.000000000000000000 ) ) ;
#5191 = DIRECTION ( 'NONE',  ( 0.000000000000000000, -0.000000000000000000, 1.000000000000000000 ) ) ;
#5192 = ORIENTED_EDGE ( 'NONE', *, *, #157, .T. ) ;
#5193 = DIRECTION ( 'NONE',  ( 0.000000000000000000, -1.000000000000000000, -0.000000000000000000 ) ) ;
#5194 = PLANE ( 'NONE',  #1813 ) ;
#5195 = EDGE_CURVE ( 'NONE', #2592, #3805, #714, .T. ) ;
#5196 = SURFACE_STYLE_USAGE ( .BOTH. , #2931 ) ;
#5197 = FILL_AREA_STYLE_COLOUR ( '', #4478 ) ;
#5198 = FILL_AREA_STYLE ('',( #1064 ) ) ;
#5199 = CARTESIAN_POINT ( 'NONE',  ( -7.100000000000002309, 5.900000000000000355, 2.070000000000001616 ) ) ;
#5200 = ORIENTED_EDGE ( 'NONE', *, *, #481, .T. ) ;
#5201 = EDGE_CURVE ( 'NONE', #4663, #2592, #2061, .T. ) ;
#5202 = ORIENTED_EDGE ( 'NONE', *, *, #1085, .T. ) ;
#5203 = ORIENTED_EDGE ( 'NONE', *, *, #2183, .T. ) ;
#5204 = CARTESIAN_POINT ( 'NONE',  ( -2.500000000000000444, 5.400000000000000355, 1.320000000000001616 ) ) ;
#5205 = LINE ( 'NONE', #143, #2201 ) ;
#5206 = ORIENTED_EDGE ( 'NONE', *, *, #5273, .T. ) ;
#5207 = CARTESIAN_POINT ( 'NONE',  ( 3.449999999999993072, -1.399999999999999689, 0.4249999999999991007 ) ) ;
#5208 = VECTOR ( 'NONE', #87, 1000.000000000000000 ) ;
#5209 = CARTESIAN_POINT ( 'NONE',  ( 5.865248266801011745, -2.047963268932763370, 0.8749999999999990008 ) ) ;
#5210 = CARTESIAN_POINT ( 'NONE',  ( -1.250000000000001998, 0.1000000000000000056, 0.9999999999999981126 ) ) ;
#5211 = ORIENTED_EDGE ( 'NONE', *, *, #4386, .T. ) ;
#5212 = CARTESIAN_POINT ( 'NONE',  ( 5.883853663498129549, -0.6659998686061663342, 0.5865080092161749636 ) ) ;
#5213 = AXIS2_PLACEMENT_3D ( 'NONE', #5160, #4202, #3726 ) ;
#5214 = PRESENTATION_LAYER_ASSIGNMENT (  '', '', ( #4454 ) ) ;
#5215 = UNCERTAINTY_MEASURE_WITH_UNIT (LENGTH_MEASURE( 1.000000000000000082E-05 ), #3725, 'distance_accuracy_value', 'NONE');
#5216 =( BOUNDED_SURFACE ( )  B_SPLINE_SURFACE ( 3, 2, ( 
 ( #2594, #4885, #373 ),
 ( #349, #2132, #4433 ),
 ( #3965, #1702, #5330 ),
 ( #5765, #5712, #727 ) ),
 .UNSPECIFIED., .F., .F., .T. ) 
 B_SPLINE_SURFACE_WITH_KNOTS ( ( 4, 4 ),
 ( 3, 3 ),
 ( -2.740019801913353682E-06, 0.0002689158882195616450 ),
 ( 0.000000000000000000, 1.000000000000000000 ),
 .UNSPECIFIED. ) 
 GEOMETRIC_REPRESENTATION_ITEM ( )  RATIONAL_B_SPLINE_SURFACE ( (
 ( 1.000000000000000000, 1.000000000000000000, 1.000000000000000000),
 ( 1.000000000000000000, 0.9983343828585864443, 1.000000000000000000),
 ( 1.000000000000000000, 0.8988230139521379281, 1.000000000000000000),
 ( 1.000000000000000000, 0.8258888605168610564, 1.000000000000000000) ) ) 
 REPRESENTATION_ITEM ( '' )  SURFACE ( )  );
#5217 = ADVANCED_FACE ( 'NONE', ( #1095 ), #2458, .F. ) ;
#5218 = LINE ( 'NONE', #1928, #3784 ) ;
#5219 = ORIENTED_EDGE ( 'NONE', *, *, #4291, .T. ) ;
#5220 = AXIS2_PLACEMENT_3D ( 'NONE', #2483, #989, #146 ) ;
#5221 = ORIENTED_EDGE ( 'NONE', *, *, #4145, .F. ) ;
#5222 = ORIENTED_EDGE ( 'NONE', *, *, #5468, .T. ) ;
#5223 =( NAMED_UNIT ( * ) SI_UNIT ( $, .STERADIAN. ) SOLID_ANGLE_UNIT ( ) );
#5224 = MECHANICAL_DESIGN_GEOMETRIC_PRESENTATION_REPRESENTATION (  '', ( #5318 ), #763 ) ;
#5225 = CIRCLE ( 'NONE', #3695, 0.3500000000000006994 ) ;
#5226 = LINE ( 'NONE', #3798, #3240 ) ;
#5227 = AXIS2_PLACEMENT_3D ( 'NONE', #1048, #2013, #3753 ) ;
#5228 = EDGE_CURVE ( 'NONE', #536, #4451, #5693, .T. ) ;
#5229 = VECTOR ( 'NONE', #4858, 1000.000000000000000 ) ;
#5230 = FACE_OUTER_BOUND ( 'NONE', #4610, .T. ) ;
#5231 = DIRECTION ( 'NONE',  ( 1.548860246407863336E-16, 1.000000000000000000, 0.000000000000000000 ) ) ;
#5232 = ORIENTED_EDGE ( 'NONE', *, *, #3000, .F. ) ;
#5233 = CARTESIAN_POINT ( 'NONE',  ( 9.050000000000000711, -1.399999999999999689, 0.8749999999999990008 ) ) ;
#5234 = MECHANICAL_DESIGN_GEOMETRIC_PRESENTATION_REPRESENTATION (  '', ( #3610 ), #4383 ) ;
#5235 =( GEOMETRIC_REPRESENTATION_CONTEXT ( 3 ) GLOBAL_UNCERTAINTY_ASSIGNED_CONTEXT ( ( #5107 ) ) GLOBAL_UNIT_ASSIGNED_CONTEXT ( ( #1393, #5489, #2791 ) ) REPRESENTATION_CONTEXT ( 'NONE', 'WORKASPACE' ) );
#5236 = EDGE_LOOP ( 'NONE', ( #5219, #1833, #3624, #5084 ) ) ;
#5237 = VERTEX_POINT ( 'NONE', #2115 ) ;
#5238 = UNCERTAINTY_MEASURE_WITH_UNIT (LENGTH_MEASURE( 1.000000000000000082E-05 ), #1807, 'distance_accuracy_value', 'NONE');
#5239 = EDGE_CURVE ( 'NONE', #4788, #3365, #4364, .T. ) ;
#5240 = SURFACE_STYLE_USAGE ( .BOTH. , #5650 ) ;
#5241 = COLOUR_RGB ( '',1.000000000000000000, 1.000000000000000000, 1.000000000000000000 ) ;
#5242 = DIRECTION ( 'NONE',  ( 0.000000000000000000, 1.000000000000000000, 0.000000000000000000 ) ) ;
#5243 = CARTESIAN_POINT ( 'NONE',  ( -6.600000000000001421, -0.5999999999999998668, 0.6499999999999991340 ) ) ;
#5244 = STYLED_ITEM ( 'NONE', ( #1605 ), #5217 ) ;
#5245 = CARTESIAN_POINT ( 'NONE',  ( -6.600000000000000533, -2.199999999999999734, 0.6499999999999991340 ) ) ;
#5246 =( GEOMETRIC_REPRESENTATION_CONTEXT ( 3 ) GLOBAL_UNCERTAINTY_ASSIGNED_CONTEXT ( ( #1787 ) ) GLOBAL_UNIT_ASSIGNED_CONTEXT ( ( #4726, #2993, #2088 ) ) REPRESENTATION_CONTEXT ( 'NONE', 'WORKASPACE' ) );
#5247 = DIRECTION ( 'NONE',  ( -1.000000000000000000, 0.000000000000000000, 0.000000000000000000 ) ) ;
#5248 = FACE_OUTER_BOUND ( 'NONE', #2456, .T. ) ;
#5249 = CIRCLE ( 'NONE', #960, 0.3499999999999987566 ) ;
#5250 = DIRECTION ( 'NONE',  ( 1.246209393661499372E-16, 0.000000000000000000, -1.000000000000000000 ) ) ;
#5251 = FACE_OUTER_BOUND ( 'NONE', #1967, .T. ) ;
#5252 = EDGE_LOOP ( 'NONE', ( #5406, #2411, #711, #5352, #4427 ) ) ;
#5253 = PLANE ( 'NONE',  #4368 ) ;
#5254 = DIRECTION ( 'NONE',  ( 0.000000000000000000, 0.000000000000000000, 1.000000000000000000 ) ) ;
#5255 = VERTEX_POINT ( 'NONE', #3017 ) ;
#5256 = PLANE ( 'NONE',  #4232 ) ;
#5257 = ORIENTED_EDGE ( 'NONE', *, *, #1439, .T. ) ;
#5258 = SURFACE_STYLE_USAGE ( .BOTH. , #2498 ) ;
#5259 = ADVANCED_FACE ( 'NONE', ( #3354 ), #331, .F. ) ;
#5260 = DIRECTION ( 'NONE',  ( -0.000000000000000000, -1.000000000000000000, -0.000000000000000000 ) ) ;
#5261 = PLANE ( 'NONE',  #2942 ) ;
#5262 = CIRCLE ( 'NONE', #428, 3.250000000000008438 ) ;
#5263 = ORIENTED_EDGE ( 'NONE', *, *, #4354, .T. ) ;
#5264 = CARTESIAN_POINT ( 'NONE',  ( -6.630143041986721997, -0.7293849265132104076, 0.5159529532343245517 ) ) ;
#5265 = EDGE_LOOP ( 'NONE', ( #2232, #2913, #2989 ) ) ;
#5266 = ORIENTED_EDGE ( 'NONE', *, *, #2390, .F. ) ;
#5267 =( GEOMETRIC_REPRESENTATION_CONTEXT ( 3 ) GLOBAL_UNCERTAINTY_ASSIGNED_CONTEXT ( ( #5649 ) ) GLOBAL_UNIT_ASSIGNED_CONTEXT ( ( #4622, #4179, #5535 ) ) REPRESENTATION_CONTEXT ( 'NONE', 'WORKASPACE' ) );
#5268 = LINE ( 'NONE', #3454, #685 ) ;
#5269 = SURFACE_SIDE_STYLE ('',( #1649 ) ) ;
#5270 = DIRECTION ( 'NONE',  ( -2.478176394252589227E-15, 0.000000000000000000, -1.000000000000000000 ) ) ;
#5271 = MECHANICAL_DESIGN_GEOMETRIC_PRESENTATION_REPRESENTATION (  '', ( #347 ), #2227 ) ;
#5272 = CARTESIAN_POINT ( 'NONE',  ( 1.249999999999997558, 5.200000000000001066, 0.6499999999999991340 ) ) ;
#5273 = EDGE_CURVE ( 'NONE', #5519, #4635, #3799, .T. ) ;
#5274 =( LENGTH_UNIT ( ) NAMED_UNIT ( * ) SI_UNIT ( .MILLI., .METRE. ) );
#5275 = COLOUR_RGB ( '',1.000000000000000000, 1.000000000000000000, 1.000000000000000000 ) ;
#5276 = CARTESIAN_POINT ( 'NONE',  ( -1.250000000000001998, -3.500000000000000000, 0.6499999999999991340 ) ) ;
#5277 = CARTESIAN_POINT ( 'NONE',  ( -6.600000000000001421, -2.200000000000000178, 0.6499999999999990230 ) ) ;
#5278 = PRESENTATION_LAYER_ASSIGNMENT (  '', '', ( #2521 ) ) ;
#5279 = EDGE_CURVE ( 'NONE', #126, #1575, #2760, .T. ) ;
#5280 =( NAMED_UNIT ( * ) SI_UNIT ( $, .STERADIAN. ) SOLID_ANGLE_UNIT ( ) );
#5281 = UNCERTAINTY_MEASURE_WITH_UNIT (LENGTH_MEASURE( 1.000000000000000082E-05 ), #2146, 'distance_accuracy_value', 'NONE');
#5282 = VECTOR ( 'NONE', #2708, 1000.000000000000000 ) ;
#5283 =( LENGTH_UNIT ( ) NAMED_UNIT ( * ) SI_UNIT ( .MILLI., .METRE. ) );
#5284 = CARTESIAN_POINT ( 'NONE',  ( 6.250000000000001776, -7.989949493661161917, 0.6499999999999991340 ) ) ;
#5285 = ORIENTED_EDGE ( 'NONE', *, *, #1028, .F. ) ;
#5286 = FACE_OUTER_BOUND ( 'NONE', #2417, .T. ) ;
#5287 = ORIENTED_EDGE ( 'NONE', *, *, #1270, .F. ) ;
#5288 = SURFACE_STYLE_USAGE ( .BOTH. , #5750 ) ;
#5289 = DIRECTION ( 'NONE',  ( -0.000000000000000000, -1.000000000000000000, -0.000000000000000000 ) ) ;
#5290 = FACE_OUTER_BOUND ( 'NONE', #367, .T. ) ;
#5291 = FILL_AREA_STYLE_COLOUR ( '', #3126 ) ;
#5292 = CARTESIAN_POINT ( 'NONE',  ( -5.887713296533387819, -0.6460043921074422046, 0.8493751545494178101 ) ) ;
#5293 = FACE_BOUND ( 'NONE', #574, .T. ) ;
#5294 = ORIENTED_EDGE ( 'NONE', *, *, #471, .F. ) ;
#5295 = ORIENTED_EDGE ( 'NONE', *, *, #108, .T. ) ;
#5296 = EDGE_CURVE ( 'NONE', #3802, #995, #3521, .T. ) ;
#5297 = SURFACE_STYLE_USAGE ( .BOTH. , #662 ) ;
#5298 = FACE_OUTER_BOUND ( 'NONE', #690, .T. ) ;
#5299 = CARTESIAN_POINT ( 'NONE',  ( -5.450000000000002842, 5.400000000000000355, 1.770000000000001794 ) ) ;
#5300 = ORIENTED_EDGE ( 'NONE', *, *, #3387, .F. ) ;
#5301 = PRESENTATION_STYLE_ASSIGNMENT (( #270 ) ) ;
#5302 = LINE ( 'NONE', #2100, #3608 ) ;
#5303 = EDGE_CURVE ( 'NONE', #2379, #1217, #2654, .T. ) ;
#5304 = CARTESIAN_POINT ( 'NONE',  ( 7.999999999999996447, 0.000000000000000000, -1.449999999999999067 ) ) ;
#5305 = FILL_AREA_STYLE_COLOUR ( '', #3794 ) ;
#5306 = ADVANCED_FACE ( 'NONE', ( #2685 ), #4501, .T. ) ;
#5307 = DIRECTION ( 'NONE',  ( 0.000000000000000000, 0.000000000000000000, -1.000000000000000000 ) ) ;
#5308 = PRESENTATION_STYLE_ASSIGNMENT (( #3517 ) ) ;
#5309 = LINE ( 'NONE', #5833, #1475 ) ;
#5310 = VERTEX_POINT ( 'NONE', #1321 ) ;
#5311 = PLANE ( 'NONE',  #5616 ) ;
#5312 = TOROIDAL_SURFACE ( 'NONE', #5017, 0.1499999999999989120, 0.2000000000000000111 ) ;
#5313 = CARTESIAN_POINT ( 'NONE',  ( 3.749999999999998224, 0.000000000000000000, 0.6499999999999991340 ) ) ;
#5314 = VECTOR ( 'NONE', #707, 1000.000000000000000 ) ;
#5315 = DIRECTION ( 'NONE',  ( 0.000000000000000000, 1.000000000000000000, 0.000000000000000000 ) ) ;
#5316 = DIRECTION ( 'NONE',  ( 0.000000000000000000, 0.000000000000000000, 1.000000000000000000 ) ) ;
#5317 = CARTESIAN_POINT ( 'NONE',  ( 6.249999999999998224, 1.900000000000000577, 0.6499999999999991340 ) ) ;
#5318 = STYLED_ITEM ( 'NONE', ( #4862 ), #961 ) ;
#5319 = ORIENTED_EDGE ( 'NONE', *, *, #5303, .F. ) ;
#5320 = STYLED_ITEM ( 'NONE', ( #4537 ), #2087 ) ;
#5321 = CARTESIAN_POINT ( 'NONE',  ( -6.250000000000001776, -0.5999999999999998668, 0.3000000000000002109 ) ) ;
#5322 = ORIENTED_EDGE ( 'NONE', *, *, #5608, .T. ) ;
#5323 = AXIS2_PLACEMENT_3D ( 'NONE', #800, #4423, #364 ) ;
#5324 = ORIENTED_EDGE ( 'NONE', *, *, #5767, .F. ) ;
#5325 = DIRECTION ( 'NONE',  ( 0.000000000000000000, -1.000000000000000000, -1.084202172485503571E-16 ) ) ;
#5326 = AXIS2_PLACEMENT_3D ( 'NONE', #2235, #4587, #4966 ) ;
#5327 = SURFACE_STYLE_FILL_AREA ( #2510 ) ;
#5328 = AXIS2_PLACEMENT_3D ( 'NONE', #5469, #52, #4674 ) ;
#5329 = ORIENTED_EDGE ( 'NONE', *, *, #5112, .T. ) ;
#5330 = CARTESIAN_POINT ( 'NONE',  ( -5.980707621212852487, -2.199999887382631858, 0.8811856441503037596 ) ) ;
#5331 = ADVANCED_FACE ( 'NONE', ( #4948 ), #1274, .T. ) ;
#5332 = VECTOR ( 'NONE', #2032, 1000.000000000000000 ) ;
#5333 = VECTOR ( 'NONE', #4536, 1000.000000000000000 ) ;
#5334 = CARTESIAN_POINT ( 'NONE',  ( 5.891093071942121284, -0.6350730874693225614, 0.7523581154817655658 ) ) ;
#5335 = COLOUR_RGB ( '',1.000000000000000000, 1.000000000000000000, 1.000000000000000000 ) ;
#5336 = CARTESIAN_POINT ( 'NONE',  ( -6.632447476850612311, -0.7407112674937826879, 0.8295252848930160239 ) ) ;
#5337 = AXIS2_PLACEMENT_3D ( 'NONE', #2965, #1990, #4784 ) ;
#5338 = EDGE_CURVE ( 'NONE', #3558, #5441, #3079, .T. ) ;
#5339 = MECHANICAL_DESIGN_GEOMETRIC_PRESENTATION_REPRESENTATION (  '', ( #4574 ), #3054 ) ;
#5340 = CARTESIAN_POINT ( 'NONE',  ( -6.700000000000001066, -1.399999999999999689, 0.8749999999999990008 ) ) ;
#5341 = VECTOR ( 'NONE', #5383, 1000.000000000000000 ) ;
#5342 =( LENGTH_UNIT ( ) NAMED_UNIT ( * ) SI_UNIT ( .MILLI., .METRE. ) );
#5343 = CARTESIAN_POINT ( 'NONE',  ( 3.749999999999998224, 5.400000000000000355, 0.5000000000000002220 ) ) ;
#5344 = CARTESIAN_POINT ( 'NONE',  ( 3.449999999999993072, -1.399999999999999689, 0.8749999999999990008 ) ) ;
#5345 = LINE ( 'NONE', #1689, #479 ) ;
#5346 = EDGE_CURVE ( 'NONE', #3615, #562, #1264, .T. ) ;
#5347 = CARTESIAN_POINT ( 'NONE',  ( -5.980707621213483094, -0.6000001126173690746, 0.8811856441508369997 ) ) ;
#5348 = EDGE_LOOP ( 'NONE', ( #2492, #2427, #5157, #1613 ) ) ;
#5349 = ORIENTED_EDGE ( 'NONE', *, *, #2271, .T. ) ;
#5350 = FACE_OUTER_BOUND ( 'NONE', #5171, .T. ) ;
#5351 = CIRCLE ( 'NONE', #3732, 0.3499999999999989786 ) ;
#5352 = ORIENTED_EDGE ( 'NONE', *, *, #1348, .F. ) ;
#5353 = DIRECTION ( 'NONE',  ( -0.000000000000000000, 1.000000000000000000, -0.000000000000000000 ) ) ;
#5354 = PRESENTATION_LAYER_ASSIGNMENT (  '', '', ( #3072 ) ) ;
#5355 = ORIENTED_EDGE ( 'NONE', *, *, #3704, .T. ) ;
#5356 = DIRECTION ( 'NONE',  ( -0.000000000000000000, -0.000000000000000000, 1.000000000000000000 ) ) ;
#5357 = MECHANICAL_DESIGN_GEOMETRIC_PRESENTATION_REPRESENTATION (  '', ( #4598 ), #2983 ) ;
#5358 = ADVANCED_FACE ( 'NONE', ( #4007 ), #5809, .T. ) ;
#5359 = CARTESIAN_POINT ( 'NONE',  ( 8.700000000000002842, 4.899999999999999467, -1.230000000000000648 ) ) ;
#5360 = DIRECTION ( 'NONE',  ( -0.7071067811865487940, -0.000000000000000000, -0.7071067811865463515 ) ) ;
#5361 = CARTESIAN_POINT ( 'NONE',  ( -1.250000000000001998, 5.200000000000001066, 0.5000000000000002220 ) ) ;
#5362 = COLOUR_RGB ( '',1.000000000000000000, 1.000000000000000000, 1.000000000000000000 ) ;
#5363 = ADVANCED_FACE ( 'NONE', ( #1300 ), #5064, .F. ) ;
#5364 = SURFACE_SIDE_STYLE ('',( #4893 ) ) ;
#5365 = DIRECTION ( 'NONE',  ( 0.000000000000000000, 0.000000000000000000, -1.000000000000000000 ) ) ;
#5366 = FACE_OUTER_BOUND ( 'NONE', #2522, .T. ) ;
#5367 = DIRECTION ( 'NONE',  ( 0.000000000000000000, 0.000000000000000000, 1.000000000000000000 ) ) ;
#5368 = FACE_OUTER_BOUND ( 'NONE', #5582, .T. ) ;
#5369 = CARTESIAN_POINT ( 'NONE',  ( 5.450000000000001954, 5.400000000000000355, 1.770000000000001572 ) ) ;
#5370 = ADVANCED_FACE ( 'NONE', ( #1324 ), #3165, .T. ) ;
#5371 =( NAMED_UNIT ( * ) SI_UNIT ( $, .STERADIAN. ) SOLID_ANGLE_UNIT ( ) );
#5372 =( GEOMETRIC_REPRESENTATION_CONTEXT ( 3 ) GLOBAL_UNCERTAINTY_ASSIGNED_CONTEXT ( ( #2094 ) ) GLOBAL_UNIT_ASSIGNED_CONTEXT ( ( #2358, #3278, #150 ) ) REPRESENTATION_CONTEXT ( 'NONE', 'WORKASPACE' ) );
#5373 = ORIENTED_EDGE ( 'NONE', *, *, #2858, .T. ) ;
#5374 =( NAMED_UNIT ( * ) PLANE_ANGLE_UNIT ( ) SI_UNIT ( $, .RADIAN. ) );
#5375 = DIRECTION ( 'NONE',  ( -1.000000000000000000, 0.000000000000000000, 0.000000000000000000 ) ) ;
#5376 = FILL_AREA_STYLE_COLOUR ( '', #1148 ) ;
#5377 = EDGE_CURVE ( 'NONE', #1488, #3365, #5005, .T. ) ;
#5378 = ORIENTED_EDGE ( 'NONE', *, *, #1431, .F. ) ;
#5379 = CARTESIAN_POINT ( 'NONE',  ( 6.250000000000001776, -2.199999999999999734, 0.3000000000000002109 ) ) ;
#5380 = CARTESIAN_POINT ( 'NONE',  ( -8.000000000000001776, 1.900000000000000577, 0.8700000000000014388 ) ) ;
#5381 = VERTEX_POINT ( 'NONE', #468 ) ;
#5382 = CARTESIAN_POINT ( 'NONE',  ( -6.250000000000001776, 0.1000000000000000056, 0.9999999999999981126 ) ) ;
#5383 = DIRECTION ( 'NONE',  ( -0.000000000000000000, 1.000000000000000000, -0.000000000000000000 ) ) ;
#5384 = CARTESIAN_POINT ( 'NONE',  ( 1.249999999999997558, -3.500000000000000000, 0.6499999999999991340 ) ) ;
#5385 = CARTESIAN_POINT ( 'NONE',  ( -6.250000000000001776, 0.000000000000000000, 0.3000000000000002109 ) ) ;
#5386 = LINE ( 'NONE', #5452, #1035 ) ;
#5387 = DIRECTION ( 'NONE',  ( -0.000000000000000000, -1.000000000000000000, -0.000000000000000000 ) ) ;
#5388 = CARTESIAN_POINT ( 'NONE',  ( 8.000000000000001776, 1.900000000000000577, 0.8700000000000014388 ) ) ;
#5389 = CARTESIAN_POINT ( 'NONE',  ( -5.981904867630913003, -0.5999999999999998668, 0.4249999999999991562 ) ) ;
#5390 = DIRECTION ( 'NONE',  ( -0.000000000000000000, 1.000000000000000000, -0.000000000000000000 ) ) ;
#5391 = EDGE_CURVE ( 'NONE', #2030, #2880, #5392, .T. ) ;
#5392 = LINE ( 'NONE', #4147, #2645 ) ;
#5393 = LINE ( 'NONE', #389, #1803 ) ;
#5394 = FACE_OUTER_BOUND ( 'NONE', #601, .T. ) ;
#5395 = AXIS2_PLACEMENT_3D ( 'NONE', #4745, #5090, #4718 ) ;
#5396 = ORIENTED_EDGE ( 'NONE', *, *, #1232, .F. ) ;
#5397 = CARTESIAN_POINT ( 'NONE',  ( -8.700000000000002842, 5.900000000000000355, -2.450000000000000622 ) ) ;
#5398 = DIRECTION ( 'NONE',  ( 0.000000000000000000, 0.000000000000000000, 1.000000000000000000 ) ) ;
#5399 = ORIENTED_EDGE ( 'NONE', *, *, #4208, .F. ) ;
#5400 = CIRCLE ( 'NONE', #2468, 0.3499999999999989786 ) ;
#5401 = EDGE_CURVE ( 'NONE', #995, #4205, #2738, .T. ) ;
#5402 = DIRECTION ( 'NONE',  ( -0.7071067811865477948, 0.000000000000000000, 0.7071067811865473507 ) ) ;
#5403 =( BOUNDED_SURFACE ( )  B_SPLINE_SURFACE ( 3, 2, ( 
 ( #5022, #4027, #4941 ),
 ( #2796, #3157, #2678 ),
 ( #3184, #58, #4076 ),
 ( #867, #4051, #4617 ) ),
 .UNSPECIFIED., .F., .F., .F. ) 
 B_SPLINE_SURFACE_WITH_KNOTS ( ( 4, 4 ),
 ( 3, 3 ),
 ( -2.740019801912068733E-06, 0.0002689158882195470624 ),
 ( 0.000000000000000000, 1.000000000000000000 ),
 .UNSPECIFIED. ) 
 GEOMETRIC_REPRESENTATION_ITEM ( )  RATIONAL_B_SPLINE_SURFACE ( (
 ( 1.000000000000000000, 1.000000000000000000, 1.000000000000000000),
 ( 1.000000000000000000, 0.9983343828585762303, 1.000000000000000000),
 ( 1.000000000000000000, 0.8988230139521520279, 1.000000000000000000),
 ( 1.000000000000000000, 0.8258888605168611674, 1.000000000000000000) ) ) 
 REPRESENTATION_ITEM ( '' )  SURFACE ( )  );
#5404 = CARTESIAN_POINT ( 'NONE',  ( 6.250000000000001776, -2.199999999999999734, 0.6499999999999991340 ) ) ;
#5405 = SURFACE_STYLE_FILL_AREA ( #2668 ) ;
#5406 = ORIENTED_EDGE ( 'NONE', *, *, #11, .T. ) ;
#5407 = CARTESIAN_POINT ( 'NONE',  ( 0.000000000000000000, -3.500000000000000000, 0.000000000000000000 ) ) ;
#5408 = VECTOR ( 'NONE', #641, 1000.000000000000000 ) ;
#5409 = PRESENTATION_LAYER_ASSIGNMENT (  '', '', ( #4653 ) ) ;
#5410 = EDGE_LOOP ( 'NONE', ( #3697, #5192 ) ) ;
#5411 = EDGE_CURVE ( 'NONE', #2470, #694, #4262, .T. ) ;
#5412 = TOROIDAL_SURFACE ( 'NONE', #4378, 0.1499999999999989120, 0.2000000000000000111 ) ;
#5413 = AXIS2_PLACEMENT_3D ( 'NONE', #4349, #5713, #5247 ) ;
#5414 = DIRECTION ( 'NONE',  ( 0.000000000000000000, 0.000000000000000000, -1.000000000000000000 ) ) ;
#5415 = FACE_BOUND ( 'NONE', #2252, .T. ) ;
#5416 = CARTESIAN_POINT ( 'NONE',  ( 7.999999999999996447, 0.000000000000000000, -1.449999999999999067 ) ) ;
#5417 = DIRECTION ( 'NONE',  ( 0.000000000000000000, 0.000000000000000000, -1.000000000000000000 ) ) ;
#5418 = AXIS2_PLACEMENT_3D ( 'NONE', #1140, #5677, #5270 ) ;
#5419 = AXIS2_PLACEMENT_3D ( 'NONE', #1107, #696, #1648 ) ;
#5420 = FACE_OUTER_BOUND ( 'NONE', #4302, .T. ) ;
#5421 = DIRECTION ( 'NONE',  ( 0.000000000000000000, -0.000000000000000000, 1.000000000000000000 ) ) ;
#5422 = DIRECTION ( 'NONE',  ( -4.625929269271485322E-15, -0.000000000000000000, 1.000000000000000000 ) ) ;
#5423 = CIRCLE ( 'NONE', #124, 3.249999999999999556 ) ;
#5424 = DIRECTION ( 'NONE',  ( 1.000000000000000000, 0.000000000000000000, -1.224646799147353207E-16 ) ) ;
#5425 = VECTOR ( 'NONE', #1543, 1000.000000000000000 ) ;
#5426 = PRESENTATION_LAYER_ASSIGNMENT (  '', '', ( #4864 ) ) ;
#5427 = CARTESIAN_POINT ( 'NONE',  ( -8.700000000000002842, 5.399999999999999467, -1.230000000000006199 ) ) ;
#5428 = CARTESIAN_POINT ( 'NONE',  ( -6.025926863196521488, -2.199999999999999734, 0.3811297164745641730 ) ) ;
#5429 = CARTESIAN_POINT ( 'NONE',  ( -8.000000000000001776, 5.900000000000000355, 0.000000000000000000 ) ) ;
#5430 = VERTEX_POINT ( 'NONE', #4526 ) ;
#5431 = DIRECTION ( 'NONE',  ( -0.000000000000000000, -1.000000000000000000, -0.000000000000000000 ) ) ;
#5432 = EDGE_CURVE ( 'NONE', #142, #1499, #4058, .T. ) ;
#5433 = CARTESIAN_POINT ( 'NONE',  ( -6.600000000000001421, -2.200000000000000178, 0.6499999999999990230 ) ) ;
#5434 = COLOUR_RGB ( '',1.000000000000000000, 1.000000000000000000, 1.000000000000000000 ) ;
#5435 = ORIENTED_EDGE ( 'NONE', *, *, #3550, .T. ) ;
#5436 = DIRECTION ( 'NONE',  ( 0.000000000000000000, 1.000000000000000000, 0.000000000000000000 ) ) ;
#5437 = CARTESIAN_POINT ( 'NONE',  ( -8.700000000000002842, 5.400000000000000355, -0.4300000000000061551 ) ) ;
#5438 = PLANE ( 'NONE',  #3128 ) ;
#5439 = ORIENTED_EDGE ( 'NONE', *, *, #1510, .F. ) ;
#5440 = PLANE ( 'NONE',  #350 ) ;
#5441 = VERTEX_POINT ( 'NONE', #994 ) ;
#5442 =( GEOMETRIC_REPRESENTATION_CONTEXT ( 3 ) GLOBAL_UNCERTAINTY_ASSIGNED_CONTEXT ( ( #1136 ) ) GLOBAL_UNIT_ASSIGNED_CONTEXT ( ( #4412, #1269, #815 ) ) REPRESENTATION_CONTEXT ( 'NONE', 'WORKASPACE' ) );
#5443 = B_SPLINE_CURVE_WITH_KNOTS ( 'NONE', 3,
 ( #697, #1228, #1699, #3002 ),
 .UNSPECIFIED., .F., .F.,
 ( 4, 4 ),
 ( 0.000000000000000000, 0.0001969895534202377311 ),
 .UNSPECIFIED. ) ;
#5444 = CARTESIAN_POINT ( 'NONE',  ( -5.900000121252831242, -0.5999995225669855214, 0.5058950770723109613 ) ) ;
#5445 = CARTESIAN_POINT ( 'NONE',  ( 5.891664269171876356, -0.6221194318499319031, 0.9075845877848978116 ) ) ;
#5446 =( NAMED_UNIT ( * ) PLANE_ANGLE_UNIT ( ) SI_UNIT ( $, .RADIAN. ) );
#5447 = EDGE_CURVE ( 'NONE', #38, #3558, #3688, .T. ) ;
#5448 = CIRCLE ( 'NONE', #2875, 0.1499999999999988842 ) ;
#5449 =( LENGTH_UNIT ( ) NAMED_UNIT ( * ) SI_UNIT ( .MILLI., .METRE. ) );
#5450 = DIRECTION ( 'NONE',  ( -0.000000000000000000, -0.000000000000000000, 1.000000000000000000 ) ) ;
#5451 = CARTESIAN_POINT ( 'NONE',  ( -6.634751733198991808, -0.7520367310672355643, 0.4249999999999991007 ) ) ;
#5452 = CARTESIAN_POINT ( 'NONE',  ( -7.999999999999996447, 1.000000000000000000, -1.230000000000000648 ) ) ;
#5453 = DIRECTION ( 'NONE',  ( 0.000000000000000000, -1.000000000000000000, 0.000000000000000000 ) ) ;
#5454 = EDGE_CURVE ( 'NONE', #2870, #1111, #2, .T. ) ;
#5455 = VECTOR ( 'NONE', #3214, 1000.000000000000000 ) ;
#5456 = VECTOR ( 'NONE', #2204, 1000.000000000000000 ) ;
#5457 = PRESENTATION_STYLE_ASSIGNMENT (( #1775 ) ) ;
#5458 = ORIENTED_EDGE ( 'NONE', *, *, #11, .F. ) ;
#5459 = VERTEX_POINT ( 'NONE', #1777 ) ;
#5460 = FACE_OUTER_BOUND ( 'NONE', #4952, .T. ) ;
#5461 =( NAMED_UNIT ( * ) SI_UNIT ( $, .STERADIAN. ) SOLID_ANGLE_UNIT ( ) );
#5462 = ORIENTED_EDGE ( 'NONE', *, *, #2244, .F. ) ;
#5463 = CARTESIAN_POINT ( 'NONE',  ( -8.000000000000001776, 1.900000000000000577, 0.8700000000000014388 ) ) ;
#5464 = ORIENTED_EDGE ( 'NONE', *, *, #1988, .T. ) ;
#5465 = CARTESIAN_POINT ( 'NONE',  ( 2.500000000000000000, -3.500000000000000000, 0.000000000000000000 ) ) ;
#5466 = ORIENTED_EDGE ( 'NONE', *, *, #828, .T. ) ;
#5467 = UNCERTAINTY_MEASURE_WITH_UNIT (LENGTH_MEASURE( 1.000000000000000082E-05 ), #3922, 'distance_accuracy_value', 'NONE');
#5468 = EDGE_CURVE ( 'NONE', #2925, #1437, #3582, .T. ) ;
#5469 = CARTESIAN_POINT ( 'NONE',  ( 6.249999999999998224, 0.1000000000000000056, 0.6499999999999991340 ) ) ;
#5470 = CARTESIAN_POINT ( 'NONE',  ( -6.518095132369091438, -2.199999999999999734, 0.8749999999999987788 ) ) ;
#5471 = PLANE ( 'NONE',  #2221 ) ;
#5472 = DIRECTION ( 'NONE',  ( 0.000000000000000000, 0.000000000000000000, 1.000000000000000000 ) ) ;
#5473 = ADVANCED_FACE ( 'NONE', ( #1357 ), #5630, .T. ) ;
#5474 = DIRECTION ( 'NONE',  ( 0.000000000000000000, -0.000000000000000000, -1.000000000000000000 ) ) ;
#5475 = CARTESIAN_POINT ( 'NONE',  ( 6.250000000000001776, 5.400000000000000355, 0.6499999999999991340 ) ) ;
#5476 = EDGE_CURVE ( 'NONE', #5441, #3458, #5110, .T. ) ;
#5477 = DIRECTION ( 'NONE',  ( -0.7071067811865487940, -0.000000000000000000, -0.7071067811865463515 ) ) ;
#5478 = VERTEX_POINT ( 'NONE', #123 ) ;
#5479 = ORIENTED_EDGE ( 'NONE', *, *, #622, .T. ) ;
#5480 = CARTESIAN_POINT ( 'NONE',  ( 5.869695336352060089, -2.069834632490731519, 0.7851033582446088621 ) ) ;
#5481 = DIRECTION ( 'NONE',  ( -0.7071067811865470176, 0.000000000000000000, 0.7071067811865480168 ) ) ;
#5482 = ORIENTED_EDGE ( 'NONE', *, *, #2322, .T. ) ;
#5483 = SURFACE_STYLE_USAGE ( .BOTH. , #4577 ) ;
#5484 = VERTEX_POINT ( 'NONE', #4235 ) ;
#5485 = CARTESIAN_POINT ( 'NONE',  ( 8.699999999999995737, 0.1000000000000000056, 1.230660171779828671 ) ) ;
#5486 = ORIENTED_EDGE ( 'NONE', *, *, #5763, .F. ) ;
#5487 = CARTESIAN_POINT ( 'NONE',  ( -5.865168364355077379, -0.7524295771151383594, 0.4234043363144970873 ) ) ;
#5488 = VECTOR ( 'NONE', #5498, 1000.000000000000000 ) ;
#5489 =( NAMED_UNIT ( * ) PLANE_ANGLE_UNIT ( ) SI_UNIT ( $, .RADIAN. ) );
#5490 = AXIS2_PLACEMENT_3D ( 'NONE', #4011, #3556, #1750 ) ;
#5491 =( GEOMETRIC_REPRESENTATION_CONTEXT ( 3 ) GLOBAL_UNCERTAINTY_ASSIGNED_CONTEXT ( ( #181 ) ) GLOBAL_UNIT_ASSIGNED_CONTEXT ( ( #1294, #2982, #5280 ) ) REPRESENTATION_CONTEXT ( 'NONE', 'WORKASPACE' ) );
#5492 = EDGE_LOOP ( 'NONE', ( #433, #5815, #3467, #1844, #4848 ) ) ;
#5493 = CIRCLE ( 'NONE', #1413, 0.3500000000000006994 ) ;
#5494 = CARTESIAN_POINT ( 'NONE',  ( 8.699999999999995737, 0.1000000000000000056, 0.2699999999999974643 ) ) ;
#5495 = EDGE_CURVE ( 'NONE', #3108, #5661, #1704, .T. ) ;
#5496 = CARTESIAN_POINT ( 'NONE',  ( -8.700000000000002842, 0.000000000000000000, 2.449999999999999734 ) ) ;
#5497 = VECTOR ( 'NONE', #4638, 1000.000000000000000 ) ;
#5498 = DIRECTION ( 'NONE',  ( -1.000000000000000000, -0.000000000000000000, -0.000000000000000000 ) ) ;
#5499 = PLANE ( 'NONE',  #390 ) ;
#5500 = AXIS2_PLACEMENT_3D ( 'NONE', #5155, #4716, #245 ) ;
#5501 = DIRECTION ( 'NONE',  ( -0.7071067811865487940, -0.000000000000000000, 0.7071067811865463515 ) ) ;
#5502 =( GEOMETRIC_REPRESENTATION_CONTEXT ( 3 ) GLOBAL_UNCERTAINTY_ASSIGNED_CONTEXT ( ( #2035 ) ) GLOBAL_UNIT_ASSIGNED_CONTEXT ( ( #368, #5760, #4016 ) ) REPRESENTATION_CONTEXT ( 'NONE', 'WORKASPACE' ) );
#5503 = ORIENTED_EDGE ( 'NONE', *, *, #1226, .F. ) ;
#5504 = ORIENTED_EDGE ( 'NONE', *, *, #1115, .T. ) ;
#5505 = FACE_OUTER_BOUND ( 'NONE', #4481, .T. ) ;
#5506 = EDGE_LOOP ( 'NONE', ( #3646, #4832 ) ) ;
#5507 = CIRCLE ( 'NONE', #5041, 0.3499999999999989231 ) ;
#5508 = ADVANCED_FACE ( 'NONE', ( #3854 ), #1167, .T. ) ;
#5509 = PLANE ( 'NONE',  #1429 ) ;
#5510 = AXIS2_PLACEMENT_3D ( 'NONE', #2721, #5402, #1336 ) ;
#5511 = ORIENTED_EDGE ( 'NONE', *, *, #291, .F. ) ;
#5512 = FILL_AREA_STYLE_COLOUR ( '', #4010 ) ;
#5513 = LINE ( 'NONE', #511, #2290 ) ;
#5514 = ORIENTED_EDGE ( 'NONE', *, *, #1553, .T. ) ;
#5515 = CIRCLE ( 'NONE', #870, 0.3499999999999987566 ) ;
#5516 = DIRECTION ( 'NONE',  ( 0.000000000000000000, 0.000000000000000000, -1.000000000000000000 ) ) ;
#5517 = ORIENTED_EDGE ( 'NONE', *, *, #4679, .F. ) ;
#5518 = ORIENTED_EDGE ( 'NONE', *, *, #4554, .T. ) ;
#5519 = VERTEX_POINT ( 'NONE', #2398 ) ;
#5520 = VECTOR ( 'NONE', #3579, 1000.000000000000000 ) ;
#5521 = UNCERTAINTY_MEASURE_WITH_UNIT (LENGTH_MEASURE( 1.000000000000000082E-05 ), #3261, 'distance_accuracy_value', 'NONE');
#5522 = LINE ( 'NONE', #1455, #4465 ) ;
#5523 = DIRECTION ( 'NONE',  ( -0.000000000000000000, -1.000000000000000000, -0.000000000000000000 ) ) ;
#5524 = CARTESIAN_POINT ( 'NONE',  ( -5.981904867630913003, -0.5999999999999998668, 0.8749999999999990008 ) ) ;
#5525 = ORIENTED_EDGE ( 'NONE', *, *, #1484, .T. ) ;
#5526 = CARTESIAN_POINT ( 'NONE',  ( 5.450000000000001954, 1.900000000000000577, 1.770000000000001572 ) ) ;
#5527 = ADVANCED_FACE ( 'NONE', ( #3379 ), #1119, .F. ) ;
#5528 = CIRCLE ( 'NONE', #145, 0.1999999999999999833 ) ;
#5529 = FACE_OUTER_BOUND ( 'NONE', #1088, .T. ) ;
#5530 = CARTESIAN_POINT ( 'NONE',  ( -8.000000000000001776, 2.599999999999994760, 1.569999999999995843 ) ) ;
#5531 = COLOUR_RGB ( '',1.000000000000000000, 1.000000000000000000, 1.000000000000000000 ) ;
#5532 = EDGE_CURVE ( 'NONE', #1695, #371, #1895, .T. ) ;
#5533 = CARTESIAN_POINT ( 'NONE',  ( 6.519292378786524012, -0.6000001126173691857, 0.4188143558491631002 ) ) ;
#5534 = ORIENTED_EDGE ( 'NONE', *, *, #1306, .T. ) ;
#5535 =( NAMED_UNIT ( * ) SI_UNIT ( $, .STERADIAN. ) SOLID_ANGLE_UNIT ( ) );
#5536 = AXIS2_PLACEMENT_3D ( 'NONE', #4865, #792, #2602 ) ;
#5537 = ORIENTED_EDGE ( 'NONE', *, *, #1837, .T. ) ;
#5538 = CARTESIAN_POINT ( 'NONE',  ( 6.608906927537820053, -2.164926914042566874, 0.5476418831605766036 ) ) ;
#5539 = VERTEX_POINT ( 'NONE', #3757 ) ;
#5540 = CARTESIAN_POINT ( 'NONE',  ( 8.000000000000003553, 5.900000000000000355, 0.06999999999999476086 ) ) ;
#5541 = PRESENTATION_LAYER_ASSIGNMENT (  '', '', ( #163 ) ) ;
#5542 = EDGE_CURVE ( 'NONE', #558, #4086, #5633, .T. ) ;
#5543 =( NAMED_UNIT ( * ) SI_UNIT ( $, .STERADIAN. ) SOLID_ANGLE_UNIT ( ) );
#5544 = ORIENTED_EDGE ( 'NONE', *, *, #4823, .T. ) ;
#5545 = FACE_OUTER_BOUND ( 'NONE', #2034, .T. ) ;
#5546 = LINE ( 'NONE', #1481, #4449 ) ;
#5547 = VECTOR ( 'NONE', #2775, 1000.000000000000000 ) ;
#5548 = ORIENTED_EDGE ( 'NONE', *, *, #2460, .F. ) ;
#5549 = ORIENTED_EDGE ( 'NONE', *, *, #5201, .F. ) ;
#5550 = ORIENTED_EDGE ( 'NONE', *, *, #5660, .T. ) ;
#5551 = VECTOR ( 'NONE', #5597, 1000.000000000000000 ) ;
#5552 = EDGE_CURVE ( 'NONE', #4205, #2092, #5218, .T. ) ;
#5553 = CARTESIAN_POINT ( 'NONE',  ( 6.608659998531062563, -0.6340987442160518350, 0.6806798721018991749 ) ) ;
#5554 = SURFACE_STYLE_USAGE ( .BOTH. , #4254 ) ;
#5555 = ORIENTED_EDGE ( 'NONE', *, *, #1670, .F. ) ;
#5556 =( NAMED_UNIT ( * ) PLANE_ANGLE_UNIT ( ) SI_UNIT ( $, .RADIAN. ) );
#5557 = DIRECTION ( 'NONE',  ( -0.000000000000000000, -0.000000000000000000, -1.000000000000000000 ) ) ;
#5558 = SURFACE_STYLE_FILL_AREA ( #2044 ) ;
#5559 = DIRECTION ( 'NONE',  ( -1.000000000000000000, 0.000000000000000000, 0.000000000000000000 ) ) ;
#5560 = DIRECTION ( 'NONE',  ( -0.000000000000000000, -1.000000000000000000, -0.000000000000000000 ) ) ;
#5561 = CARTESIAN_POINT ( 'NONE',  ( -3.750000000000002220, -3.299999999999999822, 0.5000000000000002220 ) ) ;
#5562 = VERTEX_POINT ( 'NONE', #2924 ) ;
#5563 = ORIENTED_EDGE ( 'NONE', *, *, #2480, .T. ) ;
#5564 = SURFACE_SIDE_STYLE ('',( #1441 ) ) ;
#5565 = ORIENTED_EDGE ( 'NONE', *, *, #2849, .F. ) ;
#5566 =( LENGTH_UNIT ( ) NAMED_UNIT ( * ) SI_UNIT ( .MILLI., .METRE. ) );
#5567 = FILL_AREA_STYLE_COLOUR ( '', #1418 ) ;
#5568 = CARTESIAN_POINT ( 'NONE',  ( -8.700000000000002842, 5.900000000000000355, -2.450000000000000622 ) ) ;
#5569 = ADVANCED_FACE ( 'NONE', ( #5123 ), #5312, .T. ) ;
#5570 = ORIENTED_EDGE ( 'NONE', *, *, #4609, .F. ) ;
#5571 =( NAMED_UNIT ( * ) PLANE_ANGLE_UNIT ( ) SI_UNIT ( $, .RADIAN. ) );
#5572 = DIRECTION ( 'NONE',  ( 0.000000000000000000, -0.000000000000000000, -1.000000000000000000 ) ) ;
#5573 = DIRECTION ( 'NONE',  ( -0.000000000000000000, 0.000000000000000000, -1.000000000000000000 ) ) ;
#5574 = VERTEX_POINT ( 'NONE', #3826 ) ;
#5575 = PRESENTATION_STYLE_ASSIGNMENT (( #1031 ) ) ;
#5576 = CARTESIAN_POINT ( 'NONE',  ( -6.250000000000001776, 5.200000000000001066, 0.7999999999999979350 ) ) ;
#5577 = EDGE_CURVE ( 'NONE', #5478, #999, #1792, .T. ) ;
#5578 = ORIENTED_EDGE ( 'NONE', *, *, #4407, .F. ) ;
#5579 = UNCERTAINTY_MEASURE_WITH_UNIT (LENGTH_MEASURE( 1.000000000000000082E-05 ), #5028, 'distance_accuracy_value', 'NONE');
#5580 = CARTESIAN_POINT ( 'NONE',  ( -3.750000000000002220, -3.299999999999999822, 0.6499999999999991340 ) ) ;
#5581 = VECTOR ( 'NONE', #2273, 1000.000000000000000 ) ;
#5582 = EDGE_LOOP ( 'NONE', ( #5295, #2321, #5203, #1497 ) ) ;
#5583 = CIRCLE ( 'NONE', #3025, 0.3499999999999987566 ) ;
#5584 = EDGE_CURVE ( 'NONE', #527, #709, #1233, .T. ) ;
#5585 = AXIS2_PLACEMENT_3D ( 'NONE', #5003, #2305, #4297 ) ;
#5586 = STYLED_ITEM ( 'NONE', ( #3553 ), #1969 ) ;
#5587 = DIRECTION ( 'NONE',  ( 0.000000000000000000, -0.000000000000000000, -1.000000000000000000 ) ) ;
#5588 = SURFACE_STYLE_USAGE ( .BOTH. , #4170 ) ;
#5589 = LINE ( 'NONE', #5628, #4339 ) ;
#5590 = CIRCLE ( 'NONE', #5691, 0.3499999999999989231 ) ;
#5591 = AXIS2_PLACEMENT_3D ( 'NONE', #2119, #2707, #3213 ) ;
#5592 = DIRECTION ( 'NONE',  ( 1.000000000000000000, -0.000000000000000000, 1.224646799147353207E-16 ) ) ;
#5593 = AXIS2_PLACEMENT_3D ( 'NONE', #3154, #4023, #4546 ) ;
#5594 = CARTESIAN_POINT ( 'NONE',  ( 5.865248266801011745, -2.047963268932763370, 0.4249999999999991007 ) ) ;
#5595 = VERTEX_POINT ( 'NONE', #674 ) ;
#5596 = TOROIDAL_SURFACE ( 'NONE', #4384, 0.1499999999999989120, 0.2000000000000000111 ) ;
#5597 = DIRECTION ( 'NONE',  ( -0.000000000000000000, -1.000000000000000000, -0.000000000000000000 ) ) ;
#5598 = ORIENTED_EDGE ( 'NONE', *, *, #5011, .T. ) ;
#5599 = CARTESIAN_POINT ( 'NONE',  ( -2.950000000000002842, 1.900000000000000577, 1.770000000000001794 ) ) ;
#5600 = DIRECTION ( 'NONE',  ( 0.000000000000000000, 0.000000000000000000, 1.000000000000000000 ) ) ;
#5601 = ORIENTED_EDGE ( 'NONE', *, *, #5532, .T. ) ;
#5602 = AXIS2_PLACEMENT_3D ( 'NONE', #605, #2820, #2916 ) ;
#5603 = CIRCLE ( 'NONE', #4670, 0.3499999999999998113 ) ;
#5604 =( NAMED_UNIT ( * ) SI_UNIT ( $, .STERADIAN. ) SOLID_ANGLE_UNIT ( ) );
#5605 = EDGE_CURVE ( 'NONE', #5067, #1338, #615, .T. ) ;
#5606 = AXIS2_PLACEMENT_3D ( 'NONE', #5272, #2717, #5398 ) ;
#5607 = PLANE ( 'NONE',  #3336 ) ;
#5608 = EDGE_CURVE ( 'NONE', #317, #2876, #1991, .T. ) ;
#5609 = CARTESIAN_POINT ( 'NONE',  ( 5.900000000000002132, -0.6000000000000005329, 0.6499999999999991340 ) ) ;
#5610 = ORIENTED_EDGE ( 'NONE', *, *, #822, .F. ) ;
#5611 = CARTESIAN_POINT ( 'NONE',  ( -3.750000000000002220, -7.989949493661161917, 0.6499999999999991340 ) ) ;
#5612 = EDGE_LOOP ( 'NONE', ( #647, #1882, #672, #3729, #1066, #5548 ) ) ;
#5613 = ORIENTED_EDGE ( 'NONE', *, *, #1748, .F. ) ;
#5614 = VECTOR ( 'NONE', #3444, 1000.000000000000000 ) ;
#5615 = ORIENTED_EDGE ( 'NONE', *, *, #3185, .T. ) ;
#5616 = AXIS2_PLACEMENT_3D ( 'NONE', #358, #2684, #842 ) ;
#5617 = ADVANCED_FACE ( 'NONE', ( #1568 ), #1019, .F. ) ;
#5618 = FILL_AREA_STYLE_COLOUR ( '', #121 ) ;
#5619 = DIRECTION ( 'NONE',  ( 0.000000000000000000, 0.000000000000000000, -1.000000000000000000 ) ) ;
#5620 = ORIENTED_EDGE ( 'NONE', *, *, #5577, .F. ) ;
#5621 = CARTESIAN_POINT ( 'NONE',  ( 6.250000000000001776, 5.200000000000001066, 0.7999999999999979350 ) ) ;
#5622 = CARTESIAN_POINT ( 'NONE',  ( 5.865248266801011745, -0.7520367310672358974, 0.4249999999999991007 ) ) ;
#5623 = VECTOR ( 'NONE', #330, 1000.000000000000000 ) ;
#5624 = EDGE_CURVE ( 'NONE', #460, #3783, #4830, .T. ) ;
#5625 = CARTESIAN_POINT ( 'NONE',  ( 5.000000000000000000, -3.500000000000000000, 0.000000000000000000 ) ) ;
#5626 = DIRECTION ( 'NONE',  ( 0.000000000000000000, 0.000000000000000000, -1.000000000000000000 ) ) ;
#5627 = CARTESIAN_POINT ( 'NONE',  ( -6.612286703466067728, -0.6460043921047868842, 0.4506248454442837725 ) ) ;
#5628 = CARTESIAN_POINT ( 'NONE',  ( -8.000000000000001776, 1.900000000000000577, 0.8700000000000014388 ) ) ;
#5629 = UNCERTAINTY_MEASURE_WITH_UNIT (LENGTH_MEASURE( 1.000000000000000082E-05 ), #5283, 'distance_accuracy_value', 'NONE');
#5630 =( BOUNDED_SURFACE ( )  B_SPLINE_SURFACE ( 3, 2, ( 
 ( #2688, #2711, #1402 ),
 ( #3221, #449, #1801 ),
 ( #3611, #5032, #962 ),
 ( #5428, #526, #2771 ) ),
 .UNSPECIFIED., .F., .F., .T. ) 
 B_SPLINE_SURFACE_WITH_KNOTS ( ( 4, 4 ),
 ( 3, 3 ),
 ( -2.740019801912834450E-06, 0.0002689158882195610487 ),
 ( 0.000000000000000000, 1.000000000000000000 ),
 .UNSPECIFIED. ) 
 GEOMETRIC_REPRESENTATION_ITEM ( )  RATIONAL_B_SPLINE_SURFACE ( (
 ( 1.000000000000000000, 1.000000000000000000, 1.000000000000000000),
 ( 1.000000000000000000, 0.9983343828585841129, 1.000000000000000000),
 ( 1.000000000000000000, 0.8988230139521401485, 1.000000000000000000),
 ( 1.000000000000000000, 0.8258888605168610564, 1.000000000000000000) ) ) 
 REPRESENTATION_ITEM ( '' )  SURFACE ( )  );
#5631 = AXIS2_PLACEMENT_3D ( 'NONE', #2048, #3850, #4717 ) ;
#5632 = ADVANCED_FACE ( 'NONE', ( #1187 ), #353, .T. ) ;
#5633 = LINE ( 'NONE', #3303, #3120 ) ;
#5634 = ORIENTED_EDGE ( 'NONE', *, *, #1837, .F. ) ;
#5635 = SURFACE_SIDE_STYLE ('',( #2054 ) ) ;
#5636 = ORIENTED_EDGE ( 'NONE', *, *, #4273, .F. ) ;
#5637 = ORIENTED_EDGE ( 'NONE', *, *, #2858, .F. ) ;
#5638 = CARTESIAN_POINT ( 'NONE',  ( 6.249999999999998224, 0.1000000000000000056, 0.9999999999999997780 ) ) ;
#5639 = DIRECTION ( 'NONE',  ( 1.000000000000000000, -0.000000000000000000, -0.000000000000000000 ) ) ;
#5640 = STYLED_ITEM ( 'NONE', ( #503 ), #3268 ) ;
#5641 = DIRECTION ( 'NONE',  ( -0.000000000000000000, 1.000000000000000000, -0.000000000000000000 ) ) ;
#5642 = AXIS2_PLACEMENT_3D ( 'NONE', #2109, #1319, #3971 ) ;
#5643 = LINE ( 'NONE', #4277, #2582 ) ;
#5644 = ORIENTED_EDGE ( 'NONE', *, *, #4490, .T. ) ;
#5645 = FACE_OUTER_BOUND ( 'NONE', #2605, .T. ) ;
#5646 = VECTOR ( 'NONE', #3292, 1000.000000000000000 ) ;
#5647 = VERTEX_POINT ( 'NONE', #2081 ) ;
#5648 = ORIENTED_EDGE ( 'NONE', *, *, #5432, .F. ) ;
#5649 = UNCERTAINTY_MEASURE_WITH_UNIT (LENGTH_MEASURE( 1.000000000000000082E-05 ), #4622, 'distance_accuracy_value', 'NONE');
#5650 = SURFACE_SIDE_STYLE ('',( #2945 ) ) ;
#5651 = STYLED_ITEM ( 'NONE', ( #3531 ), #3994 ) ;
#5652 = FILL_AREA_STYLE_COLOUR ( '', #2231 ) ;
#5653 = DIRECTION ( 'NONE',  ( 0.000000000000000000, 0.000000000000000000, -1.000000000000000000 ) ) ;
#5654 = CARTESIAN_POINT ( 'NONE',  ( -8.700000000000002842, 5.399999999999999467, -1.230000000000006199 ) ) ;
#5655 = EDGE_CURVE ( 'NONE', #1511, #4625, #5400, .T. ) ;
#5656 =( GEOMETRIC_REPRESENTATION_CONTEXT ( 3 ) GLOBAL_UNCERTAINTY_ASSIGNED_CONTEXT ( ( #3393 ) ) GLOBAL_UNIT_ASSIGNED_CONTEXT ( ( #1574, #5858, #3102 ) ) REPRESENTATION_CONTEXT ( 'NONE', 'WORKASPACE' ) );
#5657 = EDGE_LOOP ( 'NONE', ( #5329, #4248, #4177, #3960, #1919, #2999, #1157 ) ) ;
#5658 = COLOUR_RGB ( '',1.000000000000000000, 1.000000000000000000, 1.000000000000000000 ) ;
#5659 = SURFACE_STYLE_FILL_AREA ( #1980 ) ;
#5660 = EDGE_CURVE ( 'NONE', #2880, #1932, #3884, .T. ) ;
#5661 = VERTEX_POINT ( 'NONE', #5745 ) ;
#5662 = DIRECTION ( 'NONE',  ( -1.000000000000000000, -0.000000000000000000, -0.000000000000000000 ) ) ;
#5663 = ORIENTED_EDGE ( 'NONE', *, *, #3006, .T. ) ;
#5664 = FILL_AREA_STYLE_COLOUR ( '', #1966 ) ;
#5665 = ORIENTED_EDGE ( 'NONE', *, *, #3316, .F. ) ;
#5666 =( LENGTH_UNIT ( ) NAMED_UNIT ( * ) SI_UNIT ( .MILLI., .METRE. ) );
#5667 = DIRECTION ( 'NONE',  ( 0.7071067811865470176, 0.000000000000000000, -0.7071067811865480168 ) ) ;
#5668 = EDGE_CURVE ( 'NONE', #2546, #3497, #2163, .T. ) ;
#5669 = FACE_OUTER_BOUND ( 'NONE', #566, .T. ) ;
#5670 = DIRECTION ( 'NONE',  ( 0.000000000000000000, 0.000000000000000000, 1.000000000000000000 ) ) ;
#5671 = ORIENTED_EDGE ( 'NONE', *, *, #5401, .T. ) ;
#5672 =( LENGTH_UNIT ( ) NAMED_UNIT ( * ) SI_UNIT ( .MILLI., .METRE. ) );
#5673 = ORIENTED_EDGE ( 'NONE', *, *, #3770, .T. ) ;
#5674 = EDGE_LOOP ( 'NONE', ( #4703, #5518, #812 ) ) ;
#5675 = PRESENTATION_STYLE_ASSIGNMENT (( #5240 ) ) ;
#5676 = LINE ( 'NONE', #345, #1202 ) ;
#5677 = DIRECTION ( 'NONE',  ( -0.000000000000000000, 1.000000000000000000, -0.000000000000000000 ) ) ;
#5678 = CARTESIAN_POINT ( 'NONE',  ( 3.749999999999998224, 5.400000000000000355, 0.6499999999999991340 ) ) ;
#5679 = CARTESIAN_POINT ( 'NONE',  ( -8.700000000000002842, 5.400000000000000355, -0.4300000000000061551 ) ) ;
#5680 = SURFACE_SIDE_STYLE ('',( #669 ) ) ;
#5681 = LINE ( 'NONE', #2893, #5408 ) ;
#5682 = ADVANCED_FACE ( 'NONE', ( #3465 ), #734, .F. ) ;
#5683 = MECHANICAL_DESIGN_GEOMETRIC_PRESENTATION_REPRESENTATION (  '', ( #378 ), #1891 ) ;
#5684 =( NAMED_UNIT ( * ) SI_UNIT ( $, .STERADIAN. ) SOLID_ANGLE_UNIT ( ) );
#5685 = ORIENTED_EDGE ( 'NONE', *, *, #918, .F. ) ;
#5686 = DIRECTION ( 'NONE',  ( -0.000000000000000000, 1.000000000000000000, 0.000000000000000000 ) ) ;
#5687 = VERTEX_POINT ( 'NONE', #5804 ) ;
#5688 = CARTESIAN_POINT ( 'NONE',  ( 2.499999999999998668, 5.400000000000000355, 1.320000000000001616 ) ) ;
#5689 = ORIENTED_EDGE ( 'NONE', *, *, #306, .T. ) ;
#5690 = SURFACE_STYLE_USAGE ( .BOTH. , #621 ) ;
#5691 = AXIS2_PLACEMENT_3D ( 'NONE', #3339, #1978, #4326 ) ;
#5692 = DIRECTION ( 'NONE',  ( 0.000000000000000000, 0.000000000000000000, 1.000000000000000000 ) ) ;
#5693 = LINE ( 'NONE', #4397, #3622 ) ;
#5694 = AXIS2_PLACEMENT_3D ( 'NONE', #729, #3429, #1680 ) ;
#5695 = DIRECTION ( 'NONE',  ( 0.000000000000000000, 0.000000000000000000, -1.000000000000000000 ) ) ;
#5696 = EDGE_CURVE ( 'NONE', #2363, #512, #3917, .T. ) ;
#5697 = ORIENTED_EDGE ( 'NONE', *, *, #291, .T. ) ;
#5698 = DIRECTION ( 'NONE',  ( -0.000000000000000000, 1.000000000000000000, -0.000000000000000000 ) ) ;
#5699 = PRESENTATION_LAYER_ASSIGNMENT (  '', '', ( #3610 ) ) ;
#5700 = B_SPLINE_CURVE_WITH_KNOTS ( 'NONE', 3,
 ( #4224, #3771, #1422, #2351, #5553, #634 ),
 .UNSPECIFIED., .F., .F.,
 ( 4, 2, 4 ),
 ( 1.084202172485504434E-19, 0.0001400384557297711845, 0.0002800769114595422606 ),
 .UNSPECIFIED. ) ;
#5701 = EDGE_LOOP ( 'NONE', ( #1868, #5322, #170, #158 ) ) ;
#5702 = ORIENTED_EDGE ( 'NONE', *, *, #3405, .T. ) ;
#5703 = UNCERTAINTY_MEASURE_WITH_UNIT (LENGTH_MEASURE( 1.000000000000000082E-05 ), #1099, 'distance_accuracy_value', 'NONE');
#5704 = CARTESIAN_POINT ( 'NONE',  ( 5.878532046106205833, -0.6867467043110404568, 0.8749999999999987788 ) ) ;
#5705 = EDGE_CURVE ( 'NONE', #4045, #2085, #5718, .T. ) ;
#5706 = AXIS2_PLACEMENT_3D ( 'NONE', #5043, #2345, #1936 ) ;
#5707 = FACE_OUTER_BOUND ( 'NONE', #4119, .T. ) ;
#5708 = CARTESIAN_POINT ( 'NONE',  ( 1.249999999999997558, 5.400000000000000355, 0.6499999999999991340 ) ) ;
#5709 = DIRECTION ( 'NONE',  ( -0.000000000000000000, 0.000000000000000000, 1.000000000000000000 ) ) ;
#5710 = VECTOR ( 'NONE', #726, 1000.000000000000000 ) ;
#5711 = ORIENTED_EDGE ( 'NONE', *, *, #1007, .F. ) ;
#5712 = CARTESIAN_POINT ( 'NONE',  ( -5.891664269171874579, -2.177880568150067919, 0.9075845877848978116 ) ) ;
#5713 = DIRECTION ( 'NONE',  ( -0.000000000000000000, -0.000000000000000000, -1.000000000000000000 ) ) ;
#5714 = DIRECTION ( 'NONE',  ( 1.000000000000000000, 1.548860246407863336E-16, 0.000000000000000000 ) ) ;
#5715 = CARTESIAN_POINT ( 'NONE',  ( 5.891093071994673025, -2.164926912507270096, 0.5476418845276692648 ) ) ;
#5716 = MECHANICAL_DESIGN_GEOMETRIC_PRESENTATION_REPRESENTATION (  '', ( #1827 ), #2673 ) ;
#5717 = CARTESIAN_POINT ( 'NONE',  ( -8.700000000000002842, 1.000000000000000000, 0.2699999999999994071 ) ) ;
#5718 = LINE ( 'NONE', #869, #5488 ) ;
#5719 = ORIENTED_EDGE ( 'NONE', *, *, #1956, .F. ) ;
#5720 = CARTESIAN_POINT ( 'NONE',  ( -8.700000000000002842, 5.900000000000000355, 2.449999999999999734 ) ) ;
#5721 = ORIENTED_EDGE ( 'NONE', *, *, #4684, .F. ) ;
#5722 = CARTESIAN_POINT ( 'NONE',  ( -0.4500000000000025091, 1.900000000000000577, 1.770000000000001794 ) ) ;
#5723 = ORIENTED_EDGE ( 'NONE', *, *, #1364, .F. ) ;
#5724 = CARTESIAN_POINT ( 'NONE',  ( -6.250000000000001776, 5.400000000000000355, 0.5000000000000002220 ) ) ;
#5725 = CARTESIAN_POINT ( 'NONE',  ( 6.600000000000001421, -0.5999999999999998668, 0.6499999999999991340 ) ) ;
#5726 = EDGE_CURVE ( 'NONE', #4663, #4086, #1398, .T. ) ;
#5727 = CARTESIAN_POINT ( 'NONE',  ( 8.000000000000001776, 5.900000000000000355, 0.8700000000000014388 ) ) ;
#5728 = DIRECTION ( 'NONE',  ( 0.000000000000000000, 1.000000000000000000, 0.000000000000000000 ) ) ;
#5729 = PLANE ( 'NONE',  #3991 ) ;
#5730 = STYLED_ITEM ( 'NONE', ( #1766 ), #4616 ) ;
#5731 = VERTEX_POINT ( 'NONE', #4471 ) ;
#5732 = DIRECTION ( 'NONE',  ( -1.000000000000000000, -0.000000000000000000, -0.000000000000000000 ) ) ;
#5733 = ORIENTED_EDGE ( 'NONE', *, *, #4916, .F. ) ;
#5734 = ORIENTED_EDGE ( 'NONE', *, *, #1007, .T. ) ;
#5735 = EDGE_CURVE ( 'NONE', #805, #3945, #1902, .T. ) ;
#5736 = AXIS2_PLACEMENT_3D ( 'NONE', #3978, #3107, #3557 ) ;
#5737 =( LENGTH_UNIT ( ) NAMED_UNIT ( * ) SI_UNIT ( .MILLI., .METRE. ) );
#5738 = DIRECTION ( 'NONE',  ( -0.000000000000000000, 1.000000000000000000, -0.000000000000000000 ) ) ;
#5739 = ADVANCED_FACE ( 'NONE', ( #4521 ), #3216, .T. ) ;
#5740 = PRESENTATION_LAYER_ASSIGNMENT (  '', '', ( #5175 ) ) ;
#5741 = DIRECTION ( 'NONE',  ( 0.000000000000000000, 1.000000000000000000, 0.000000000000000000 ) ) ;
#5742 = CARTESIAN_POINT ( 'NONE',  ( 1.249999999999997558, 0.1000000000000000056, 0.9999999999999988898 ) ) ;
#5743 = UNCERTAINTY_MEASURE_WITH_UNIT (LENGTH_MEASURE( 1.000000000000000082E-05 ), #1665, 'distance_accuracy_value', 'NONE');
#5744 = VECTOR ( 'NONE', #4031, 1000.000000000000000 ) ;
#5745 = CARTESIAN_POINT ( 'NONE',  ( -3.750000000000002220, -3.500000000000000000, 0.5000000000000002220 ) ) ;
#5746 = DIRECTION ( 'NONE',  ( 0.000000000000000000, 1.000000000000000000, 0.000000000000000000 ) ) ;
#5747 = VERTEX_POINT ( 'NONE', #3158 ) ;
#5748 = CARTESIAN_POINT ( 'NONE',  ( -6.250000000000001776, -3.299999999999999822, 0.5000000000000002220 ) ) ;
#5749 = ORIENTED_EDGE ( 'NONE', *, *, #3821, .F. ) ;
#5750 = SURFACE_SIDE_STYLE ('',( #3948 ) ) ;
#5751 = CARTESIAN_POINT ( 'NONE',  ( 5.865248266801011745, -2.047963268932763370, 0.4249999999999991007 ) ) ;
#5752 = DIRECTION ( 'NONE',  ( 0.000000000000000000, -0.000000000000000000, -1.000000000000000000 ) ) ;
#5753 = SURFACE_STYLE_USAGE ( .BOTH. , #363 ) ;
#5754 = DIRECTION ( 'NONE',  ( 0.000000000000000000, 0.000000000000000000, -1.000000000000000000 ) ) ;
#5755 = FILL_AREA_STYLE ('',( #2584 ) ) ;
#5756 = ORIENTED_EDGE ( 'NONE', *, *, #4768, .F. ) ;
#5757 = FILL_AREA_STYLE_COLOUR ( '', #2329 ) ;
#5758 = EDGE_CURVE ( 'NONE', #3858, #1452, #5856, .T. ) ;
#5759 = ORIENTED_EDGE ( 'NONE', *, *, #1683, .T. ) ;
#5760 =( NAMED_UNIT ( * ) PLANE_ANGLE_UNIT ( ) SI_UNIT ( $, .RADIAN. ) );
#5761 = ORIENTED_EDGE ( 'NONE', *, *, #4838, .T. ) ;
#5762 = CARTESIAN_POINT ( 'NONE',  ( -6.634831635644926173, -0.7524295771151389145, 0.8765956636855010142 ) ) ;
#5763 = EDGE_CURVE ( 'NONE', #709, #1359, #3099, .T. ) ;
#5764 = CARTESIAN_POINT ( 'NONE',  ( 0.4500000000000007327, 5.400000000000000355, 1.770000000000001794 ) ) ;
#5765 = CARTESIAN_POINT ( 'NONE',  ( -5.865168364355077379, -2.047570422884860353, 0.8765956636855013473 ) ) ;
#5766 = FACE_OUTER_BOUND ( 'NONE', #109, .T. ) ;
#5767 = EDGE_CURVE ( 'NONE', #1366, #906, #2938, .T. ) ;
#5768 = CARTESIAN_POINT ( 'NONE',  ( -6.599999878747185633, -2.200000477432961787, 0.5058950770723069645 ) ) ;
#5769 = ORIENTED_EDGE ( 'NONE', *, *, #3964, .T. ) ;
#5770 =( LENGTH_UNIT ( ) NAMED_UNIT ( * ) SI_UNIT ( .MILLI., .METRE. ) );
#5771 = COLOUR_RGB ( '',1.000000000000000000, 1.000000000000000000, 1.000000000000000000 ) ;
#5772 = CARTESIAN_POINT ( 'NONE',  ( -3.750000000000002220, 5.200000000000001066, 0.6499999999999991340 ) ) ;
#5773 = ORIENTED_EDGE ( 'NONE', *, *, #1784, .F. ) ;
#5774 = CARTESIAN_POINT ( 'NONE',  ( 6.250000000000001776, -2.199999999999999734, 0.6499999999999991340 ) ) ;
#5775 = ORIENTED_EDGE ( 'NONE', *, *, #2889, .F. ) ;
#5776 = LINE ( 'NONE', #2142, #3822 ) ;
#5777 = DIRECTION ( 'NONE',  ( 0.000000000000000000, 1.000000000000000000, 0.000000000000000000 ) ) ;
#5778 = DIRECTION ( 'NONE',  ( 0.000000000000000000, 1.000000000000000000, 0.000000000000000000 ) ) ;
#5779 = TOROIDAL_SURFACE ( 'NONE', #3210, 0.1499999999999989120, 0.2000000000000000111 ) ;
#5780 = VECTOR ( 'NONE', #5307, 1000.000000000000000 ) ;
#5781 = DIRECTION ( 'NONE',  ( 0.000000000000000000, 0.000000000000000000, -1.000000000000000000 ) ) ;
#5782 = LINE ( 'NONE', #1278, #1563 ) ;
#5783 = ORIENTED_EDGE ( 'NONE', *, *, #801, .F. ) ;
#5784 = MECHANICAL_DESIGN_GEOMETRIC_PRESENTATION_REPRESENTATION (  '', ( #1799 ), #12 ) ;
#5785 = CARTESIAN_POINT ( 'NONE',  ( -4.549999999999998934, 5.400000000000000355, 1.770000000000001794 ) ) ;
#5786 = EDGE_LOOP ( 'NONE', ( #5534, #5482 ) ) ;
#5787 = STYLED_ITEM ( 'NONE', ( #758 ), #2450 ) ;
#5788 = CARTESIAN_POINT ( 'NONE',  ( -6.250000000000001776, -0.5999999999999998668, 0.6499999999999991340 ) ) ;
#5789 = EDGE_CURVE ( 'NONE', #456, #1660, #415, .T. ) ;
#5790 = CARTESIAN_POINT ( 'NONE',  ( 3.749999999999998224, -3.299999999999999822, 0.6499999999999991340 ) ) ;
#5791 = EDGE_LOOP ( 'NONE', ( #3921, #3149, #3595 ) ) ;
#5792 = PLANE ( 'NONE',  #4604 ) ;
#5793 = MECHANICAL_DESIGN_GEOMETRIC_PRESENTATION_REPRESENTATION (  '', ( #578 ), #3424 ) ;
#5794 = CARTESIAN_POINT ( 'NONE',  ( -6.250000000000001776, 5.400000000000000355, 0.7999999999999979350 ) ) ;
#5795 = AXIS2_PLACEMENT_3D ( 'NONE', #916, #5851, #814 ) ;
#5796 = CARTESIAN_POINT ( 'NONE',  ( -6.634751733198990920, -0.7520367310672358974, 0.8749999999999990008 ) ) ;
#5797 = ORIENTED_EDGE ( 'NONE', *, *, #1130, .F. ) ;
#5798 = EDGE_CURVE ( 'NONE', #139, #5173, #4912, .T. ) ;
#5799 = AXIS2_PLACEMENT_3D ( 'NONE', #4214, #1477, #2374 ) ;
#5800 = CIRCLE ( 'NONE', #687, 0.1999999999999999833 ) ;
#5801 = DIRECTION ( 'NONE',  ( -1.548860246407863336E-16, -1.000000000000000000, -0.000000000000000000 ) ) ;
#5802 = VECTOR ( 'NONE', #510, 1000.000000000000000 ) ;
#5803 = EDGE_CURVE ( 'NONE', #1437, #1877, #4497, .T. ) ;
#5804 = CARTESIAN_POINT ( 'NONE',  ( -1.250000000000001998, -3.500000000000000000, 0.7999999999999979350 ) ) ;
#5805 = CIRCLE ( 'NONE', #599, 0.3499999999999998113 ) ;
#5806 = EDGE_LOOP ( 'NONE', ( #5598, #2672, #2637, #4748, #1645, #3882, #2555, #3416, #1930 ) ) ;
#5807 = DIRECTION ( 'NONE',  ( 0.000000000000000000, 0.000000000000000000, 1.000000000000000000 ) ) ;
#5808 = CARTESIAN_POINT ( 'NONE',  ( -2.950000000000002842, 1.900000000000000577, 1.770000000000001794 ) ) ;
#5809 = CYLINDRICAL_SURFACE ( 'NONE', #757, 0.3499999999999989786 ) ;
#5810 = CARTESIAN_POINT ( 'NONE',  ( 1.249999999999997558, -3.299999999999999822, 0.6499999999999991340 ) ) ;
#5811 = COLOUR_RGB ( '',1.000000000000000000, 1.000000000000000000, 1.000000000000000000 ) ;
#5812 = EDGE_CURVE ( 'NONE', #184, #999, #4972, .T. ) ;
#5813 = DIRECTION ( 'NONE',  ( 0.000000000000000000, 0.000000000000000000, -1.000000000000000000 ) ) ;
#5814 = CARTESIAN_POINT ( 'NONE',  ( -5.865248266801011745, -0.7520367310672358974, 0.8749999999999990008 ) ) ;
#5815 = ORIENTED_EDGE ( 'NONE', *, *, #3066, .F. ) ;
#5816 = FILL_AREA_STYLE ('',( #3586 ) ) ;
#5817 = VERTEX_POINT ( 'NONE', #1318 ) ;
#5818 = FILL_AREA_STYLE ('',( #2639 ) ) ;
#5819 =( BOUNDED_SURFACE ( )  B_SPLINE_SURFACE ( 3, 2, ( 
 ( #1368, #4132, #3267 ),
 ( #3630, #4542, #5444 ),
 ( #4105, #3203, #82 ),
 ( #5487, #51, #3654 ) ),
 .UNSPECIFIED., .F., .F., .T. ) 
 B_SPLINE_SURFACE_WITH_KNOTS ( ( 4, 4 ),
 ( 3, 3 ),
 ( -2.740019801911632511E-06, 0.0002689158882195598018 ),
 ( 0.000000000000000000, 1.000000000000000000 ),
 .UNSPECIFIED. ) 
 GEOMETRIC_REPRESENTATION_ITEM ( )  RATIONAL_B_SPLINE_SURFACE ( (
 ( 1.000000000000000000, 1.000000000000000000, 1.000000000000000000),
 ( 1.000000000000000000, 0.9983343828585858892, 1.000000000000000000),
 ( 1.000000000000000000, 0.8988230139521402595, 1.000000000000000000),
 ( 1.000000000000000000, 0.8258888605168622776, 1.000000000000000000) ) ) 
 REPRESENTATION_ITEM ( '' )  SURFACE ( )  );
#5820 = AXIS2_PLACEMENT_3D ( 'NONE', #3940, #5801, #2184 ) ;
#5821 = DIRECTION ( 'NONE',  ( 0.000000000000000000, 0.000000000000000000, 1.000000000000000000 ) ) ;
#5822 =( NAMED_UNIT ( * ) PLANE_ANGLE_UNIT ( ) SI_UNIT ( $, .RADIAN. ) );
#5823 =( NAMED_UNIT ( * ) SI_UNIT ( $, .STERADIAN. ) SOLID_ANGLE_UNIT ( ) );
#5824 = LINE ( 'NONE', #2205, #2014 ) ;
#5825 = ORIENTED_EDGE ( 'NONE', *, *, #4280, .F. ) ;
#5826 = CARTESIAN_POINT ( 'NONE',  ( -3.750000000000002220, -3.299999999999999822, 0.6499999999999991340 ) ) ;
#5827 = LINE ( 'NONE', #4938, #2686 ) ;
#5828 = EDGE_CURVE ( 'NONE', #3675, #184, #1513, .T. ) ;
#5829 = CARTESIAN_POINT ( 'NONE',  ( -8.700000000000002842, 1.000000000000000000, 0.2699999999999994071 ) ) ;
#5830 = COLOUR_RGB ( '',1.000000000000000000, 1.000000000000000000, 1.000000000000000000 ) ;
#5831 = CARTESIAN_POINT ( 'NONE',  ( -8.700000000000002842, 5.399999999999999467, -1.230000000000006199 ) ) ;
#5832 = DIRECTION ( 'NONE',  ( 0.000000000000000000, -0.7071067811865479058, 0.7071067811865471286 ) ) ;
#5833 = CARTESIAN_POINT ( 'NONE',  ( 4.549999999999998046, 1.900000000000000577, 1.770000000000001794 ) ) ;
#5834 = LINE ( 'NONE', #2606, #3924 ) ;
#5835 = ADVANCED_FACE ( 'NONE', ( #5420 ), #2240, .T. ) ;
#5836 = DIRECTION ( 'NONE',  ( 0.000000000000000000, 0.000000000000000000, -1.000000000000000000 ) ) ;
#5837 = SURFACE_STYLE_FILL_AREA ( #385 ) ;
#5838 = MECHANICAL_DESIGN_GEOMETRIC_PRESENTATION_REPRESENTATION (  '', ( #2432 ), #5656 ) ;
#5839 = CARTESIAN_POINT ( 'NONE',  ( 8.000000000000003553, 4.899999999999999467, 0.2699999999999994071 ) ) ;
#5840 = CARTESIAN_POINT ( 'NONE',  ( -5.867552523149390353, -0.7407112674937827990, 0.4704747151069823552 ) ) ;
#5841 =( NAMED_UNIT ( * ) SI_UNIT ( $, .STERADIAN. ) SOLID_ANGLE_UNIT ( ) );
#5842 = ORIENTED_EDGE ( 'NONE', *, *, #376, .T. ) ;
#5843 = ADVANCED_FACE ( 'NONE', ( #463 ), #5153, .T. ) ;
#5844 = VERTEX_POINT ( 'NONE', #3847 ) ;
#5845 = B_SPLINE_CURVE_WITH_KNOTS ( 'NONE', 3,
 ( #28, #1426, #413, #5853 ),
 .UNSPECIFIED., .F., .F.,
 ( 4, 4 ),
 ( -2.913817343147583922E-06, 0.0002761349558053631699 ),
 .UNSPECIFIED. ) ;
#5846 = CARTESIAN_POINT ( 'NONE',  ( 6.250000000000001776, -3.299999999999999822, 0.6499999999999991340 ) ) ;
#5847 = CARTESIAN_POINT ( 'NONE',  ( -8.700000000000002842, 4.899999999999999467, 0.2699999999999994071 ) ) ;
#5848 = ORIENTED_EDGE ( 'NONE', *, *, #2420, .T. ) ;
#5849 = SURFACE_STYLE_USAGE ( .BOTH. , #4456 ) ;
#5850 = EDGE_LOOP ( 'NONE', ( #1612, #1463, #1293, #5613 ) ) ;
#5851 = DIRECTION ( 'NONE',  ( -0.000000000000000000, 1.000000000000000000, -0.000000000000000000 ) ) ;
#5852 = CARTESIAN_POINT ( 'NONE',  ( -6.608659998530879598, -2.165901255784670187, 0.6193201278972442214 ) ) ;
#5853 = CARTESIAN_POINT ( 'NONE',  ( -5.865248266801011745, -2.047963268932763370, 0.4249999999999991007 ) ) ;
#5854 = CARTESIAN_POINT ( 'NONE',  ( -8.000000000000003553, 4.899999999999999467, 0.2699999999999994071 ) ) ;
#5855 = ADVANCED_FACE ( 'NONE', ( #3274 ), #670, .T. ) ;
#5856 = LINE ( 'NONE', #1770, #3306 ) ;
#5857 = CARTESIAN_POINT ( 'NONE',  ( 4.549999999999997158, 5.400000000000000355, 1.770000000000001572 ) ) ;
#5858 =( NAMED_UNIT ( * ) PLANE_ANGLE_UNIT ( ) SI_UNIT ( $, .RADIAN. ) );
ENDSEC;
END-ISO-10303-21;
