ISO-10303-21;
HEADER;
FILE_DESCRIPTION (( 'STEP AP214' ),
    '1' );
FILE_NAME ('NDP3.STEP',
    '2020-08-13T23:27:31',
    ( '' ),
    ( '' ),
    'SwSTEP 2.0',
    'SolidWorks 2017',
    '' );
FILE_SCHEMA (( 'AUTOMOTIVE_DESIGN' ));
ENDSEC;

DATA;
#1 = SURFACE_STYLE_FILL_AREA ( #1219 ) ;
#2 = ORIENTED_EDGE ( 'NONE', *, *, #497, .T. ) ;
#3 = PLANE ( 'NONE',  #2323 ) ;
#4 = AXIS2_PLACEMENT_3D ( 'NONE', #1208, #1701, #285 ) ;
#5 = CARTESIAN_POINT ( 'NONE',  ( 2.605000000000000000, 0.6700000000000000400, -4.955000000000000100 ) ) ;
#6 = SURFACE_SIDE_STYLE ('',( #2769 ) ) ;
#7 = PRESENTATION_STYLE_ASSIGNMENT (( #234 ) ) ;
#8 = AXIS2_PLACEMENT_3D ( 'NONE', #3007, #2526, #1601 ) ;
#9 = VERTEX_POINT ( 'NONE', #2487 ) ;
#10 = FACE_OUTER_BOUND ( 'NONE', #2099, .T. ) ;
#11 = CARTESIAN_POINT ( 'NONE',  ( -3.056723748156654300, 3.049992498094173100, -3.575027443019932700 ) ) ;
#12 = CARTESIAN_POINT ( 'NONE',  ( 2.665000000000000000, 0.8149999999999998400, 3.044999999999999500 ) ) ;
#13 = ORIENTED_EDGE ( 'NONE', *, *, #2137, .T. ) ;
#14 = EDGE_CURVE ( 'NONE', #1070, #2629, #1528, .T. ) ;
#15 = CARTESIAN_POINT ( 'NONE',  ( -1.050000000000000000, 0.0000000000000000000, -3.779999999999999800 ) ) ;
#16 = DIRECTION ( 'NONE',  ( 1.084202172485504000E-015, 0.0000000000000000000, -1.000000000000000000 ) ) ;
#17 = LINE ( 'NONE', #2244, #54 ) ;
#18 = VECTOR ( 'NONE', #2734, 1000.000000000000000 ) ;
#19 = DIRECTION ( 'NONE',  ( 0.0000000000000000000, 0.0000000000000000000, 1.000000000000000000 ) ) ;
#20 = VERTEX_POINT ( 'NONE', #783 ) ;
#21 = CARTESIAN_POINT ( 'NONE',  ( 2.605000000000000000, 0.0000000000000000000, -4.955000000000000100 ) ) ;
#22 = SURFACE_STYLE_FILL_AREA ( #826 ) ;
#23 = LINE ( 'NONE', #1380, #2711 ) ;
#24 =( GEOMETRIC_REPRESENTATION_CONTEXT ( 3 ) GLOBAL_UNCERTAINTY_ASSIGNED_CONTEXT ( ( #288 ) ) GLOBAL_UNIT_ASSIGNED_CONTEXT ( ( #1155, #3029, #206 ) ) REPRESENTATION_CONTEXT ( 'NONE', 'WORKASPACE' ) );
#25 = PLANE ( 'NONE',  #2917 ) ;
#26 = SURFACE_STYLE_USAGE ( .BOTH. , #1919 ) ;
#27 = ADVANCED_FACE ( 'NONE', ( #2521 ), #2690, .F. ) ;
#28 = VECTOR ( 'NONE', #2382, 1000.000000000000000 ) ;
#29 = EDGE_CURVE ( 'NONE', #688, #385, #1449, .T. ) ;
#30 = EDGE_CURVE ( 'NONE', #1382, #2629, #657, .T. ) ;
#31 = CARTESIAN_POINT ( 'NONE',  ( 2.254999999999999900, 0.6700000000000000400, -3.129999999999999900 ) ) ;
#32 = ORIENTED_EDGE ( 'NONE', *, *, #367, .T. ) ;
#33 = COLOUR_RGB ( '',0.7921568627450980000, 0.8196078431372548800, 0.9333333333333333500 ) ;
#34 = VECTOR ( 'NONE', #2622, 1000.000000000000000 ) ;
#35 = CARTESIAN_POINT ( 'NONE',  ( 1.905000000000000000, 1.014999999999999900, 2.214999999999999400 ) ) ;
#36 = VERTEX_POINT ( 'NONE', #1055 ) ;
#37 = VECTOR ( 'NONE', #2644, 1000.000000000000000 ) ;
#38 = CARTESIAN_POINT ( 'NONE',  ( 1.905000000000000000, 0.3600000000000003800, 4.955000000000000100 ) ) ;
#39 = ORIENTED_EDGE ( 'NONE', *, *, #1885, .F. ) ;
#40 = FILL_AREA_STYLE ('',( #326 ) ) ;
#41 = LINE ( 'NONE', #2858, #449 ) ;
#42 = ORIENTED_EDGE ( 'NONE', *, *, #1630, .T. ) ;
#43 = CARTESIAN_POINT ( 'NONE',  ( -3.270000000000001400, 1.014999999999999900, 2.214999999999999400 ) ) ;
#44 = ADVANCED_FACE ( 'NONE', ( #948 ), #1989, .F. ) ;
#45 = ORIENTED_EDGE ( 'NONE', *, *, #1558, .T. ) ;
#46 = MECHANICAL_DESIGN_GEOMETRIC_PRESENTATION_REPRESENTATION (  '', ( #1127 ), #846 ) ;
#47 = UNCERTAINTY_MEASURE_WITH_UNIT (LENGTH_MEASURE( 1.000000000000000100E-005 ), #1648, 'distance_accuracy_value', 'NONE');
#48 = VERTEX_POINT ( 'NONE', #1769 ) ;
#49 = DIRECTION ( 'NONE',  ( 0.0000000000000000000, 0.0000000000000000000, -1.000000000000000000 ) ) ;
#50 = ADVANCED_FACE ( 'NONE', ( #1118 ), #1069, .F. ) ;
#51 = ORIENTED_EDGE ( 'NONE', *, *, #1737, .F. ) ;
#52 =( NAMED_UNIT ( * ) PLANE_ANGLE_UNIT ( ) SI_UNIT ( $, .RADIAN. ) );
#53 = EDGE_CURVE ( 'NONE', #2599, #566, #17, .T. ) ;
#54 = VECTOR ( 'NONE', #1050, 1000.000000000000000 ) ;
#55 = CARTESIAN_POINT ( 'NONE',  ( -1.905000000000000200, 0.8149999999999844000, 3.774999999999999500 ) ) ;
#56 = VERTEX_POINT ( 'NONE', #92 ) ;
#57 = DIRECTION ( 'NONE',  ( 0.0000000000000000000, -1.000000000000000000, 0.0000000000000000000 ) ) ;
#58 = CARTESIAN_POINT ( 'NONE',  ( -1.905000000000000200, -0.1699999999999994000, 4.955000000000003600 ) ) ;
#59 = SURFACE_SIDE_STYLE ('',( #1439 ) ) ;
#60 = MECHANICAL_DESIGN_GEOMETRIC_PRESENTATION_REPRESENTATION (  '', ( #2689 ), #2585 ) ;
#61 =( NAMED_UNIT ( * ) SI_UNIT ( $, .STERADIAN. ) SOLID_ANGLE_UNIT ( ) );
#62 = ADVANCED_FACE ( 'NONE', ( #1758 ), #1542, .T. ) ;
#63 = DIRECTION ( 'NONE',  ( 0.0000000000000000000, -1.000000000000000000, -2.210922077225458000E-014 ) ) ;
#64 = CARTESIAN_POINT ( 'NONE',  ( -1.905000000000000200, -0.1699999999999994000, 4.955000000000003600 ) ) ;
#65 = CARTESIAN_POINT ( 'NONE',  ( 1.905000000000000000, 0.0000000000000000000, -4.955000000000000100 ) ) ;
#66 = STYLED_ITEM ( 'NONE', ( #442 ), #2634 ) ;
#67 = ORIENTED_EDGE ( 'NONE', *, *, #2286, .T. ) ;
#68 = CARTESIAN_POINT ( 'NONE',  ( -1.905000000000000200, 0.8149999999999998400, 3.044999999999999500 ) ) ;
#69 = LINE ( 'NONE', #2496, #961 ) ;
#70 = ORIENTED_EDGE ( 'NONE', *, *, #2927, .T. ) ;
#71 = EDGE_CURVE ( 'NONE', #566, #1938, #2786, .T. ) ;
#72 = CARTESIAN_POINT ( 'NONE',  ( 2.254999999999999900, 0.6700000000000000400, -3.129999999999999900 ) ) ;
#73 = VECTOR ( 'NONE', #1614, 1000.000000000000100 ) ;
#74 = ORIENTED_EDGE ( 'NONE', *, *, #2781, .F. ) ;
#75 = CARTESIAN_POINT ( 'NONE',  ( -1.050000000000000000, 0.6700000000000004800, -3.779999999999999800 ) ) ;
#77 = CARTESIAN_POINT ( 'NONE',  ( -1.905000000000000200, 0.8149999999999844000, 3.774999999999999900 ) ) ;
#76 = DIRECTION ( 'NONE',  ( 1.000000000000000000, 0.0000000000000000000, 0.0000000000000000000 ) ) ;
#78 = ORIENTED_EDGE ( 'NONE', *, *, #3027, .F. ) ;
#79 = DIRECTION ( 'NONE',  ( -0.06908086403639318600, -0.9879023813098026800, -0.1388406252737530700 ) ) ;
#80 = EDGE_LOOP ( 'NONE', ( #426, #2909, #391, #2894 ) ) ;
#81 = ORIENTED_EDGE ( 'NONE', *, *, #894, .F. ) ;
#82 = VECTOR ( 'NONE', #1698, 1000.000000000000000 ) ;
#83 = CARTESIAN_POINT ( 'NONE',  ( 2.605000000000000000, 0.6700000000000004800, -3.530000000000000200 ) ) ;
#84 = AXIS2_PLACEMENT_3D ( 'NONE', #2619, #1445, #1725 ) ;
#85 = ORIENTED_EDGE ( 'NONE', *, *, #1068, .F. ) ;
#86 = CARTESIAN_POINT ( 'NONE',  ( -2.665000000000000500, -0.1699999999999994000, 4.955000000000003600 ) ) ;
#87 = LINE ( 'NONE', #2712, #1406 ) ;
#88 = ORIENTED_EDGE ( 'NONE', *, *, #2356, .F. ) ;
#89 = DIRECTION ( 'NONE',  ( -1.000000000000000000, -0.0000000000000000000, -0.0000000000000000000 ) ) ;
#90 = CARTESIAN_POINT ( 'NONE',  ( 1.049999999999999800, 0.0000000000000000000, -3.530000000000000200 ) ) ;
#91 = EDGE_CURVE ( 'NONE', #2280, #36, #1643, .T. ) ;
#92 = CARTESIAN_POINT ( 'NONE',  ( 2.254999999999999400, 0.0000000000000000000, -3.530000000000000200 ) ) ;
#93 = VECTOR ( 'NONE', #1046, 1000.000000000000000 ) ;
#94 = FILL_AREA_STYLE ('',( #1984 ) ) ;
#95 = ORIENTED_EDGE ( 'NONE', *, *, #1343, .T. ) ;
#96 = DIRECTION ( 'NONE',  ( 0.0000000000000000000, -1.000000000000000000, 0.0000000000000000000 ) ) ;
#97 = CARTESIAN_POINT ( 'NONE',  ( -1.049999999999999800, 0.0000000000000000000, -3.530000000000000200 ) ) ;
#98 = ORIENTED_EDGE ( 'NONE', *, *, #14, .T. ) ;
#99 =( LENGTH_UNIT ( ) NAMED_UNIT ( * ) SI_UNIT ( .MILLI., .METRE. ) );
#100 = AXIS2_PLACEMENT_3D ( 'NONE', #1499, #1013, #1453 ) ;
#101 = CARTESIAN_POINT ( 'NONE',  ( 0.3800000000000000000, 1.014999999999999900, 2.214999999999999400 ) ) ;
#102 = LINE ( 'NONE', #2082, #2131 ) ;
#103 = PRESENTATION_LAYER_ASSIGNMENT (  '', '', ( #1976 ) ) ;
#104 = CARTESIAN_POINT ( 'NONE',  ( 2.665000000000000000, 1.014999999999999900, 3.044999999999999500 ) ) ;
#105 = CARTESIAN_POINT ( 'NONE',  ( -2.665000000000000500, 0.5599999999999933900, 3.974999999999999200 ) ) ;
#106 = FACE_OUTER_BOUND ( 'NONE', #1997, .T. ) ;
#107 = VERTEX_POINT ( 'NONE', #1571 ) ;
#108 = VERTEX_POINT ( 'NONE', #1345 ) ;
#109 = PRESENTATION_STYLE_ASSIGNMENT (( #2731 ) ) ;
#110 = DIRECTION ( 'NONE',  ( 0.0000000000000000000, -0.1391731009600588000, 0.9902680687415712500 ) ) ;
#111 = FACE_OUTER_BOUND ( 'NONE', #1597, .T. ) ;
#112 = FACE_OUTER_BOUND ( 'NONE', #2086, .T. ) ;
#113 = DIRECTION ( 'NONE',  ( 1.000000000000000000, 0.0000000000000000000, -0.0000000000000000000 ) ) ;
#114 = EDGE_LOOP ( 'NONE', ( #1408, #1111, #1012, #1501 ) ) ;
#115 = CYLINDRICAL_SURFACE ( 'NONE', #768, 0.2499999999999997800 ) ;
#116 = DIRECTION ( 'NONE',  ( 1.000000000000000000, 0.0000000000000000000, -0.0000000000000000000 ) ) ;
#117 = CARTESIAN_POINT ( 'NONE',  ( -2.254999999999999900, 0.0000000000000000000, -3.129999999999999900 ) ) ;
#118 = VECTOR ( 'NONE', #1820, 1000.000000000000000 ) ;
#119 = ORIENTED_EDGE ( 'NONE', *, *, #1967, .F. ) ;
#120 = LINE ( 'NONE', #1589, #1944 ) ;
#121 =( GEOMETRIC_REPRESENTATION_CONTEXT ( 3 ) GLOBAL_UNCERTAINTY_ASSIGNED_CONTEXT ( ( #2646 ) ) GLOBAL_UNIT_ASSIGNED_CONTEXT ( ( #1061, #1504, #2000 ) ) REPRESENTATION_CONTEXT ( 'NONE', 'WORKASPACE' ) );
#122 = LINE ( 'NONE', #1951, #903 ) ;
#123 = ORIENTED_EDGE ( 'NONE', *, *, #417, .F. ) ;
#124 = ADVANCED_FACE ( 'NONE', ( #980 ), #1583, .F. ) ;
#125 = VECTOR ( 'NONE', #1623, 1000.000000000000000 ) ;
#126 = STYLED_ITEM ( 'NONE', ( #1289 ), #2621 ) ;
#127 = EDGE_LOOP ( 'NONE', ( #1465, #1107, #600, #290, #1641, #1179, #711, #1697, #956, #1853, #1154, #1632, #1228, #1635, #1715, #997 ) ) ;
#128 = DIRECTION ( 'NONE',  ( -1.000000000000000000, -0.0000000000000000000, -0.0000000000000000000 ) ) ;
#129 = CARTESIAN_POINT ( 'NONE',  ( 2.665000000000000000, 0.8149999999999998400, 3.044999999999999500 ) ) ;
#130 = PLANE ( 'NONE',  #2792 ) ;
#131 = CARTESIAN_POINT ( 'NONE',  ( -2.429999999999999300, 0.0000000000000000000, 0.4399999999999993900 ) ) ;
#132 = ORIENTED_EDGE ( 'NONE', *, *, #1803, .T. ) ;
#133 = CARTESIAN_POINT ( 'NONE',  ( -1.049999999999999800, 0.6700000000000004800, -4.029999999999999400 ) ) ;
#134 = SURFACE_SIDE_STYLE ('',( #1904 ) ) ;
#135 = PLANE ( 'NONE',  #1527 ) ;
#136 = CARTESIAN_POINT ( 'NONE',  ( 0.0000000000000000000, 2.549999999999999800, -0.2850000000000005300 ) ) ;
#137 = EDGE_CURVE ( 'NONE', #2693, #1266, #3012, .T. ) ;
#138 = EDGE_CURVE ( 'NONE', #1982, #2667, #946, .T. ) ;
#139 = EDGE_LOOP ( 'NONE', ( #828, #2246, #2767, #2783 ) ) ;
#140 = CARTESIAN_POINT ( 'NONE',  ( 2.665000000000000000, -0.1699999999999994000, 4.955000000000003600 ) ) ;
#141 = ADVANCED_FACE ( 'NONE', ( #1756 ), #2795, .T. ) ;
#142 = VERTEX_POINT ( 'NONE', #1126 ) ;
#143 = DIRECTION ( 'NONE',  ( 1.000000000000000000, -0.0000000000000000000, -0.0000000000000000000 ) ) ;
#144 = EDGE_CURVE ( 'NONE', #2147, #445, #2704, .T. ) ;
#145 = CARTESIAN_POINT ( 'NONE',  ( 0.0000000000000000000, 0.0000000000000000000, 0.0000000000000000000 ) ) ;
#146 = CARTESIAN_POINT ( 'NONE',  ( 2.665000000000000000, 1.544999999999999900, 2.214999999999999400 ) ) ;
#147 = UNCERTAINTY_MEASURE_WITH_UNIT (LENGTH_MEASURE( 1.000000000000000100E-005 ), #1679, 'distance_accuracy_value', 'NONE');
#148 = ORIENTED_EDGE ( 'NONE', *, *, #1520, .T. ) ;
#149 = STYLED_ITEM ( 'NONE', ( #277 ), #1722 ) ;
#150 = VERTEX_POINT ( 'NONE', #847 ) ;
#151 =( LENGTH_UNIT ( ) NAMED_UNIT ( * ) SI_UNIT ( .MILLI., .METRE. ) );
#152 = LINE ( 'NONE', #11, #1624 ) ;
#153 = ORIENTED_EDGE ( 'NONE', *, *, #987, .T. ) ;
#154 = LINE ( 'NONE', #1428, #2573 ) ;
#155 = CARTESIAN_POINT ( 'NONE',  ( -2.665000000000000500, 0.3599999999999906100, 3.974999999999996100 ) ) ;
#156 = CARTESIAN_POINT ( 'NONE',  ( 3.056723748156651600, 3.049992498094173100, -3.575027443019932700 ) ) ;
#157 = SURFACE_STYLE_FILL_AREA ( #94 ) ;
#158 = ORIENTED_EDGE ( 'NONE', *, *, #2517, .F. ) ;
#159 = EDGE_CURVE ( 'NONE', #2193, #1172, #87, .T. ) ;
#160 = LINE ( 'NONE', #1005, #2962 ) ;
#161 = DIRECTION ( 'NONE',  ( -0.0000000000000000000, -1.000000000000000000, -0.0000000000000000000 ) ) ;
#162 =( NAMED_UNIT ( * ) SI_UNIT ( $, .STERADIAN. ) SOLID_ANGLE_UNIT ( ) );
#163 = ORIENTED_EDGE ( 'NONE', *, *, #2739, .T. ) ;
#164 = CARTESIAN_POINT ( 'NONE',  ( -3.270000000000001400, 2.549999999999999800, 2.214999999999999400 ) ) ;
#165 = FACE_OUTER_BOUND ( 'NONE', #2874, .T. ) ;
#166 = EDGE_LOOP ( 'NONE', ( #757, #731, #397, #148 ) ) ;
#167 = DIRECTION ( 'NONE',  ( 1.000000000000000000, 0.0000000000000000000, -0.0000000000000000000 ) ) ;
#168 = AXIS2_PLACEMENT_3D ( 'NONE', #1213, #510, #958 ) ;
#169 = ORIENTED_EDGE ( 'NONE', *, *, #2066, .F. ) ;
#170 = DIRECTION ( 'NONE',  ( 0.0000000000000000000, -0.0000000000000000000, -1.000000000000000000 ) ) ;
#171 = AXIS2_PLACEMENT_3D ( 'NONE', #2265, #666, #2785 ) ;
#172 = ORIENTED_EDGE ( 'NONE', *, *, #2835, .F. ) ;
#173 = CARTESIAN_POINT ( 'NONE',  ( -2.605000000000000000, 0.6700000000000004800, -3.530000000000000200 ) ) ;
#174 = SURFACE_STYLE_FILL_AREA ( #1322 ) ;
#175 = DIRECTION ( 'NONE',  ( -0.0000000000000000000, 1.000000000000000000, 0.0000000000000000000 ) ) ;
#176 = CARTESIAN_POINT ( 'NONE',  ( 2.254999999999999900, 0.0000000000000000000, -3.129999999999999900 ) ) ;
#177 = EDGE_CURVE ( 'NONE', #596, #3052, #2399, .T. ) ;
#178 = EDGE_CURVE ( 'NONE', #2159, #2890, #1566, .T. ) ;
#179 = ORIENTED_EDGE ( 'NONE', *, *, #671, .T. ) ;
#180 = SURFACE_SIDE_STYLE ('',( #534 ) ) ;
#181 = PLANE ( 'NONE',  #2304 ) ;
#182 = CARTESIAN_POINT ( 'NONE',  ( -2.429999999999999700, 0.0000000000000000000, -3.129999999999999900 ) ) ;
#183 = ORIENTED_EDGE ( 'NONE', *, *, #1829, .F. ) ;
#184 = CARTESIAN_POINT ( 'NONE',  ( -1.050000000000000000, 0.6700000000000000400, -3.779999999999999800 ) ) ;
#185 = PRESENTATION_STYLE_ASSIGNMENT (( #2888 ) ) ;
#186 = CYLINDRICAL_SURFACE ( 'NONE', #2755, 0.3499999999999999800 ) ;
#187 = DIRECTION ( 'NONE',  ( 1.000000000000000000, 0.0000000000000000000, 0.0000000000000000000 ) ) ;
#188 = AXIS2_PLACEMENT_3D ( 'NONE', #2135, #929, #16 ) ;
#189 = VECTOR ( 'NONE', #876, 1000.000000000000000 ) ;
#190 = DIRECTION ( 'NONE',  ( 0.0000000000000000000, 0.0000000000000000000, 1.000000000000000000 ) ) ;
#191 = ORIENTED_EDGE ( 'NONE', *, *, #1845, .F. ) ;
#192 = CARTESIAN_POINT ( 'NONE',  ( -1.905000000000000000, 0.6700000000000004800, -4.554999999999999700 ) ) ;
#193 = FACE_OUTER_BOUND ( 'NONE', #1338, .T. ) ;
#194 = PLANE ( 'NONE',  #313 ) ;
#195 = SURFACE_STYLE_FILL_AREA ( #1628 ) ;
#196 = EDGE_CURVE ( 'NONE', #1949, #1323, #2329, .T. ) ;
#197 = EDGE_CURVE ( 'NONE', #764, #2483, #1797, .T. ) ;
#198 = VERTEX_POINT ( 'NONE', #1974 ) ;
#199 = ORIENTED_EDGE ( 'NONE', *, *, #1143, .T. ) ;
#200 = DIRECTION ( 'NONE',  ( 0.0000000000000000000, 0.0000000000000000000, -1.000000000000000000 ) ) ;
#201 = FILL_AREA_STYLE ('',( #906 ) ) ;
#202 = ORIENTED_EDGE ( 'NONE', *, *, #2181, .T. ) ;
#203 = PRESENTATION_STYLE_ASSIGNMENT (( #3055 ) ) ;
#204 = CARTESIAN_POINT ( 'NONE',  ( 1.049999999999999800, 8.170008333328704400, -3.530000000000000200 ) ) ;
#205 = EDGE_LOOP ( 'NONE', ( #2361, #2560, #2955, #2933 ) ) ;
#206 =( NAMED_UNIT ( * ) SI_UNIT ( $, .STERADIAN. ) SOLID_ANGLE_UNIT ( ) );
#207 = FACE_OUTER_BOUND ( 'NONE', #430, .T. ) ;
#208 = SURFACE_STYLE_FILL_AREA ( #1781 ) ;
#209 = DIRECTION ( 'NONE',  ( -1.000000000000000000, -0.0000000000000000000, -0.0000000000000000000 ) ) ;
#210 = VERTEX_POINT ( 'NONE', #2905 ) ;
#211 = CARTESIAN_POINT ( 'NONE',  ( -2.254999999999999900, 0.6700000000000000400, -3.129999999999999900 ) ) ;
#212 = COLOUR_RGB ( '',0.2509803921568627400, 0.2509803921568627400, 0.2509803921568627400 ) ;
#213 = AXIS2_PLACEMENT_3D ( 'NONE', #1971, #2140, #2177 ) ;
#214 = CARTESIAN_POINT ( 'NONE',  ( -2.605000000000000000, 0.6700000000000000400, -3.530000000000000200 ) ) ;
#215 = ORIENTED_EDGE ( 'NONE', *, *, #694, .T. ) ;
#216 = EDGE_CURVE ( 'NONE', #1131, #2159, #836, .T. ) ;
#217 = CARTESIAN_POINT ( 'NONE',  ( -3.208464405489706000, 0.8800000000000000000, -3.880000000000000800 ) ) ;
#218 = AXIS2_PLACEMENT_3D ( 'NONE', #15, #1427, #1664 ) ;
#219 = VECTOR ( 'NONE', #790, 1000.000000000000000 ) ;
#220 = EDGE_CURVE ( 'NONE', #824, #210, #2588, .T. ) ;
#221 =( NAMED_UNIT ( * ) SI_UNIT ( $, .STERADIAN. ) SOLID_ANGLE_UNIT ( ) );
#222 = FILL_AREA_STYLE ('',( #669 ) ) ;
#223 = LINE ( 'NONE', #2440, #2087 ) ;
#224 = VERTEX_POINT ( 'NONE', #1585 ) ;
#225 = APPLICATION_PROTOCOL_DEFINITION ( 'draft international standard', 'automotive_design', 1998, #2345 ) ;
#226 = VECTOR ( 'NONE', #827, 1000.000000000000000 ) ;
#227 = ORIENTED_EDGE ( 'NONE', *, *, #2683, .F. ) ;
#228 = VECTOR ( 'NONE', #2446, 1000.000000000000000 ) ;
#229 = SURFACE_STYLE_USAGE ( .BOTH. , #2299 ) ;
#230 = MECHANICAL_DESIGN_GEOMETRIC_PRESENTATION_REPRESENTATION (  '', ( #1646 ), #121 ) ;
#231 = DIRECTION ( 'NONE',  ( -1.000000000000000000, -0.0000000000000000000, -0.0000000000000000000 ) ) ;
#232 = LINE ( 'NONE', #2791, #73 ) ;
#234 = SURFACE_STYLE_USAGE ( .BOTH. , #2328 ) ;
#233 = CARTESIAN_POINT ( 'NONE',  ( 2.665000000000000000, 0.8149999999999844000, 3.774999999999999500 ) ) ;
#235 = ORIENTED_EDGE ( 'NONE', *, *, #2196, .F. ) ;
#236 = MECHANICAL_DESIGN_GEOMETRIC_PRESENTATION_REPRESENTATION (  '', ( #1057 ), #393 ) ;
#237 = CARTESIAN_POINT ( 'NONE',  ( 3.269999999999998700, -4.532344291145781200E-018, 2.072351052777079000 ) ) ;
#238 = ADVANCED_FACE ( 'NONE', ( #1837 ), #181, .F. ) ;
#239 = CARTESIAN_POINT ( 'NONE',  ( -1.905000000000000200, 1.014999999999999900, 3.044999999999999500 ) ) ;
#240 = ORIENTED_EDGE ( 'NONE', *, *, #2739, .F. ) ;
#241 = ORIENTED_EDGE ( 'NONE', *, *, #562, .F. ) ;
#242 = CARTESIAN_POINT ( 'NONE',  ( 2.605000000000000000, 8.170008333328704400, -3.530000000000000200 ) ) ;
#243 = EDGE_CURVE ( 'NONE', #1969, #633, #2014, .T. ) ;
#244 = ORIENTED_EDGE ( 'NONE', *, *, #2989, .T. ) ;
#245 = CARTESIAN_POINT ( 'NONE',  ( 2.665000000000000000, 1.544999999999999900, 3.044999999999999500 ) ) ;
#246 = LINE ( 'NONE', #2397, #1559 ) ;
#247 = ORIENTED_EDGE ( 'NONE', *, *, #2986, .T. ) ;
#248 = PLANE ( 'NONE',  #1909 ) ;
#249 = CARTESIAN_POINT ( 'NONE',  ( -2.665000000000000500, 0.3599999999999934400, 3.974999999999996100 ) ) ;
#250 = SURFACE_SIDE_STYLE ('',( #704 ) ) ;
#251 = DIRECTION ( 'NONE',  ( 0.0000000000000000000, 0.0000000000000000000, -1.000000000000000000 ) ) ;
#252 = DIRECTION ( 'NONE',  ( -0.0000000000000000000, 1.000000000000000000, 0.0000000000000000000 ) ) ;
#253 = PRESENTATION_LAYER_ASSIGNMENT (  '', '', ( #149 ) ) ;
#254 = VECTOR ( 'NONE', #2258, 1000.000000000000000 ) ;
#255 = EDGE_CURVE ( 'NONE', #1206, #1382, #1713, .T. ) ;
#256 = DIRECTION ( 'NONE',  ( 0.0000000000000000000, 0.0000000000000000000, -1.000000000000000000 ) ) ;
#257 = ADVANCED_FACE ( 'NONE', ( #2252 ), #2266, .T. ) ;
#258 = DIRECTION ( 'NONE',  ( 0.06908086403639318600, 0.9879023813098026800, 0.1388406252737531000 ) ) ;
#259 = EDGE_CURVE ( 'NONE', #2314, #1966, #2186, .T. ) ;
#260 = EDGE_CURVE ( 'NONE', #107, #566, #324, .T. ) ;
#261 = DIRECTION ( 'NONE',  ( -1.000000000000000000, -0.0000000000000000000, 0.0000000000000000000 ) ) ;
#262 = STYLED_ITEM ( 'NONE', ( #833 ), #366 ) ;
#263 = VERTEX_POINT ( 'NONE', #494 ) ;
#264 = CARTESIAN_POINT ( 'NONE',  ( -2.254999999999999400, 0.0000000000000000000, -3.530000000000000200 ) ) ;
#265 = DIRECTION ( 'NONE',  ( 1.000000000000000000, 0.0000000000000000000, 0.0000000000000000000 ) ) ;
#266 = FILL_AREA_STYLE_COLOUR ( '', #918 ) ;
#267 = VECTOR ( 'NONE', #1130, 1000.000000000000000 ) ;
#268 = SURFACE_STYLE_FILL_AREA ( #1682 ) ;
#269 = SURFACE_STYLE_FILL_AREA ( #462 ) ;
#270 = VECTOR ( 'NONE', #275, 1000.000000000000000 ) ;
#271 = PRESENTATION_LAYER_ASSIGNMENT (  '', '', ( #1325 ) ) ;
#272 = VERTEX_POINT ( 'NONE', #1377 ) ;
#273 = CIRCLE ( 'NONE', #2530, 0.2499999999999997800 ) ;
#274 = VECTOR ( 'NONE', #2153, 1000.000000000000000 ) ;
#275 = DIRECTION ( 'NONE',  ( 0.0000000000000000000, 0.0000000000000000000, -1.000000000000000000 ) ) ;
#276 = APPLICATION_CONTEXT ( 'automotive_design' ) ;
#277 = PRESENTATION_STYLE_ASSIGNMENT (( #2924 ) ) ;
#278 = DIRECTION ( 'NONE',  ( 0.0000000000000000000, 0.0000000000000000000, -1.000000000000000000 ) ) ;
#279 = ORIENTED_EDGE ( 'NONE', *, *, #2290, .F. ) ;
#280 = STYLED_ITEM ( 'NONE', ( #2384 ), #2714 ) ;
#281 = FACE_OUTER_BOUND ( 'NONE', #625, .T. ) ;
#282 =( NAMED_UNIT ( * ) SI_UNIT ( $, .STERADIAN. ) SOLID_ANGLE_UNIT ( ) );
#283 = ORIENTED_EDGE ( 'NONE', *, *, #2500, .T. ) ;
#284 = ORIENTED_EDGE ( 'NONE', *, *, #1182, .T. ) ;
#285 = DIRECTION ( 'NONE',  ( 1.000000000000000000, 0.0000000000000000000, -0.0000000000000000000 ) ) ;
#286 = PLANE ( 'NONE',  #2301 ) ;
#287 = VERTEX_POINT ( 'NONE', #217 ) ;
#288 = UNCERTAINTY_MEASURE_WITH_UNIT (LENGTH_MEASURE( 1.000000000000000100E-005 ), #1155, 'distance_accuracy_value', 'NONE');
#290 = ORIENTED_EDGE ( 'NONE', *, *, #2747, .F. ) ;
#289 = PLANE ( 'NONE',  #331 ) ;
#291 = VECTOR ( 'NONE', #341, 1000.000000000000000 ) ;
#292 = CARTESIAN_POINT ( 'NONE',  ( -2.605000000000000000, 0.0000000000000000000, -3.530000000000000200 ) ) ;
#293 = ADVANCED_FACE ( 'NONE', ( #2750 ), #248, .F. ) ;
#294 = CARTESIAN_POINT ( 'NONE',  ( -3.071796753620543700, 2.834438477469479500, 2.033781240079067100 ) ) ;
#295 = STYLED_ITEM ( 'NONE', ( #2121 ), #962 ) ;
#296 = DIRECTION ( 'NONE',  ( 0.0000000000000000000, 0.0000000000000000000, 1.000000000000000000 ) ) ;
#297 = CARTESIAN_POINT ( 'NONE',  ( 2.429999999999999700, 8.170008333328704400, -3.129999999999999900 ) ) ;
#298 = FACE_OUTER_BOUND ( 'NONE', #205, .T. ) ;
#299 =( GEOMETRIC_REPRESENTATION_CONTEXT ( 3 ) GLOBAL_UNCERTAINTY_ASSIGNED_CONTEXT ( ( #340 ) ) GLOBAL_UNIT_ASSIGNED_CONTEXT ( ( #547, #1510, #2209 ) ) REPRESENTATION_CONTEXT ( 'NONE', 'WORKASPACE' ) );
#300 = FILL_AREA_STYLE_COLOUR ( '', #1153 ) ;
#301 = CIRCLE ( 'NONE', #2207, 0.7300000000000002000 ) ;
#302 = DIRECTION ( 'NONE',  ( -1.084202172485504000E-015, -0.0000000000000000000, -1.000000000000000000 ) ) ;
#303 =( LENGTH_UNIT ( ) NAMED_UNIT ( * ) SI_UNIT ( .MILLI., .METRE. ) );
#304 = CARTESIAN_POINT ( 'NONE',  ( 2.665000000000000000, 0.5599999999999933900, 3.244999999999994300 ) ) ;
#305 = ADVANCED_FACE ( 'NONE', ( #2050 ), #1903, .F. ) ;
#306 = CARTESIAN_POINT ( 'NONE',  ( 0.3800000000000000000, 1.014999999999999900, 3.044999999999999500 ) ) ;
#307 = ORIENTED_EDGE ( 'NONE', *, *, #1002, .F. ) ;
#308 = ADVANCED_FACE ( 'NONE', ( #2669 ), #2350, .T. ) ;
#309 = ORIENTED_EDGE ( 'NONE', *, *, #659, .T. ) ;
#310 = LINE ( 'NONE', #968, #274 ) ;
#311 = CARTESIAN_POINT ( 'NONE',  ( 1.905000000000000000, 0.3599999999999934400, 3.974999999999996100 ) ) ;
#312 = LINE ( 'NONE', #1757, #2426 ) ;
#313 = AXIS2_PLACEMENT_3D ( 'NONE', #2790, #1397, #1598 ) ;
#314 = CARTESIAN_POINT ( 'NONE',  ( 2.665000000000000000, 1.544999999999999900, 2.214999999999999400 ) ) ;
#315 = FACE_OUTER_BOUND ( 'NONE', #2077, .T. ) ;
#316 = EDGE_CURVE ( 'NONE', #36, #1266, #2114, .T. ) ;
#317 = ORIENTED_EDGE ( 'NONE', *, *, #255, .T. ) ;
#318 = ORIENTED_EDGE ( 'NONE', *, *, #2085, .F. ) ;
#319 = LINE ( 'NONE', #3058, #2665 ) ;
#320 = DIRECTION ( 'NONE',  ( 0.0000000000000000000, 0.0000000000000000000, -1.000000000000000000 ) ) ;
#321 = ORIENTED_EDGE ( 'NONE', *, *, #671, .F. ) ;
#322 = LINE ( 'NONE', #3048, #125 ) ;
#323 = EDGE_CURVE ( 'NONE', #2667, #3034, #246, .T. ) ;
#324 = LINE ( 'NONE', #699, #2518 ) ;
#325 = ORIENTED_EDGE ( 'NONE', *, *, #1353, .T. ) ;
#326 = FILL_AREA_STYLE_COLOUR ( '', #2461 ) ;
#327 = PRESENTATION_STYLE_ASSIGNMENT (( #434 ) ) ;
#328 = CARTESIAN_POINT ( 'NONE',  ( 1.905000000000000000, 0.8149999999999844000, 3.774999999999999900 ) ) ;
#329 = CARTESIAN_POINT ( 'NONE',  ( -1.905000000000000200, 1.544999999999999900, 3.044999999999999500 ) ) ;
#330 = PRESENTATION_STYLE_ASSIGNMENT (( #1547 ) ) ;
#331 = AXIS2_PLACEMENT_3D ( 'NONE', #2134, #758, #986 ) ;
#332 = FACE_OUTER_BOUND ( 'NONE', #80, .T. ) ;
#333 = EDGE_LOOP ( 'NONE', ( #2386, #1849, #891, #1419 ) ) ;
#334 = DIRECTION ( 'NONE',  ( 0.0000000000000000000, 1.000000000000000000, -7.274111514379755700E-015 ) ) ;
#335 = CYLINDRICAL_SURFACE ( 'NONE', #2012, 0.7300000000000002000 ) ;
#336 = DIRECTION ( 'NONE',  ( 0.0000000000000000000, 0.0000000000000000000, 1.000000000000000000 ) ) ;
#337 =( GEOMETRIC_REPRESENTATION_CONTEXT ( 3 ) GLOBAL_UNCERTAINTY_ASSIGNED_CONTEXT ( ( #1932 ) ) GLOBAL_UNIT_ASSIGNED_CONTEXT ( ( #303, #1448, #2157 ) ) REPRESENTATION_CONTEXT ( 'NONE', 'WORKASPACE' ) );
#338 = DIRECTION ( 'NONE',  ( 0.0000000000000000000, 0.0000000000000000000, -1.000000000000000000 ) ) ;
#339 = VECTOR ( 'NONE', #1110, 1000.000000000000000 ) ;
#340 = UNCERTAINTY_MEASURE_WITH_UNIT (LENGTH_MEASURE( 1.000000000000000100E-005 ), #547, 'distance_accuracy_value', 'NONE');
#341 = DIRECTION ( 'NONE',  ( 0.0000000000000000000, -1.000000000000000000, 0.0000000000000000000 ) ) ;
#342 = EDGE_CURVE ( 'NONE', #2695, #1689, #428, .T. ) ;
#343 = EDGE_LOOP ( 'NONE', ( #1378, #1549, #2343, #535 ) ) ;
#344 = SURFACE_STYLE_FILL_AREA ( #1880 ) ;
#345 = DIRECTION ( 'NONE',  ( -0.0000000000000000000, -1.000000000000000000, -0.0000000000000000000 ) ) ;
#346 = DIRECTION ( 'NONE',  ( -0.0000000000000000000, -1.000000000000000000, -0.0000000000000000000 ) ) ;
#347 = DIRECTION ( 'NONE',  ( -1.214792350123814900E-016, 0.0000000000000000000, -1.000000000000000000 ) ) ;
#348 = VECTOR ( 'NONE', #2051, 1000.000000000000000 ) ;
#349 = FACE_OUTER_BOUND ( 'NONE', #2702, .T. ) ;
#350 = VERTEX_POINT ( 'NONE', #2639 ) ;
#351 = VECTOR ( 'NONE', #1123, 1000.000000000000000 ) ;
#352 = CARTESIAN_POINT ( 'NONE',  ( 0.0000000000000000000, 2.449999999999999700, -0.2850000000000005300 ) ) ;
#353 = AXIS2_PLACEMENT_3D ( 'NONE', #998, #981, #2649 ) ;
#354 = ORIENTED_EDGE ( 'NONE', *, *, #1885, .T. ) ;
#355 = EDGE_CURVE ( 'NONE', #2210, #107, #122, .T. ) ;
#356 = AXIS2_PLACEMENT_3D ( 'NONE', #1833, #874, #1352 ) ;
#357 = SURFACE_STYLE_FILL_AREA ( #1711 ) ;
#358 = DIRECTION ( 'NONE',  ( 0.0000000000000000000, 0.0000000000000000000, 1.000000000000000000 ) ) ;
#360 = VERTEX_POINT ( 'NONE', #38 ) ;
#359 = DIRECTION ( 'NONE',  ( 1.000000000000000000, 0.0000000000000000000, 0.0000000000000000000 ) ) ;
#361 = FILL_AREA_STYLE_COLOUR ( '', #1827 ) ;
#362 = VECTOR ( 'NONE', #2799, 1000.000000000000000 ) ;
#363 = PLANE ( 'NONE',  #1819 ) ;
#364 = VERTEX_POINT ( 'NONE', #2628 ) ;
#365 = EDGE_CURVE ( 'NONE', #697, #2697, #1873, .T. ) ;
#366 = MANIFOLD_SOLID_BREP ( 'Pin 3', #1346 ) ;
#367 = EDGE_CURVE ( 'NONE', #720, #495, #2661, .T. ) ;
#368 = CARTESIAN_POINT ( 'NONE',  ( 2.665000000000000000, 1.544999999999999900, 2.214999999999999400 ) ) ;
#369 = CARTESIAN_POINT ( 'NONE',  ( 2.605000000000000000, 0.6700000000000000400, -3.880000000000000300 ) ) ;
#370 = DIRECTION ( 'NONE',  ( -1.000000000000000000, -0.0000000000000000000, 0.0000000000000000000 ) ) ;
#371 = AXIS2_PLACEMENT_3D ( 'NONE', #624, #848, #1102 ) ;
#372 = STYLED_ITEM ( 'NONE', ( #109 ), #522 ) ;
#373 = EDGE_LOOP ( 'NONE', ( #2821, #1920, #2016, #1898 ) ) ;
#374 = DIRECTION ( 'NONE',  ( -0.0000000000000000000, -1.000000000000000000, -0.0000000000000000000 ) ) ;
#375 = CARTESIAN_POINT ( 'NONE',  ( -2.665000000000000500, 0.8149999999999998400, 3.044999999999999500 ) ) ;
#376 = ORIENTED_EDGE ( 'NONE', *, *, #1134, .F. ) ;
#377 = DIRECTION ( 'NONE',  ( 0.0000000000000000000, 0.0000000000000000000, 1.000000000000000000 ) ) ;
#378 = LINE ( 'NONE', #2364, #1814 ) ;
#379 = EDGE_CURVE ( 'NONE', #1539, #1332, #1746, .T. ) ;
#380 = UNCERTAINTY_MEASURE_WITH_UNIT (LENGTH_MEASURE( 1.000000000000000100E-005 ), #1393, 'distance_accuracy_value', 'NONE');
#381 = VECTOR ( 'NONE', #345, 1000.000000000000000 ) ;
#382 = VERTEX_POINT ( 'NONE', #1227 ) ;
#383 = ORIENTED_EDGE ( 'NONE', *, *, #342, .F. ) ;
#384 = VERTEX_POINT ( 'NONE', #513 ) ;
#385 = VERTEX_POINT ( 'NONE', #292 ) ;
#386 = VERTEX_POINT ( 'NONE', #2375 ) ;
#387 = DIRECTION ( 'NONE',  ( 0.0000000000000000000, 0.0000000000000000000, 1.000000000000000000 ) ) ;
#388 = ORIENTED_EDGE ( 'NONE', *, *, #2408, .T. ) ;
#389 = VECTOR ( 'NONE', #2394, 1000.000000000000000 ) ;
#390 = AXIS2_PLACEMENT_3D ( 'NONE', #2981, #2959, #1301 ) ;
#391 = ORIENTED_EDGE ( 'NONE', *, *, #178, .F. ) ;
#392 =( NAMED_UNIT ( * ) PLANE_ANGLE_UNIT ( ) SI_UNIT ( $, .RADIAN. ) );
#393 =( GEOMETRIC_REPRESENTATION_CONTEXT ( 3 ) GLOBAL_UNCERTAINTY_ASSIGNED_CONTEXT ( ( #380 ) ) GLOBAL_UNIT_ASSIGNED_CONTEXT ( ( #1393, #1186, #1161 ) ) REPRESENTATION_CONTEXT ( 'NONE', 'WORKASPACE' ) );
#394 = ORIENTED_EDGE ( 'NONE', *, *, #71, .F. ) ;
#395 = CARTESIAN_POINT ( 'NONE',  ( 0.3800000000000000000, 1.014999999999999900, 2.214999999999999400 ) ) ;
#396 = ADVANCED_FACE ( 'NONE', ( #892 ), #1216, .F. ) ;
#397 = ORIENTED_EDGE ( 'NONE', *, *, #220, .T. ) ;
#398 = CARTESIAN_POINT ( 'NONE',  ( -0.3800000000000000000, 1.544999999999999900, 2.214999999999999400 ) ) ;
#399 = CARTESIAN_POINT ( 'NONE',  ( 0.0000000000000000000, 2.449999999999999700, 0.06499999999999946100 ) ) ;
#400 = EDGE_CURVE ( 'NONE', #48, #263, #2510, .T. ) ;
#401 = EDGE_CURVE ( 'NONE', #2231, #1982, #2176, .T. ) ;
#402 = LINE ( 'NONE', #1224, #219 ) ;
#403 = ORIENTED_EDGE ( 'NONE', *, *, #196, .F. ) ;
#404 = EDGE_CURVE ( 'NONE', #1596, #2147, #715, .T. ) ;
#405 = FACE_OUTER_BOUND ( 'NONE', #855, .T. ) ;
#406 = CARTESIAN_POINT ( 'NONE',  ( 2.665000000000000000, -0.1700000000000065100, 3.974999999999999200 ) ) ;
#407 = PRESENTATION_LAYER_ASSIGNMENT (  '', '', ( #1703 ) ) ;
#408 = CARTESIAN_POINT ( 'NONE',  ( -1.049999999999999800, 0.6700000000000000400, -3.530000000000000200 ) ) ;
#409 = PLANE ( 'NONE',  #8 ) ;
#410 = MECHANICAL_DESIGN_GEOMETRIC_PRESENTATION_REPRESENTATION (  '', ( #2623 ), #741 ) ;
#411 = FILL_AREA_STYLE_COLOUR ( '', #2368 ) ;
#412 = LINE ( 'NONE', #599, #226 ) ;
#413 = VECTOR ( 'NONE', #479, 1000.000000000000000 ) ;
#414 = PLANE ( 'NONE',  #84 ) ;
#415 = LINE ( 'NONE', #2293, #2840 ) ;
#416 = SURFACE_SIDE_STYLE ('',( #1617 ) ) ;
#417 = EDGE_CURVE ( 'NONE', #1604, #1001, #273, .T. ) ;
#418 =( NAMED_UNIT ( * ) PLANE_ANGLE_UNIT ( ) SI_UNIT ( $, .RADIAN. ) );
#419 = VERTEX_POINT ( 'NONE', #1532 ) ;
#420 = VECTOR ( 'NONE', #1901, 1000.000000000000000 ) ;
#421 = CYLINDRICAL_SURFACE ( 'NONE', #3056, 0.2499999999999997800 ) ;
#422 = ORIENTED_EDGE ( 'NONE', *, *, #451, .T. ) ;
#423 = ORIENTED_EDGE ( 'NONE', *, *, #1298, .T. ) ;
#424 = CIRCLE ( 'NONE', #1530, 0.2499999999999997800 ) ;
#425 = FACE_BOUND ( 'NONE', #1293, .T. ) ;
#426 = ORIENTED_EDGE ( 'NONE', *, *, #1634, .T. ) ;
#427 =( NAMED_UNIT ( * ) PLANE_ANGLE_UNIT ( ) SI_UNIT ( $, .RADIAN. ) );
#428 = LINE ( 'NONE', #2555, #1521 ) ;
#429 = AXIS2_PLACEMENT_3D ( 'NONE', #3061, #1365, #1124 ) ;
#430 = EDGE_LOOP ( 'NONE', ( #2166, #2081, #153, #2 ) ) ;
#431 = AXIS2_PLACEMENT_3D ( 'NONE', #2684, #812, #2340 ) ;
#432 = CARTESIAN_POINT ( 'NONE',  ( -2.429999999999999700, 0.0000000000000000000, -3.129999999999999900 ) ) ;
#433 = CARTESIAN_POINT ( 'NONE',  ( -1.050000000000000000, 8.170008333328704400, -3.779999999999999800 ) ) ;
#434 = SURFACE_STYLE_USAGE ( .BOTH. , #2305 ) ;
#435 = MECHANICAL_DESIGN_GEOMETRIC_PRESENTATION_REPRESENTATION (  '', ( #295 ), #2640 ) ;
#436 = LINE ( 'NONE', #1864, #1772 ) ;
#437 = EDGE_LOOP ( 'NONE', ( #2104, #1706, #1942, #1831 ) ) ;
#438 =( NAMED_UNIT ( * ) SI_UNIT ( $, .STERADIAN. ) SOLID_ANGLE_UNIT ( ) );
#439 = VECTOR ( 'NONE', #1506, 1000.000000000000000 ) ;
#440 = VECTOR ( 'NONE', #2863, 1000.000000000000000 ) ;
#441 = MECHANICAL_DESIGN_GEOMETRIC_PRESENTATION_REPRESENTATION (  '', ( #1707 ), #2383 ) ;
#442 = PRESENTATION_STYLE_ASSIGNMENT (( #528 ) ) ;
#443 = CARTESIAN_POINT ( 'NONE',  ( 0.3800000000000000000, 0.8149999999999998400, 3.044999999999999500 ) ) ;
#444 = LINE ( 'NONE', #1972, #2275 ) ;
#445 = VERTEX_POINT ( 'NONE', #1288 ) ;
#446 = DIRECTION ( 'NONE',  ( 0.0000000000000000000, -1.000000000000000000, -2.210922077225458000E-014 ) ) ;
#447 = FACE_OUTER_BOUND ( 'NONE', #1515, .T. ) ;
#448 = FACE_OUTER_BOUND ( 'NONE', #2294, .T. ) ;
#449 = VECTOR ( 'NONE', #2417, 1000.000000000000000 ) ;
#450 = EDGE_CURVE ( 'NONE', #2210, #385, #312, .T. ) ;
#451 = EDGE_CURVE ( 'NONE', #1760, #1244, #2929, .T. ) ;
#452 = ORIENTED_EDGE ( 'NONE', *, *, #1808, .T. ) ;
#453 = ORIENTED_EDGE ( 'NONE', *, *, #216, .F. ) ;
#454 = VECTOR ( 'NONE', #1048, 1000.000000000000000 ) ;
#455 =( NAMED_UNIT ( * ) PLANE_ANGLE_UNIT ( ) SI_UNIT ( $, .RADIAN. ) );
#456 = VECTOR ( 'NONE', #505, 1000.000000000000000 ) ;
#457 = ORIENTED_EDGE ( 'NONE', *, *, #2232, .T. ) ;
#458 = CARTESIAN_POINT ( 'NONE',  ( 0.0000000000000000000, 2.449999999999999700, -0.2850000000000005300 ) ) ;
#459 = EDGE_LOOP ( 'NONE', ( #680, #1777, #2723, #2287 ) ) ;
#460 =( NAMED_UNIT ( * ) PLANE_ANGLE_UNIT ( ) SI_UNIT ( $, .RADIAN. ) );
#461 = VECTOR ( 'NONE', #2390, 1000.000000000000000 ) ;
#462 = FILL_AREA_STYLE ('',( #2357 ) ) ;
#463 =( NAMED_UNIT ( * ) SI_UNIT ( $, .STERADIAN. ) SOLID_ANGLE_UNIT ( ) );
#464 = VERTEX_POINT ( 'NONE', #2015 ) ;
#465 = AXIS2_PLACEMENT_3D ( 'NONE', #2544, #187, #1116 ) ;
#466 =( LENGTH_UNIT ( ) NAMED_UNIT ( * ) SI_UNIT ( .MILLI., .METRE. ) );
#467 = PLANE ( 'NONE',  #1663 ) ;
#468 = CARTESIAN_POINT ( 'NONE',  ( 2.665000000000000000, 0.8149999999999998400, 3.044999999999999500 ) ) ;
#469 = DIRECTION ( 'NONE',  ( 1.000000000000000000, 0.0000000000000000000, -0.0000000000000000000 ) ) ;
#470 = ORIENTED_EDGE ( 'NONE', *, *, #2084, .F. ) ;
#471 = LINE ( 'NONE', #1993, #1086 ) ;
#472 = VECTOR ( 'NONE', #446, 1000.000000000000000 ) ;
#473 = EDGE_CURVE ( 'NONE', #445, #2090, #1262, .T. ) ;
#474 = ORIENTED_EDGE ( 'NONE', *, *, #582, .F. ) ;
#475 = PLANE ( 'NONE',  #188 ) ;
#476 = LINE ( 'NONE', #2480, #2264 ) ;
#477 =( NAMED_UNIT ( * ) SI_UNIT ( $, .STERADIAN. ) SOLID_ANGLE_UNIT ( ) );
#478 = DIRECTION ( 'NONE',  ( -0.0000000000000000000, -1.000000000000000000, -0.0000000000000000000 ) ) ;
#479 = DIRECTION ( 'NONE',  ( 0.0000000000000000000, 7.080503983578773100E-015, 1.000000000000000000 ) ) ;
#480 = LINE ( 'NONE', #156, #1655 ) ;
#481 = DIRECTION ( 'NONE',  ( 0.0000000000000000000, -0.0000000000000000000, -1.000000000000000000 ) ) ;
#482 = SURFACE_STYLE_FILL_AREA ( #976 ) ;
#483 = PRESENTATION_LAYER_ASSIGNMENT (  '', '', ( #603 ) ) ;
#484 = ORIENTED_EDGE ( 'NONE', *, *, #880, .F. ) ;
#485 = ORIENTED_EDGE ( 'NONE', *, *, #216, .T. ) ;
#486 = CYLINDRICAL_SURFACE ( 'NONE', #353, 0.7300000000000023100 ) ;
#487 = DIRECTION ( 'NONE',  ( -1.000000000000000000, -0.0000000000000000000, -0.0000000000000000000 ) ) ;
#488 = MECHANICAL_DESIGN_GEOMETRIC_PRESENTATION_REPRESENTATION (  '', ( #3017 ), #550 ) ;
#489 = CIRCLE ( 'NONE', #653, 0.7300000000000023100 ) ;
#490 = DIRECTION ( 'NONE',  ( -0.0000000000000000000, 0.0000000000000000000, -1.000000000000000000 ) ) ;
#491 = MANIFOLD_SOLID_BREP ( 'Housing', #2923 ) ;
#492 = CLOSED_SHELL ( 'NONE', ( #1492, #1963, #2975, #308, #2638, #1809 ) ) ;
#493 = LINE ( 'NONE', #1493, #1032 ) ;
#494 = CARTESIAN_POINT ( 'NONE',  ( -3.270000000000001400, 0.0000000000000000000, 2.072351052777079000 ) ) ;
#495 = VERTEX_POINT ( 'NONE', #1538 ) ;
#496 = ORIENTED_EDGE ( 'NONE', *, *, #2630, .F. ) ;
#497 = EDGE_CURVE ( 'NONE', #1620, #2883, #2069, .T. ) ;
#498 = ORIENTED_EDGE ( 'NONE', *, *, #1115, .T. ) ;
#499 = LINE ( 'NONE', #2902, #82 ) ;
#500 = VERTEX_POINT ( 'NONE', #2743 ) ;
#501 =( LENGTH_UNIT ( ) NAMED_UNIT ( * ) SI_UNIT ( .MILLI., .METRE. ) );
#502 = ORIENTED_EDGE ( 'NONE', *, *, #578, .T. ) ;
#503 = ADVANCED_FACE ( 'NONE', ( #749 ), #2005, .F. ) ;
#504 = CARTESIAN_POINT ( 'NONE',  ( -1.905000000000000200, 0.5599999999999933900, 3.974999999999999200 ) ) ;
#505 = DIRECTION ( 'NONE',  ( -1.000000000000000000, 0.0000000000000000000, 0.0000000000000000000 ) ) ;
#506 = AXIS2_PLACEMENT_3D ( 'NONE', #140, #1280, #2707 ) ;
#507 = DIRECTION ( 'NONE',  ( -1.000000000000000000, -0.0000000000000000000, -0.0000000000000000000 ) ) ;
#508 = AXIS2_PLACEMENT_3D ( 'NONE', #2637, #2898, #1471 ) ;
#509 = PRODUCT_CONTEXT ( 'NONE', #2345, 'mechanical' ) ;
#510 = DIRECTION ( 'NONE',  ( -1.000000000000000000, 0.0000000000000000000, -1.214792350123814900E-016 ) ) ;
#511 = ORIENTED_EDGE ( 'NONE', *, *, #942, .T. ) ;
#512 = LINE ( 'NONE', #1979, #1576 ) ;
#513 = CARTESIAN_POINT ( 'NONE',  ( -2.429999999999999700, 0.0000000000000000000, -3.129999999999999900 ) ) ;
#514 = ORIENTED_EDGE ( 'NONE', *, *, #1967, .T. ) ;
#515 = EDGE_CURVE ( 'NONE', #592, #2586, #1431, .T. ) ;
#516 = ORIENTED_EDGE ( 'NONE', *, *, #2451, .F. ) ;
#517 = ADVANCED_FACE ( 'NONE', ( #1286 ), #664, .F. ) ;
#518 = LINE ( 'NONE', #1535, #18 ) ;
#519 = ORIENTED_EDGE ( 'NONE', *, *, #1890, .F. ) ;
#520 = EDGE_CURVE ( 'NONE', #464, #784, #2613, .T. ) ;
#521 = LINE ( 'NONE', #192, #2872 ) ;
#522 = ADVANCED_FACE ( 'NONE', ( #2004 ), #2241, .F. ) ;
#523 = DIRECTION ( 'NONE',  ( 0.0000000000000000000, -1.000000000000000000, 6.546126324440784800E-015 ) ) ;
#524 = VERTEX_POINT ( 'NONE', #2745 ) ;
#525 = DIRECTION ( 'NONE',  ( -0.06908086403639318600, -0.9879023813098026800, 0.1388406252737528800 ) ) ;
#526 = SHAPE_DEFINITION_REPRESENTATION ( #2376, #1238 ) ;
#527 = FACE_OUTER_BOUND ( 'NONE', #1842, .T. ) ;
#528 = SURFACE_STYLE_USAGE ( .BOTH. , #1239 ) ;
#529 = VERTEX_POINT ( 'NONE', #176 ) ;
#530 = CARTESIAN_POINT ( 'NONE',  ( -1.049999999999999800, 8.170008333328704400, -4.029999999999999400 ) ) ;
#531 = AXIS2_PLACEMENT_3D ( 'NONE', #2481, #2726, #1314 ) ;
#532 = CARTESIAN_POINT ( 'NONE',  ( -2.605000000000000000, 0.0000000000000000000, -4.955000000000000100 ) ) ;
#533 =( NAMED_UNIT ( * ) SI_UNIT ( $, .STERADIAN. ) SOLID_ANGLE_UNIT ( ) );
#534 = SURFACE_STYLE_FILL_AREA ( #2310 ) ;
#535 = ORIENTED_EDGE ( 'NONE', *, *, #1845, .T. ) ;
#536 = ADVANCED_FACE ( 'NONE', ( #2698 ), #1067, .T. ) ;
#537 = EDGE_CURVE ( 'NONE', #1058, #386, #1668, .T. ) ;
#538 =( LENGTH_UNIT ( ) NAMED_UNIT ( * ) SI_UNIT ( .MILLI., .METRE. ) );
#539 = DIRECTION ( 'NONE',  ( -1.000000000000000000, 0.0000000000000000000, 0.0000000000000000000 ) ) ;
#540 = ORIENTED_EDGE ( 'NONE', *, *, #2944, .F. ) ;
#541 = CARTESIAN_POINT ( 'NONE',  ( 1.050000000000000000, 0.0000000000000000000, -3.779999999999999800 ) ) ;
#542 = VECTOR ( 'NONE', #2158, 1000.000000000000000 ) ;
#543 = DIRECTION ( 'NONE',  ( -1.084202172485504000E-015, -0.0000000000000000000, -1.000000000000000000 ) ) ;
#544 = EDGE_LOOP ( 'NONE', ( #354, #719, #2557, #1047 ) ) ;
#545 = CARTESIAN_POINT ( 'NONE',  ( 1.905000000000000000, 0.5599999999999933900, 3.244999999999997000 ) ) ;
#546 = PRESENTATION_LAYER_ASSIGNMENT (  '', '', ( #1646 ) ) ;
#547 =( LENGTH_UNIT ( ) NAMED_UNIT ( * ) SI_UNIT ( .MILLI., .METRE. ) );
#548 = LINE ( 'NONE', #1211, #28 ) ;
#549 = DIRECTION ( 'NONE',  ( 1.000000000000000000, 0.0000000000000000000, 0.0000000000000000000 ) ) ;
#550 =( GEOMETRIC_REPRESENTATION_CONTEXT ( 3 ) GLOBAL_UNCERTAINTY_ASSIGNED_CONTEXT ( ( #1183 ) ) GLOBAL_UNIT_ASSIGNED_CONTEXT ( ( #2534, #2999, #888 ) ) REPRESENTATION_CONTEXT ( 'NONE', 'WORKASPACE' ) );
#551 = UNCERTAINTY_MEASURE_WITH_UNIT (LENGTH_MEASURE( 1.000000000000000100E-005 ), #1550, 'distance_accuracy_value', 'NONE');
#552 = FACE_OUTER_BOUND ( 'NONE', #2038, .T. ) ;
#553 =( NAMED_UNIT ( * ) PLANE_ANGLE_UNIT ( ) SI_UNIT ( $, .RADIAN. ) );
#554 = ORIENTED_EDGE ( 'NONE', *, *, #2108, .T. ) ;
#555 = PRESENTATION_LAYER_ASSIGNMENT (  '', '', ( #66 ) ) ;
#556 = DIRECTION ( 'NONE',  ( 0.0000000000000000000, 0.0000000000000000000, -1.000000000000000000 ) ) ;
#557 =( LENGTH_UNIT ( ) NAMED_UNIT ( * ) SI_UNIT ( .MILLI., .METRE. ) );
#558 = EDGE_LOOP ( 'NONE', ( #3042, #581, #2031, #2178, #2046, #423, #2366, #2941, #1137, #1487, #1441, #284, #630, #796, #2514, #516 ) ) ;
#559 =( NAMED_UNIT ( * ) SI_UNIT ( $, .STERADIAN. ) SOLID_ANGLE_UNIT ( ) );
#560 = VERTEX_POINT ( 'NONE', #1551 ) ;
#561 = CARTESIAN_POINT ( 'NONE',  ( -1.905000000000000200, 1.544999999999999900, 3.044999999999999500 ) ) ;
#562 = EDGE_CURVE ( 'NONE', #1966, #2735, #2744, .T. ) ;
#563 = FILL_AREA_STYLE_COLOUR ( '', #2934 ) ;
#564 = ORIENTED_EDGE ( 'NONE', *, *, #3049, .T. ) ;
#565 = DIRECTION ( 'NONE',  ( 0.0000000000000000000, 0.0000000000000000000, -1.000000000000000000 ) ) ;
#566 = VERTEX_POINT ( 'NONE', #877 ) ;
#567 = VECTOR ( 'NONE', #387, 1000.000000000000000 ) ;
#568 = ORIENTED_EDGE ( 'NONE', *, *, #1716, .F. ) ;
#569 = PLANE ( 'NONE',  #1312 ) ;
#570 = UNCERTAINTY_MEASURE_WITH_UNIT (LENGTH_MEASURE( 1.000000000000000100E-005 ), #2459, 'distance_accuracy_value', 'NONE');
#571 = CIRCLE ( 'NONE', #3038, 0.7300000000000023100 ) ;
#572 = COLOUR_RGB ( '',0.2509803921568627400, 0.2509803921568627400, 0.2509803921568627400 ) ;
#573 = CARTESIAN_POINT ( 'NONE',  ( -1.905000000000000200, -0.1700000000000065100, 3.974999999999999200 ) ) ;
#574 = ORIENTED_EDGE ( 'NONE', *, *, #1586, .T. ) ;
#575 = EDGE_LOOP ( 'NONE', ( #1429, #2441, #2878, #1031 ) ) ;
#576 = PRESENTATION_STYLE_ASSIGNMENT (( #2793 ) ) ;
#577 = VECTOR ( 'NONE', #2256, 1000.000000000000000 ) ;
#578 = EDGE_CURVE ( 'NONE', #1602, #2586, #1978, .T. ) ;
#579 = EDGE_CURVE ( 'NONE', #2759, #1604, #678, .T. ) ;
#580 = SURFACE_STYLE_USAGE ( .BOTH. , #843 ) ;
#581 = ORIENTED_EDGE ( 'NONE', *, *, #450, .T. ) ;
#582 = EDGE_CURVE ( 'NONE', #524, #944, #2146, .T. ) ;
#583 = CARTESIAN_POINT ( 'NONE',  ( 0.3800000000000000000, 1.014999999999999900, 3.044999999999999500 ) ) ;
#584 = MECHANICAL_DESIGN_GEOMETRIC_PRESENTATION_REPRESENTATION (  '', ( #1325 ), #1659 ) ;
#585 = ORIENTED_EDGE ( 'NONE', *, *, #177, .T. ) ;
#586 = PRESENTATION_LAYER_ASSIGNMENT (  '', '', ( #2623 ) ) ;
#587 = AXIS2_PLACEMENT_3D ( 'NONE', #912, #1858, #3025 ) ;
#588 = DIRECTION ( 'NONE',  ( 0.0000000000000000000, 1.000000000000000000, 0.0000000000000000000 ) ) ;
#589 = AXIS2_PLACEMENT_3D ( 'NONE', #2337, #951, #2367 ) ;
#590 = PLANE ( 'NONE',  #955 ) ;
#591 = CARTESIAN_POINT ( 'NONE',  ( 0.0000000000000000000, 2.449999999999999700, 0.06499999999999946100 ) ) ;
#592 = VERTEX_POINT ( 'NONE', #399 ) ;
#593 = FACE_OUTER_BOUND ( 'NONE', #1611, .T. ) ;
#594 = CARTESIAN_POINT ( 'NONE',  ( 2.605000000000000000, 0.6700000000000000400, -3.530000000000000200 ) ) ;
#595 = LINE ( 'NONE', #2302, #1933 ) ;
#596 = VERTEX_POINT ( 'NONE', #1307 ) ;
#597 = PRESENTATION_STYLE_ASSIGNMENT (( #1204 ) ) ;
#598 = CARTESIAN_POINT ( 'NONE',  ( 2.605000000000000000, 0.6700000000000004800, -3.530000000000000200 ) ) ;
#599 = CARTESIAN_POINT ( 'NONE',  ( 2.605000000000000000, 0.0000000000000000000, -4.955000000000000100 ) ) ;
#600 = ORIENTED_EDGE ( 'NONE', *, *, #159, .F. ) ;
#601 = UNCERTAINTY_MEASURE_WITH_UNIT (LENGTH_MEASURE( 1.000000000000000100E-005 ), #99, 'distance_accuracy_value', 'NONE');
#602 = DIRECTION ( 'NONE',  ( 0.0000000000000000000, 0.0000000000000000000, 1.000000000000000000 ) ) ;
#603 = STYLED_ITEM ( 'NONE', ( #2636 ), #979 ) ;
#604 = VECTOR ( 'NONE', #89, 1000.000000000000000 ) ;
#605 = ORIENTED_EDGE ( 'NONE', *, *, #629, .T. ) ;
#606 = CLOSED_SHELL ( 'NONE', ( #2482, #1222, #1444, #2899, #2839, #396, #2126, #1973, #2402, #1194, #1251, #2169, #2418, #2261 ) ) ;
#607 = DIRECTION ( 'NONE',  ( 1.000000000000000000, 0.0000000000000000000, -0.0000000000000000000 ) ) ;
#608 = STYLED_ITEM ( 'NONE', ( #825 ), #2651 ) ;
#609 = VERTEX_POINT ( 'NONE', #1828 ) ;
#610 = DIRECTION ( 'NONE',  ( -1.000000000000000000, 0.0000000000000000000, 0.0000000000000000000 ) ) ;
#612 = VERTEX_POINT ( 'NONE', #2060 ) ;
#611 = PLANE ( 'NONE',  #1381 ) ;
#613 = ADVANCED_FACE ( 'NONE', ( #797 ), #686, .T. ) ;
#614 = DIRECTION ( 'NONE',  ( 1.000000000000000000, 0.0000000000000000000, 0.0000000000000000000 ) ) ;
#615 = VERTEX_POINT ( 'NONE', #665 ) ;
#616 = CARTESIAN_POINT ( 'NONE',  ( 0.0000000000000000000, 0.0000000000000000000, 0.0000000000000000000 ) ) ;
#617 = EDGE_CURVE ( 'NONE', #615, #2147, #2852, .T. ) ;
#618 = CARTESIAN_POINT ( 'NONE',  ( 2.605000000000000000, 8.170008333328704400, -4.955000000000000100 ) ) ;
#619 = DIRECTION ( 'NONE',  ( -0.0000000000000000000, -0.0000000000000000000, 1.000000000000000000 ) ) ;
#620 = CARTESIAN_POINT ( 'NONE',  ( 2.665000000000000000, 0.5599999999999933900, 3.244999999999997000 ) ) ;
#621 = ORIENTED_EDGE ( 'NONE', *, *, #2770, .T. ) ;
#622 = DIRECTION ( 'NONE',  ( 0.0000000000000000000, 1.000000000000000000, 0.0000000000000000000 ) ) ;
#623 = FACE_OUTER_BOUND ( 'NONE', #2447, .T. ) ;
#624 = CARTESIAN_POINT ( 'NONE',  ( -1.905000000000000200, 1.014999999999999900, 3.044999999999999500 ) ) ;
#625 = EDGE_LOOP ( 'NONE', ( #840, #1167, #702, #621 ) ) ;
#626 = CIRCLE ( 'NONE', #2809, 0.7300000000000002000 ) ;
#627 = FACE_OUTER_BOUND ( 'NONE', #2871, .T. ) ;
#628 = DIRECTION ( 'NONE',  ( 0.0000000000000000000, 1.000000000000000000, 0.0000000000000000000 ) ) ;
#629 = EDGE_CURVE ( 'NONE', #2325, #963, #2616, .T. ) ;
#630 = ORIENTED_EDGE ( 'NONE', *, *, #2654, .F. ) ;
#631 = FILL_AREA_STYLE_COLOUR ( '', #1414 ) ;
#632 = DIRECTION ( 'NONE',  ( -1.000000000000000000, -0.0000000000000000000, -0.0000000000000000000 ) ) ;
#633 = VERTEX_POINT ( 'NONE', #693 ) ;
#634 = LINE ( 'NONE', #966, #34 ) ;
#635 = EDGE_CURVE ( 'NONE', #2780, #560, #754, .T. ) ;
#636 = VERTEX_POINT ( 'NONE', #2094 ) ;
#637 = VERTEX_POINT ( 'NONE', #1869 ) ;
#638 = CIRCLE ( 'NONE', #1958, 0.2000000000000031200 ) ;
#639 = CARTESIAN_POINT ( 'NONE',  ( -3.270000000000001400, 2.549999999999999800, 2.073756461124103300 ) ) ;
#640 = ORIENTED_EDGE ( 'NONE', *, *, #1260, .F. ) ;
#641 = ORIENTED_EDGE ( 'NONE', *, *, #2747, .T. ) ;
#642 = CARTESIAN_POINT ( 'NONE',  ( 2.429999999999999700, 0.6700000000000000400, -3.129999999999999900 ) ) ;
#643 = VECTOR ( 'NONE', #2011, 1000.000000000000000 ) ;
#644 = LINE ( 'NONE', #3016, #1433 ) ;
#645 = SURFACE_SIDE_STYLE ('',( #2660 ) ) ;
#646 = EDGE_LOOP ( 'NONE', ( #283, #383, #1519, #388 ) ) ;
#647 = ORIENTED_EDGE ( 'NONE', *, *, #1960, .T. ) ;
#648 = AXIS2_PLACEMENT_3D ( 'NONE', #1754, #1956, #1457 ) ;
#649 =( NAMED_UNIT ( * ) SI_UNIT ( $, .STERADIAN. ) SOLID_ANGLE_UNIT ( ) );
#650 = LINE ( 'NONE', #43, #2432 ) ;
#651 = VERTEX_POINT ( 'NONE', #2554 ) ;
#652 = VECTOR ( 'NONE', #256, 1000.000000000000000 ) ;
#653 = AXIS2_PLACEMENT_3D ( 'NONE', #1093, #614, #841 ) ;
#654 = VERTEX_POINT ( 'NONE', #3036 ) ;
#655 = CARTESIAN_POINT ( 'NONE',  ( 2.665000000000000000, 0.5599999999999933900, 3.244999999999997000 ) ) ;
#656 = DIRECTION ( 'NONE',  ( 1.000000000000000000, 0.0000000000000000000, 0.0000000000000000000 ) ) ;
#657 = LINE ( 'NONE', #2453, #2673 ) ;
#658 = DIRECTION ( 'NONE',  ( -1.000000000000000000, -0.0000000000000000000, 0.0000000000000000000 ) ) ;
#659 = EDGE_CURVE ( 'NONE', #1323, #382, #319, .T. ) ;
#660 = SURFACE_STYLE_USAGE ( .BOTH. , #1085 ) ;
#661 = PLANE ( 'NONE',  #431 ) ;
#662 = ORIENTED_EDGE ( 'NONE', *, *, #197, .F. ) ;
#663 = DIRECTION ( 'NONE',  ( 0.0000000000000000000, 0.0000000000000000000, -1.000000000000000000 ) ) ;
#664 = PLANE ( 'NONE',  #1310 ) ;
#665 = CARTESIAN_POINT ( 'NONE',  ( -2.665000000000000500, 0.5599999999999933900, 3.244999999999997000 ) ) ;
#666 = DIRECTION ( 'NONE',  ( -1.000000000000000000, -0.0000000000000000000, -0.0000000000000000000 ) ) ;
#667 = LINE ( 'NONE', #3004, #1537 ) ;
#668 = AXIS2_PLACEMENT_3D ( 'NONE', #1321, #2502, #190 ) ;
#669 = FILL_AREA_STYLE_COLOUR ( '', #2049 ) ;
#670 = ORIENTED_EDGE ( 'NONE', *, *, #355, .F. ) ;
#671 = EDGE_CURVE ( 'NONE', #2041, #2780, #424, .T. ) ;
#672 =( NAMED_UNIT ( * ) SI_UNIT ( $, .STERADIAN. ) SOLID_ANGLE_UNIT ( ) );
#673 = ORIENTED_EDGE ( 'NONE', *, *, #1657, .T. ) ;
#674 = SURFACE_STYLE_FILL_AREA ( #201 ) ;
#675 =( NAMED_UNIT ( * ) PLANE_ANGLE_UNIT ( ) SI_UNIT ( $, .RADIAN. ) );
#676 = CARTESIAN_POINT ( 'NONE',  ( 2.665000000000000000, 0.3599999999999906100, 3.974999999999996100 ) ) ;
#677 = ORIENTED_EDGE ( 'NONE', *, *, #255, .F. ) ;
#678 = LINE ( 'NONE', #1329, #1941 ) ;
#680 = ORIENTED_EDGE ( 'NONE', *, *, #137, .T. ) ;
#679 = CARTESIAN_POINT ( 'NONE',  ( 2.605000000000000000, 8.170008333328704400, -4.955000000000000100 ) ) ;
#682 = DIRECTION ( 'NONE',  ( 1.000000000000000000, -0.0000000000000000000, -0.0000000000000000000 ) ) ;
#681 = DIRECTION ( 'NONE',  ( 0.0000000000000000000, 0.0000000000000000000, 1.000000000000000000 ) ) ;
#683 = COLOUR_RGB ( '',0.7921568627450980000, 0.8196078431372548800, 0.9333333333333333500 ) ;
#684 = MECHANICAL_DESIGN_GEOMETRIC_PRESENTATION_REPRESENTATION (  '', ( #2950 ), #842 ) ;
#685 = ORIENTED_EDGE ( 'NONE', *, *, #196, .T. ) ;
#686 = PLANE ( 'NONE',  #2958 ) ;
#687 = VECTOR ( 'NONE', #622, 1000.000000000000000 ) ;
#688 = VERTEX_POINT ( 'NONE', #214 ) ;
#689 =( GEOMETRIC_REPRESENTATION_CONTEXT ( 3 ) GLOBAL_UNCERTAINTY_ASSIGNED_CONTEXT ( ( #601 ) ) GLOBAL_UNIT_ASSIGNED_CONTEXT ( ( #99, #1767, #559 ) ) REPRESENTATION_CONTEXT ( 'NONE', 'WORKASPACE' ) );
#690 = EDGE_CURVE ( 'NONE', #382, #2935, #2813, .T. ) ;
#691 =( NAMED_UNIT ( * ) PLANE_ANGLE_UNIT ( ) SI_UNIT ( $, .RADIAN. ) );
#692 = DIRECTION ( 'NONE',  ( 0.0000000000000000000, 0.0000000000000000000, -1.000000000000000000 ) ) ;
#693 = CARTESIAN_POINT ( 'NONE',  ( -1.905000000000000200, 1.014999999999999900, 2.214999999999999400 ) ) ;
#694 = EDGE_CURVE ( 'NONE', #2599, #1264, #772, .T. ) ;
#695 = CARTESIAN_POINT ( 'NONE',  ( 0.3800000000000000000, 1.544999999999999900, 3.044999999999999500 ) ) ;
#696 = UNCERTAINTY_MEASURE_WITH_UNIT (LENGTH_MEASURE( 1.000000000000000100E-005 ), #895, 'distance_accuracy_value', 'NONE');
#697 = VERTEX_POINT ( 'NONE', #1374 ) ;
#698 = LINE ( 'NONE', #2897, #2826 ) ;
#699 = CARTESIAN_POINT ( 'NONE',  ( -3.270000000000001400, 0.6700000000000000400, -3.880000000000000300 ) ) ;
#700 = ADVANCED_FACE ( 'NONE', ( #1846, #2192 ), #25, .F. ) ;
#701 = SURFACE_SIDE_STYLE ('',( #482 ) ) ;
#702 = ORIENTED_EDGE ( 'NONE', *, *, #983, .T. ) ;
#703 = DIRECTION ( 'NONE',  ( 1.000000000000000000, 0.0000000000000000000, -0.0000000000000000000 ) ) ;
#704 = SURFACE_STYLE_FILL_AREA ( #1157 ) ;
#705 = EDGE_LOOP ( 'NONE', ( #45, #13, #1434, #2773 ) ) ;
#706 = DIRECTION ( 'NONE',  ( 0.0000000000000000000, 0.0000000000000000000, 1.000000000000000000 ) ) ;
#707 = PRESENTATION_LAYER_ASSIGNMENT (  '', '', ( #1707 ) ) ;
#708 = DIRECTION ( 'NONE',  ( 1.000000000000000000, 0.0000000000000000000, 0.0000000000000000000 ) ) ;
#709 = ORIENTED_EDGE ( 'NONE', *, *, #3053, .T. ) ;
#710 = LINE ( 'NONE', #1876, #743 ) ;
#711 = ORIENTED_EDGE ( 'NONE', *, *, #537, .F. ) ;
#712 = SURFACE_SIDE_STYLE ('',( #674 ) ) ;
#713 = FILL_AREA_STYLE_COLOUR ( '', #1229 ) ;
#714 = ORIENTED_EDGE ( 'NONE', *, *, #635, .F. ) ;
#715 = LINE ( 'NONE', #1422, #1335 ) ;
#716 = DIRECTION ( 'NONE',  ( 0.0000000000000000000, -1.000000000000000000, 0.0000000000000000000 ) ) ;
#717 = CARTESIAN_POINT ( 'NONE',  ( 2.254999999999999400, 0.6700000000000004800, -3.530000000000000200 ) ) ;
#718 = LINE ( 'NONE', #2930, #1399 ) ;
#719 = ORIENTED_EDGE ( 'NONE', *, *, #417, .T. ) ;
#720 = VERTEX_POINT ( 'NONE', #727 ) ;
#721 = FACE_OUTER_BOUND ( 'NONE', #3028, .T. ) ;
#722 = CLOSED_SHELL ( 'NONE', ( #1072, #2204, #1734, #2245, #2865, #503, #1008, #1929, #1916, #2656, #779, #786, #801, #50, #2018, #1171, #2946, #1783, #1240, #1950, #1565, #700 ) ) ;
#723 = AXIS2_PLACEMENT_3D ( 'NONE', #2925, #2936, #607 ) ;
#724 = ORIENTED_EDGE ( 'NONE', *, *, #2053, .T. ) ;
#725 = DIRECTION ( 'NONE',  ( 0.0000000000000000000, 0.0000000000000000000, 1.000000000000000000 ) ) ;
#726 = AXIS2_PLACEMENT_3D ( 'NONE', #2881, #2864, #1654 ) ;
#727 = CARTESIAN_POINT ( 'NONE',  ( -2.665000000000000500, 0.3600000000000003800, 4.955000000000000100 ) ) ;
#728 = DIRECTION ( 'NONE',  ( 0.0000000000000000000, 0.0000000000000000000, 1.000000000000000000 ) ) ;
#729 = FILL_AREA_STYLE ('',( #2327 ) ) ;
#730 = DIRECTION ( 'NONE',  ( -0.0000000000000000000, 1.000000000000000000, 0.0000000000000000000 ) ) ;
#731 = ORIENTED_EDGE ( 'NONE', *, *, #2477, .T. ) ;
#732 = LINE ( 'NONE', #2248, #254 ) ;
#733 = EDGE_CURVE ( 'NONE', #2794, #2203, #2373, .T. ) ;
#734 = EDGE_CURVE ( 'NONE', #1468, #2735, #913, .T. ) ;
#735 = ORIENTED_EDGE ( 'NONE', *, *, #365, .F. ) ;
#736 = DIRECTION ( 'NONE',  ( 0.0000000000000000000, 0.1391731009600587500, -0.9902680687415712500 ) ) ;
#737 = VECTOR ( 'NONE', #478, 1000.000000000000000 ) ;
#738 = CYLINDRICAL_SURFACE ( 'NONE', #2866, 0.2000000000000000900 ) ;
#739 = CARTESIAN_POINT ( 'NONE',  ( 2.665000000000000000, 0.8149999999999844000, 3.774999999999999900 ) ) ;
#740 = CARTESIAN_POINT ( 'NONE',  ( 2.429999999999999700, 0.6700000000000000400, -3.129999999999999900 ) ) ;
#741 =( GEOMETRIC_REPRESENTATION_CONTEXT ( 3 ) GLOBAL_UNCERTAINTY_ASSIGNED_CONTEXT ( ( #1686 ) ) GLOBAL_UNIT_ASSIGNED_CONTEXT ( ( #1407, #910, #1159 ) ) REPRESENTATION_CONTEXT ( 'NONE', 'WORKASPACE' ) );
#742 = AXIS2_PLACEMENT_3D ( 'NONE', #164, #2775, #879 ) ;
#743 = VECTOR ( 'NONE', #656, 1000.000000000000000 ) ;
#744 =( NAMED_UNIT ( * ) PLANE_ANGLE_UNIT ( ) SI_UNIT ( $, .RADIAN. ) );
#745 = ORIENTED_EDGE ( 'NONE', *, *, #733, .F. ) ;
#746 = AXIS2_PLACEMENT_3D ( 'NONE', #2631, #785, #2655 ) ;
#747 = DIRECTION ( 'NONE',  ( -1.000000000000000000, -0.0000000000000000000, -0.0000000000000000000 ) ) ;
#748 = EDGE_LOOP ( 'NONE', ( #1962, #1430, #2300, #2859, #925, #1258, #1247, #2540, #1373, #3047, #540, #1568 ) ) ;
#749 = FACE_OUTER_BOUND ( 'NONE', #835, .T. ) ;
#750 = VECTOR ( 'NONE', #2752, 1000.000000000000000 ) ;
#751 = VECTOR ( 'NONE', #1483, 1000.000000000000000 ) ;
#752 = ORIENTED_EDGE ( 'NONE', *, *, #2666, .T. ) ;
#753 = CARTESIAN_POINT ( 'NONE',  ( -2.665000000000000500, 0.8149999999999844000, 3.774999999999999500 ) ) ;
#754 = LINE ( 'NONE', #2078, #2542 ) ;
#755 = CARTESIAN_POINT ( 'NONE',  ( -1.049999999999999800, 0.6700000000000000400, -3.530000000000000200 ) ) ;
#756 = ORIENTED_EDGE ( 'NONE', *, *, #931, .F. ) ;
#757 = ORIENTED_EDGE ( 'NONE', *, *, #1019, .T. ) ;
#758 = DIRECTION ( 'NONE',  ( -0.9975640502598245300, -0.06975647374412179100, -0.0000000000000000000 ) ) ;
#760 = CARTESIAN_POINT ( 'NONE',  ( -1.905000000000000200, 0.5599999999999933900, 3.244999999999997000 ) ) ;
#759 = DIRECTION ( 'NONE',  ( -1.000000000000000000, -0.0000000000000000000, -0.0000000000000000000 ) ) ;
#761 = ORIENTED_EDGE ( 'NONE', *, *, #1092, .T. ) ;
#762 = AXIS2_PLACEMENT_3D ( 'NONE', #1581, #658, #2253 ) ;
#763 = AXIS2_PLACEMENT_3D ( 'NONE', #2194, #338, #2886 ) ;
#764 = VERTEX_POINT ( 'NONE', #2173 ) ;
#765 =( NAMED_UNIT ( * ) PLANE_ANGLE_UNIT ( ) SI_UNIT ( $, .RADIAN. ) );
#766 = ADVANCED_FACE ( 'NONE', ( #552 ), #1677, .F. ) ;
#767 = ORIENTED_EDGE ( 'NONE', *, *, #2770, .F. ) ;
#768 = AXIS2_PLACEMENT_3D ( 'NONE', #1934, #2867, #1770 ) ;
#769 = FILL_AREA_STYLE ('',( #266 ) ) ;
#770 = PLANE ( 'NONE',  #1250 ) ;
#771 = ORIENTED_EDGE ( 'NONE', *, *, #2408, .F. ) ;
#772 = CIRCLE ( 'NONE', #218, 0.2499999999999997800 ) ;
#773 = DIRECTION ( 'NONE',  ( 0.0000000000000000000, 1.000000000000000000, 0.0000000000000000000 ) ) ;
#774 = LINE ( 'NONE', #1968, #1957 ) ;
#775 = EDGE_CURVE ( 'NONE', #2041, #350, #512, .T. ) ;
#776 = DIRECTION ( 'NONE',  ( 0.0000000000000000000, -1.000000000000000000, 7.080503983578773100E-015 ) ) ;
#777 = CARTESIAN_POINT ( 'NONE',  ( 2.665000000000000000, 1.544999999999999900, 2.214999999999999400 ) ) ;
#778 = PLANE ( 'NONE',  #508 ) ;
#779 = ADVANCED_FACE ( 'NONE', ( #2945 ), #2187, .F. ) ;
#780 = DIRECTION ( 'NONE',  ( -1.000000000000000000, 0.0000000000000000000, 0.0000000000000000000 ) ) ;
#781 = DIRECTION ( 'NONE',  ( 1.000000000000000000, 0.0000000000000000000, 0.0000000000000000000 ) ) ;
#782 = EDGE_CURVE ( 'NONE', #2966, #142, #402, .T. ) ;
#783 = CARTESIAN_POINT ( 'NONE',  ( 3.199024285877329500, 1.014999999999999900, 2.214999999999999400 ) ) ;
#784 = VERTEX_POINT ( 'NONE', #532 ) ;
#785 = DIRECTION ( 'NONE',  ( -0.0000000000000000000, 0.0000000000000000000, 1.000000000000000000 ) ) ;
#786 = ADVANCED_FACE ( 'NONE', ( #298 ), #1731, .F. ) ;
#787 = DIRECTION ( 'NONE',  ( -1.000000000000000000, 0.0000000000000000000, -0.0000000000000000000 ) ) ;
#788 = AXIS2_PLACEMENT_3D ( 'NONE', #2064, #2538, #2103 ) ;
#789 = VECTOR ( 'NONE', #2023, 1000.000000000000000 ) ;
#790 = DIRECTION ( 'NONE',  ( 1.000000000000000000, -0.0000000000000000000, -0.0000000000000000000 ) ) ;
#791 = DIRECTION ( 'NONE',  ( 1.000000000000000000, 0.0000000000000000000, -1.214792350123814900E-016 ) ) ;
#792 = PLANE ( 'NONE',  #1234 ) ;
#793 = ORIENTED_EDGE ( 'NONE', *, *, #355, .T. ) ;
#794 = EDGE_CURVE ( 'NONE', #1131, #963, #2982, .T. ) ;
#795 = EDGE_LOOP ( 'NONE', ( #2151, #2486, #2857, #867 ) ) ;
#796 = ORIENTED_EDGE ( 'NONE', *, *, #2335, .F. ) ;
#797 = FACE_OUTER_BOUND ( 'NONE', #2997, .T. ) ;
#798 = VERTEX_POINT ( 'NONE', #306 ) ;
#799 = DIRECTION ( 'NONE',  ( 1.084202172485504000E-015, 0.0000000000000000000, 1.000000000000000000 ) ) ;
#800 = ORIENTED_EDGE ( 'NONE', *, *, #2335, .T. ) ;
#801 = ADVANCED_FACE ( 'NONE', ( #1807 ), #1015, .F. ) ;
#802 = CARTESIAN_POINT ( 'NONE',  ( -1.905000000000000000, 8.170008333328704400, -4.955000000000000100 ) ) ;
#803 = CARTESIAN_POINT ( 'NONE',  ( 1.050000000000000000, 8.170008333328704400, -3.779999999999999800 ) ) ;
#804 = VECTOR ( 'NONE', #1090, 1000.000000000000000 ) ;
#805 = DIRECTION ( 'NONE',  ( -1.000000000000000000, -0.0000000000000000000, -0.0000000000000000000 ) ) ;
#806 = ORIENTED_EDGE ( 'NONE', *, *, #775, .T. ) ;
#807 = LINE ( 'NONE', #583, #1650 ) ;
#808 = MANIFOLD_SOLID_BREP ( 'Thermal Pad', #722 ) ;
#809 = ADVANCED_FACE ( 'NONE', ( #1164 ), #2822, .F. ) ;
#810 = CARTESIAN_POINT ( 'NONE',  ( -2.429999999999999300, 8.170008333328704400, 0.4399999999999993900 ) ) ;
#811 = EDGE_LOOP ( 'NONE', ( #670, #752, #2352, #1922, #647, #2566, #2614, #81, #1396, #1771, #2844, #859 ) ) ;
#812 = DIRECTION ( 'NONE',  ( 1.000000000000000000, 0.0000000000000000000, -1.214792350123814900E-016 ) ) ;
#813 = CARTESIAN_POINT ( 'NONE',  ( 2.254999999999999900, 0.0000000000000000000, -3.129999999999999900 ) ) ;
#814 = EDGE_CURVE ( 'NONE', #963, #500, #2448, .T. ) ;
#815 =( LENGTH_UNIT ( ) NAMED_UNIT ( * ) SI_UNIT ( .MILLI., .METRE. ) );
#816 = ORIENTED_EDGE ( 'NONE', *, *, #197, .T. ) ;
#817 = AXIS2_PLACEMENT_3D ( 'NONE', #618, #834, #1523 ) ;
#818 = ORIENTED_EDGE ( 'NONE', *, *, #2336, .T. ) ;
#819 = VECTOR ( 'NONE', #831, 1000.000000000000000 ) ;
#820 = STYLED_ITEM ( 'NONE', ( #2214 ), #2617 ) ;
#821 = LINE ( 'NONE', #1999, #3035 ) ;
#822 = CARTESIAN_POINT ( 'NONE',  ( 0.0000000000000000000, 2.549999999999999800, 0.06499999999999946100 ) ) ;
#823 = VERTEX_POINT ( 'NONE', #2438 ) ;
#824 = VERTEX_POINT ( 'NONE', #1028 ) ;
#825 = PRESENTATION_STYLE_ASSIGNMENT (( #1467 ) ) ;
#826 = FILL_AREA_STYLE ('',( #2957 ) ) ;
#827 = DIRECTION ( 'NONE',  ( -0.0000000000000000000, -0.0000000000000000000, -1.000000000000000000 ) ) ;
#828 = ORIENTED_EDGE ( 'NONE', *, *, #1578, .T. ) ;
#829 = UNCERTAINTY_MEASURE_WITH_UNIT (LENGTH_MEASURE( 1.000000000000000100E-005 ), #911, 'distance_accuracy_value', 'NONE');
#830 = ORIENTED_EDGE ( 'NONE', *, *, #1343, .F. ) ;
#831 = DIRECTION ( 'NONE',  ( -0.0000000000000000000, 1.000000000000000000, -0.0000000000000000000 ) ) ;
#832 = EDGE_CURVE ( 'NONE', #1938, #1264, #2713, .T. ) ;
#833 = PRESENTATION_STYLE_ASSIGNMENT (( #2860 ) ) ;
#834 = DIRECTION ( 'NONE',  ( 0.0000000000000000000, -0.0000000000000000000, 1.000000000000000000 ) ) ;
#835 = EDGE_LOOP ( 'NONE', ( #403, #641, #325, #498 ) ) ;
#836 = LINE ( 'NONE', #2967, #687 ) ;
#837 = ORIENTED_EDGE ( 'NONE', *, *, #733, .T. ) ;
#838 = EDGE_CURVE ( 'NONE', #3034, #2891, #2022, .T. ) ;
#839 = DIRECTION ( 'NONE',  ( 0.0000000000000000000, 0.0000000000000000000, 1.000000000000000000 ) ) ;
#840 = ORIENTED_EDGE ( 'NONE', *, *, #1298, .F. ) ;
#841 = DIRECTION ( 'NONE',  ( 0.0000000000000000000, 0.0000000000000000000, -1.000000000000000000 ) ) ;
#842 =( GEOMETRIC_REPRESENTATION_CONTEXT ( 3 ) GLOBAL_UNCERTAINTY_ASSIGNED_CONTEXT ( ( #1798 ) ) GLOBAL_UNIT_ASSIGNED_CONTEXT ( ( #1588, #2983, #1836 ) ) REPRESENTATION_CONTEXT ( 'NONE', 'WORKASPACE' ) );
#843 = SURFACE_SIDE_STYLE ('',( #2221 ) ) ;
#844 = FACE_BOUND ( 'NONE', #544, .T. ) ;
#845 = EDGE_CURVE ( 'NONE', #2586, #1602, #1953, .T. ) ;
#846 =( GEOMETRIC_REPRESENTATION_CONTEXT ( 3 ) GLOBAL_UNCERTAINTY_ASSIGNED_CONTEXT ( ( #1638 ) ) GLOBAL_UNIT_ASSIGNED_CONTEXT ( ( #151, #392, #1043 ) ) REPRESENTATION_CONTEXT ( 'NONE', 'WORKASPACE' ) );
#847 = CARTESIAN_POINT ( 'NONE',  ( 2.429999999999999300, 0.0000000000000000000, 0.4399999999999993900 ) ) ;
#848 = DIRECTION ( 'NONE',  ( -0.0000000000000000000, 1.000000000000000000, 0.0000000000000000000 ) ) ;
#849 = EDGE_CURVE ( 'NONE', #2483, #651, #3057, .T. ) ;
#850 = DIRECTION ( 'NONE',  ( -1.000000000000000000, -0.0000000000000000000, -0.0000000000000000000 ) ) ;
#851 = ORIENTED_EDGE ( 'NONE', *, *, #2431, .T. ) ;
#852 = VECTOR ( 'NONE', #2001, 1000.000000000000000 ) ;
#853 = SURFACE_STYLE_USAGE ( .BOTH. , #887 ) ;
#854 = CARTESIAN_POINT ( 'NONE',  ( -2.605000000000000000, 0.6700000000000000400, -3.530000000000000200 ) ) ;
#855 = EDGE_LOOP ( 'NONE', ( #756, #1319, #685, #309 ) ) ;
#856 = CARTESIAN_POINT ( 'NONE',  ( 2.665000000000000000, 1.014999999999999900, 3.044999999999999500 ) ) ;
#857 = CARTESIAN_POINT ( 'NONE',  ( -1.905000000000000200, -0.1699999999999994000, 4.955000000000003600 ) ) ;
#858 = VECTOR ( 'NONE', #2973, 1000.000000000000000 ) ;
#859 = ORIENTED_EDGE ( 'NONE', *, *, #260, .F. ) ;
#860 =( NAMED_UNIT ( * ) PLANE_ANGLE_UNIT ( ) SI_UNIT ( $, .RADIAN. ) );
#861 = AXIS2_PLACEMENT_3D ( 'NONE', #2425, #791, #347 ) ;
#862 = COLOUR_RGB ( '',0.2509803921568627400, 0.2509803921568627400, 0.2509803921568627400 ) ;
#863 = ORIENTED_EDGE ( 'NONE', *, *, #2497, .T. ) ;
#864 = MECHANICAL_DESIGN_GEOMETRIC_PRESENTATION_REPRESENTATION (  '', ( #608 ), #1939 ) ;
#865 = FILL_AREA_STYLE_COLOUR ( '', #1149 ) ;
#866 = UNCERTAINTY_MEASURE_WITH_UNIT (LENGTH_MEASURE( 1.000000000000000100E-005 ), #2036, 'distance_accuracy_value', 'NONE');
#867 = ORIENTED_EDGE ( 'NONE', *, *, #2391, .T. ) ;
#868 = LINE ( 'NONE', #2074, #2668 ) ;
#869 = CARTESIAN_POINT ( 'NONE',  ( -2.254999999999999900, 0.6700000000000004800, -3.129999999999999900 ) ) ;
#870 = CARTESIAN_POINT ( 'NONE',  ( 2.254999999999999400, 0.6700000000000004800, -3.530000000000000200 ) ) ;
#871 = ORIENTED_EDGE ( 'NONE', *, *, #259, .T. ) ;
#872 = DIRECTION ( 'NONE',  ( 1.214792350123814900E-016, -0.0000000000000000000, -1.000000000000000000 ) ) ;
#873 = EDGE_CURVE ( 'NONE', #1195, #2832, #471, .T. ) ;
#874 = DIRECTION ( 'NONE',  ( 0.0000000000000000000, -1.000000000000000000, 0.0000000000000000000 ) ) ;
#875 = DIRECTION ( 'NONE',  ( 0.0000000000000000000, 0.0000000000000000000, 1.000000000000000000 ) ) ;
#876 = DIRECTION ( 'NONE',  ( 1.000000000000000000, 0.0000000000000000000, 0.0000000000000000000 ) ) ;
#877 = CARTESIAN_POINT ( 'NONE',  ( -1.279128784747791700, 0.6700000000000000400, -3.880000000000000300 ) ) ;
#878 = DIRECTION ( 'NONE',  ( 0.0000000000000000000, 0.0000000000000000000, -1.000000000000000000 ) ) ;
#879 = DIRECTION ( 'NONE',  ( -1.000000000000000000, 0.0000000000000000000, -0.0000000000000000000 ) ) ;
#880 = EDGE_CURVE ( 'NONE', #2806, #2794, #2260, .T. ) ;
#881 = UNCERTAINTY_MEASURE_WITH_UNIT (LENGTH_MEASURE( 1.000000000000000100E-005 ), #501, 'distance_accuracy_value', 'NONE');
#882 = COLOUR_RGB ( '',0.2509803921568627400, 0.2509803921568627400, 0.2509803921568627400 ) ;
#883 = DIRECTION ( 'NONE',  ( -0.0000000000000000000, -0.0000000000000000000, -1.000000000000000000 ) ) ;
#884 = LINE ( 'NONE', #432, #1927 ) ;
#885 = EDGE_CURVE ( 'NONE', #2891, #2203, #1207, .T. ) ;
#886 = EDGE_CURVE ( 'NONE', #941, #2325, #2597, .T. ) ;
#887 = SURFACE_SIDE_STYLE ('',( #970 ) ) ;
#888 =( NAMED_UNIT ( * ) SI_UNIT ( $, .STERADIAN. ) SOLID_ANGLE_UNIT ( ) );
#889 = FACE_OUTER_BOUND ( 'NONE', #2987, .T. ) ;
#890 = EDGE_LOOP ( 'NONE', ( #605, #1600, #169, #928 ) ) ;
#891 = ORIENTED_EDGE ( 'NONE', *, *, #2232, .F. ) ;
#892 = FACE_OUTER_BOUND ( 'NONE', #1232, .T. ) ;
#893 = FACE_OUTER_BOUND ( 'NONE', #2761, .T. ) ;
#894 = EDGE_CURVE ( 'NONE', #2780, #1223, #2677, .T. ) ;
#895 =( LENGTH_UNIT ( ) NAMED_UNIT ( * ) SI_UNIT ( .MILLI., .METRE. ) );
#896 = VERTEX_POINT ( 'NONE', #1775 ) ;
#897 = LINE ( 'NONE', #985, #2030 ) ;
#898 = AXIS2_PLACEMENT_3D ( 'NONE', #64, #334, #1965 ) ;
#899 = DIRECTION ( 'NONE',  ( -0.0000000000000000000, -1.000000000000000000, -0.0000000000000000000 ) ) ;
#900 =( NAMED_UNIT ( * ) SI_UNIT ( $, .STERADIAN. ) SOLID_ANGLE_UNIT ( ) );
#901 = STYLED_ITEM ( 'NONE', ( #327 ), #141 ) ;
#902 = VERTEX_POINT ( 'NONE', #2968 ) ;
#903 = VECTOR ( 'NONE', #730, 1000.000000000000000 ) ;
#904 = STYLED_ITEM ( 'NONE', ( #2423 ), #2932 ) ;
#905 = ORIENTED_EDGE ( 'NONE', *, *, #138, .T. ) ;
#906 = FILL_AREA_STYLE_COLOUR ( '', #2696 ) ;
#907 = DIRECTION ( 'NONE',  ( -1.000000000000000000, -0.0000000000000000000, -0.0000000000000000000 ) ) ;
#908 = DIRECTION ( 'NONE',  ( -0.0000000000000000000, -0.0000000000000000000, -1.000000000000000000 ) ) ;
#910 =( NAMED_UNIT ( * ) PLANE_ANGLE_UNIT ( ) SI_UNIT ( $, .RADIAN. ) );
#909 = PLANE ( 'NONE',  #2243 ) ;
#911 =( LENGTH_UNIT ( ) NAMED_UNIT ( * ) SI_UNIT ( .MILLI., .METRE. ) );
#912 = CARTESIAN_POINT ( 'NONE',  ( 1.905000000000000000, 0.5599999999999933900, 3.974999999999999200 ) ) ;
#913 = LINE ( 'NONE', #957, #952 ) ;
#914 = CARTESIAN_POINT ( 'NONE',  ( -1.905000000000000200, 0.8149999999999844000, 3.774999999999999500 ) ) ;
#915 = ORIENTED_EDGE ( 'NONE', *, *, #734, .T. ) ;
#916 = DIRECTION ( 'NONE',  ( -1.000000000000000000, -0.0000000000000000000, -0.0000000000000000000 ) ) ;
#917 = SURFACE_SIDE_STYLE ('',( #2700 ) ) ;
#918 = COLOUR_RGB ( '',0.2509803921568627400, 0.2509803921568627400, 0.2509803921568627400 ) ;
#919 = ORIENTED_EDGE ( 'NONE', *, *, #2926, .F. ) ;
#920 = SURFACE_SIDE_STYLE ('',( #1908 ) ) ;
#921 = UNCERTAINTY_MEASURE_WITH_UNIT (LENGTH_MEASURE( 1.000000000000000100E-005 ), #2435, 'distance_accuracy_value', 'NONE');
#922 = PRESENTATION_LAYER_ASSIGNMENT (  '', '', ( #608 ) ) ;
#923 = ORIENTED_EDGE ( 'NONE', *, *, #2719, .F. ) ;
#924 = LINE ( 'NONE', #857, #1051 ) ;
#925 = ORIENTED_EDGE ( 'NONE', *, *, #2765, .F. ) ;
#926 = DIRECTION ( 'NONE',  ( -1.000000000000000000, 0.0000000000000000000, 0.0000000000000000000 ) ) ;
#927 = LINE ( 'NONE', #1687, #2270 ) ;
#928 = ORIENTED_EDGE ( 'NONE', *, *, #886, .T. ) ;
#929 = DIRECTION ( 'NONE',  ( 1.000000000000000000, 0.0000000000000000000, 1.084202172485504000E-015 ) ) ;
#930 = ORIENTED_EDGE ( 'NONE', *, *, #3005, .T. ) ;
#931 = EDGE_CURVE ( 'NONE', #823, #382, #732, .T. ) ;
#932 = DIRECTION ( 'NONE',  ( 0.0000000000000000000, -2.040851148207957100E-014, 1.000000000000000000 ) ) ;
#933 = SURFACE_STYLE_FILL_AREA ( #1745 ) ;
#934 = VECTOR ( 'NONE', #2162, 1000.000000000000000 ) ;
#935 =( LENGTH_UNIT ( ) NAMED_UNIT ( * ) SI_UNIT ( .MILLI., .METRE. ) );
#936 = DIRECTION ( 'NONE',  ( -1.000000000000000000, 0.0000000000000000000, 1.084202172485504000E-015 ) ) ;
#937 = LINE ( 'NONE', #1714, #1290 ) ;
#938 = ORIENTED_EDGE ( 'NONE', *, *, #1405, .F. ) ;
#939 = CARTESIAN_POINT ( 'NONE',  ( 2.254999999999999400, 0.0000000000000000000, -3.530000000000000200 ) ) ;
#940 =( GEOMETRIC_REPRESENTATION_CONTEXT ( 3 ) GLOBAL_UNCERTAINTY_ASSIGNED_CONTEXT ( ( #696 ) ) GLOBAL_UNIT_ASSIGNED_CONTEXT ( ( #895, #427, #463 ) ) REPRESENTATION_CONTEXT ( 'NONE', 'WORKASPACE' ) );
#941 = VERTEX_POINT ( 'NONE', #856 ) ;
#942 = EDGE_CURVE ( 'NONE', #1969, #445, #1491, .T. ) ;
#943 = DIRECTION ( 'NONE',  ( 0.0000000000000000000, 0.0000000000000000000, -1.000000000000000000 ) ) ;
#944 = VERTEX_POINT ( 'NONE', #155 ) ;
#945 = DIRECTION ( 'NONE',  ( 1.000000000000000000, -0.0000000000000000000, -0.0000000000000000000 ) ) ;
#946 = LINE ( 'NONE', #1330, #2117 ) ;
#947 = EDGE_CURVE ( 'NONE', #636, #464, #1917, .T. ) ;
#948 = FACE_OUTER_BOUND ( 'NONE', #1146, .T. ) ;
#949 =( GEOMETRIC_REPRESENTATION_CONTEXT ( 3 ) GLOBAL_UNCERTAINTY_ASSIGNED_CONTEXT ( ( #3063 ) ) GLOBAL_UNIT_ASSIGNED_CONTEXT ( ( #815, #860, #1815 ) ) REPRESENTATION_CONTEXT ( 'NONE', 'WORKASPACE' ) );
#950 = ORIENTED_EDGE ( 'NONE', *, *, #2556, .F. ) ;
#951 = DIRECTION ( 'NONE',  ( 0.0000000000000000000, 0.0000000000000000000, 1.000000000000000000 ) ) ;
#952 = VECTOR ( 'NONE', #1720, 1000.000000000000000 ) ;
#953 =( NAMED_UNIT ( * ) PLANE_ANGLE_UNIT ( ) SI_UNIT ( $, .RADIAN. ) );
#954 = LINE ( 'NONE', #2625, #2025 ) ;
#955 = AXIS2_PLACEMENT_3D ( 'NONE', #2259, #2949, #1776 ) ;
#956 = ORIENTED_EDGE ( 'NONE', *, *, #2961, .F. ) ;
#957 = CARTESIAN_POINT ( 'NONE',  ( 0.3800000000000000000, 1.544999999999999900, 2.214999999999999400 ) ) ;
#958 = DIRECTION ( 'NONE',  ( -1.214792350123814900E-016, 0.0000000000000000000, 1.000000000000000000 ) ) ;
#959 = LINE ( 'NONE', #1359, #339 ) ;
#960 = AXIS2_PLACEMENT_3D ( 'NONE', #352, #1759, #2009 ) ;
#961 = VECTOR ( 'NONE', #1605, 1000.000000000000000 ) ;
#962 = ADVANCED_FACE ( 'NONE', ( #2523 ), #2753, .T. ) ;
#963 = VERTEX_POINT ( 'NONE', #35 ) ;
#964 = VECTOR ( 'NONE', #1665, 1000.000000000000000 ) ;
#965 = VERTEX_POINT ( 'NONE', #2603 ) ;
#966 = CARTESIAN_POINT ( 'NONE',  ( 2.429999999999999300, 0.6700000000000000400, 0.4399999999999993900 ) ) ;
#967 = LINE ( 'NONE', #1348, #2650 ) ;
#968 = CARTESIAN_POINT ( 'NONE',  ( 2.254999999999999400, 0.6700000000000000400, -3.530000000000000200 ) ) ;
#969 = ORIENTED_EDGE ( 'NONE', *, *, #2952, .T. ) ;
#970 = SURFACE_STYLE_FILL_AREA ( #2717 ) ;
#971 = SURFACE_SIDE_STYLE ('',( #357 ) ) ;
#972 = LINE ( 'NONE', #2611, #2362 ) ;
#973 = ORIENTED_EDGE ( 'NONE', *, *, #1243, .T. ) ;
#974 = FILL_AREA_STYLE_COLOUR ( '', #1331 ) ;
#975 = CARTESIAN_POINT ( 'NONE',  ( 1.905000000000000000, 0.3600000000000003800, 4.955000000000000100 ) ) ;
#976 = FILL_AREA_STYLE ('',( #2215 ) ) ;
#977 = DIRECTION ( 'NONE',  ( 0.0000000000000000000, -7.274111514379755700E-015, -1.000000000000000000 ) ) ;
#978 = ORIENTED_EDGE ( 'NONE', *, *, #1114, .T. ) ;
#979 = ADVANCED_FACE ( 'NONE', ( #2716 ), #289, .F. ) ;
#980 = FACE_OUTER_BOUND ( 'NONE', #705, .T. ) ;
#981 = DIRECTION ( 'NONE',  ( -1.000000000000000000, -0.0000000000000000000, -0.0000000000000000000 ) ) ;
#982 = EDGE_CURVE ( 'NONE', #1070, #2715, #626, .T. ) ;
#983 = EDGE_CURVE ( 'NONE', #1914, #2928, #954, .T. ) ;
#984 = DIRECTION ( 'NONE',  ( -0.06908086403639318600, 0.9879023813098026800, 0.1388406252737530700 ) ) ;
#985 = CARTESIAN_POINT ( 'NONE',  ( -3.270000000000001400, 1.544999999999999900, 2.214999999999999400 ) ) ;
#986 = DIRECTION ( 'NONE',  ( 0.0000000000000000000, 0.0000000000000000000, -1.000000000000000000 ) ) ;
#987 = EDGE_CURVE ( 'NONE', #636, #1620, #223, .T. ) ;
#988 = CARTESIAN_POINT ( 'NONE',  ( 1.905000000000000000, 0.5599999999999933900, 3.244999999999994300 ) ) ;
#989 = ADVANCED_FACE ( 'NONE', ( #2341 ), #1721, .T. ) ;
#990 = VECTOR ( 'NONE', #926, 1000.000000000000000 ) ;
#991 = LINE ( 'NONE', #1372, #2161 ) ;
#992 = DIRECTION ( 'NONE',  ( -1.214792350123814900E-016, 0.0000000000000000000, 1.000000000000000000 ) ) ;
#993 =( GEOMETRIC_REPRESENTATION_CONTEXT ( 3 ) GLOBAL_UNCERTAINTY_ASSIGNED_CONTEXT ( ( #829 ) ) GLOBAL_UNIT_ASSIGNED_CONTEXT ( ( #911, #418, #900 ) ) REPRESENTATION_CONTEXT ( 'NONE', 'WORKASPACE' ) );
#994 = VECTOR ( 'NONE', #302, 1000.000000000000000 ) ;
#995 = DIRECTION ( 'NONE',  ( 1.000000000000000000, -0.0000000000000000000, -0.0000000000000000000 ) ) ;
#996 = LINE ( 'NONE', #870, #2349 ) ;
#997 = ORIENTED_EDGE ( 'NONE', *, *, #3053, .F. ) ;
#998 = CARTESIAN_POINT ( 'NONE',  ( -1.905000000000000200, 0.5599999999999933900, 3.974999999999999200 ) ) ;
#999 = ORIENTED_EDGE ( 'NONE', *, *, #1928, .F. ) ;
#1000 = CIRCLE ( 'NONE', #2283, 0.7300000000000023100 ) ;
#1001 = VERTEX_POINT ( 'NONE', #97 ) ;
#1002 = EDGE_CURVE ( 'NONE', #798, #2339, #807, .T. ) ;
#1003 = CARTESIAN_POINT ( 'NONE',  ( 1.905000000000000000, -0.1699999999999994000, 4.955000000000003600 ) ) ;
#1004 = VECTOR ( 'NONE', #2605, 1000.000000000000000 ) ;
#1005 = CARTESIAN_POINT ( 'NONE',  ( 2.429999999999999300, 8.170008333328704400, 0.4399999999999993900 ) ) ;
#1006 = LINE ( 'NONE', #1220, #2322 ) ;
#1007 = AXIS2_PLACEMENT_3D ( 'NONE', #443, #1176, #2548 ) ;
#1008 = ADVANCED_FACE ( 'NONE', ( #405 ), #1708, .F. ) ;
#1009 = ORIENTED_EDGE ( 'NONE', *, *, #1578, .F. ) ;
#1010 = DIRECTION ( 'NONE',  ( 0.0000000000000000000, -1.000000000000000000, 7.080503983578773100E-015 ) ) ;
#1011 =( GEOMETRIC_REPRESENTATION_CONTEXT ( 3 ) GLOBAL_UNCERTAINTY_ASSIGNED_CONTEXT ( ( #881 ) ) GLOBAL_UNIT_ASSIGNED_CONTEXT ( ( #501, #744, #533 ) ) REPRESENTATION_CONTEXT ( 'NONE', 'WORKASPACE' ) );
#1012 = ORIENTED_EDGE ( 'NONE', *, *, #2085, .T. ) ;
#1013 = DIRECTION ( 'NONE',  ( 0.0000000000000000000, -1.000000000000000000, 0.0000000000000000000 ) ) ;
#1014 = AXIS2_PLACEMENT_3D ( 'NONE', #233, #2347, #1678 ) ;
#1015 = PLANE ( 'NONE',  #1106 ) ;
#1016 = PRESENTATION_LAYER_ASSIGNMENT (  '', '', ( #1049 ) ) ;
#1017 = DIRECTION ( 'NONE',  ( 0.0000000000000000000, 0.0000000000000000000, -1.000000000000000000 ) ) ;
#1018 = EDGE_LOOP ( 'NONE', ( #761, #677, #2706, #2007 ) ) ;
#1019 = EDGE_CURVE ( 'NONE', #1835, #2759, #1318, .T. ) ;
#1020 = CARTESIAN_POINT ( 'NONE',  ( 1.905000000000000000, 8.170008333328704400, -4.955000000000000100 ) ) ;
#1021 = SURFACE_SIDE_STYLE ('',( #157 ) ) ;
#1022 = ORIENTED_EDGE ( 'NONE', *, *, #880, .T. ) ;
#1023 = VECTOR ( 'NONE', #1801, 1000.000000000000000 ) ;
#1024 = VECTOR ( 'NONE', #773, 1000.000000000000000 ) ;
#1025 = LINE ( 'NONE', #2229, #2535 ) ;
#1026 = EDGE_LOOP ( 'NONE', ( #2812, #1975, #2960, #1988 ) ) ;
#1027 = CARTESIAN_POINT ( 'NONE',  ( 1.905000000000000000, 0.5599999999999977200, 3.774999999999993700 ) ) ;
#1028 = CARTESIAN_POINT ( 'NONE',  ( 1.049999999999999400, 0.6700000000000004800, -4.029999999999999400 ) ) ;
#1029 = CARTESIAN_POINT ( 'NONE',  ( 2.429999999999999300, 0.6700000000000000400, 0.4399999999999993900 ) ) ;
#1030 = PLANE ( 'NONE',  #2027 ) ;
#1031 = ORIENTED_EDGE ( 'NONE', *, *, #2452, .T. ) ;
#1032 = VECTOR ( 'NONE', #805, 1000.000000000000000 ) ;
#1033 = EDGE_CURVE ( 'NONE', #633, #2090, #774, .T. ) ;
#1034 = EDGE_CURVE ( 'NONE', #2626, #529, #698, .T. ) ;
#1035 = FILL_AREA_STYLE_COLOUR ( '', #1666 ) ;
#1036 = ORIENTED_EDGE ( 'NONE', *, *, #2273, .F. ) ;
#1037 = VERTEX_POINT ( 'NONE', #1029 ) ;
#1038 = CARTESIAN_POINT ( 'NONE',  ( -0.3800000000000000000, 1.014999999999999900, 2.214999999999999400 ) ) ;
#1039 = ORIENTED_EDGE ( 'NONE', *, *, #1394, .F. ) ;
#1040 = CARTESIAN_POINT ( 'NONE',  ( -1.049999999999999800, 0.6700000000000000400, -3.530000000000000200 ) ) ;
#1041 = ORIENTED_EDGE ( 'NONE', *, *, #53, .F. ) ;
#1042 = MECHANICAL_DESIGN_GEOMETRIC_PRESENTATION_REPRESENTATION (  '', ( #2191 ), #993 ) ;
#1043 =( NAMED_UNIT ( * ) SI_UNIT ( $, .STERADIAN. ) SOLID_ANGLE_UNIT ( ) );
#1044 = ORIENTED_EDGE ( 'NONE', *, *, #2439, .T. ) ;
#1045 = PRESENTATION_LAYER_ASSIGNMENT (  '', '', ( #2796 ) ) ;
#1046 = DIRECTION ( 'NONE',  ( -1.000000000000000000, -0.0000000000000000000, -0.0000000000000000000 ) ) ;
#1047 = ORIENTED_EDGE ( 'NONE', *, *, #1924, .T. ) ;
#1048 = DIRECTION ( 'NONE',  ( 0.0000000000000000000, 0.0000000000000000000, -1.000000000000000000 ) ) ;
#1049 = STYLED_ITEM ( 'NONE', ( #1190 ), #491 ) ;
#1050 = DIRECTION ( 'NONE',  ( -0.0000000000000000000, 1.000000000000000000, -0.0000000000000000000 ) ) ;
#1051 = VECTOR ( 'NONE', #2237, 1000.000000000000000 ) ;
#1052 = VECTOR ( 'NONE', #251, 1000.000000000000000 ) ;
#1053 = DIRECTION ( 'NONE',  ( 0.0000000000000000000, 0.0000000000000000000, 1.000000000000000000 ) ) ;
#1054 = LINE ( 'NONE', #2132, #1425 ) ;
#1055 = CARTESIAN_POINT ( 'NONE',  ( 2.665000000000000000, 0.3599999999999906100, 3.974999999999996100 ) ) ;
#1056 = CIRCLE ( 'NONE', #1991, 0.7300000000000002000 ) ;
#1057 = STYLED_ITEM ( 'NONE', ( #597 ), #2380 ) ;
#1058 = VERTEX_POINT ( 'NONE', #1985 ) ;
#1059 = ORIENTED_EDGE ( 'NONE', *, *, #2101, .F. ) ;
#1060 = VECTOR ( 'NONE', #79, 999.9999999999998900 ) ;
#1061 =( LENGTH_UNIT ( ) NAMED_UNIT ( * ) SI_UNIT ( .MILLI., .METRE. ) );
#1062 = CARTESIAN_POINT ( 'NONE',  ( -1.905000000000000000, 0.6700000000000004800, -4.955000000000000100 ) ) ;
#1063 = LINE ( 'NONE', #2403, #2282 ) ;
#1064 = ADVANCED_FACE ( 'NONE', ( #332 ), #1732, .F. ) ;
#1065 = ORIENTED_EDGE ( 'NONE', *, *, #515, .T. ) ;
#1066 = LINE ( 'NONE', #2837, #2213 ) ;
#1067 = PLANE ( 'NONE',  #2295 ) ;
#1068 = EDGE_CURVE ( 'NONE', #2216, #2794, #1726, .T. ) ;
#1069 = PLANE ( 'NONE',  #817 ) ;
#1070 = VERTEX_POINT ( 'NONE', #329 ) ;
#1071 = LINE ( 'NONE', #1513, #2748 ) ;
#1072 = ADVANCED_FACE ( 'NONE', ( #2410, #844 ), #1495, .T. ) ;
#1073 = LINE ( 'NONE', #2092, #1712 ) ;
#1074 = CARTESIAN_POINT ( 'NONE',  ( 1.049999999999999800, 0.6700000000000000400, -3.530000000000000200 ) ) ;
#1075 = DIRECTION ( 'NONE',  ( 0.0000000000000000000, -6.546126324440784800E-015, -1.000000000000000000 ) ) ;
#1076 = ORIENTED_EDGE ( 'NONE', *, *, #2630, .T. ) ;
#1077 = CARTESIAN_POINT ( 'NONE',  ( -1.279128784747791700, 0.0000000000000000000, -3.880000000000000300 ) ) ;
#1078 = UNCERTAINTY_MEASURE_WITH_UNIT (LENGTH_MEASURE( 1.000000000000000100E-005 ), #2360, 'distance_accuracy_value', 'NONE');
#1079 = CARTESIAN_POINT ( 'NONE',  ( -2.254999999999999400, 0.6700000000000004800, -3.530000000000000200 ) ) ;
#1080 = ORIENTED_EDGE ( 'NONE', *, *, #2196, .T. ) ;
#1081 = CARTESIAN_POINT ( 'NONE',  ( -1.905000000000000200, 0.8149999999999998400, 3.044999999999999500 ) ) ;
#1082 = DIRECTION ( 'NONE',  ( 0.0000000000000000000, -0.0000000000000000000, 1.000000000000000000 ) ) ;
#1083 = DIRECTION ( 'NONE',  ( 0.0000000000000000000, 0.0000000000000000000, 1.000000000000000000 ) ) ;
#1084 = STYLED_ITEM ( 'NONE', ( #2856 ), #1681 ) ;
#1085 = SURFACE_SIDE_STYLE ('',( #2150 ) ) ;
#1086 = VECTOR ( 'NONE', #2694, 1000.000000000000000 ) ;
#1087 = CARTESIAN_POINT ( 'NONE',  ( 2.254999999999999900, 0.6700000000000000400, -3.129999999999999900 ) ) ;
#1088 = VECTOR ( 'NONE', #2686, 1000.000000000000000 ) ;
#1089 = LINE ( 'NONE', #655, #1384 ) ;
#1090 = DIRECTION ( 'NONE',  ( 0.0000000000000000000, 0.0000000000000000000, -1.000000000000000000 ) ) ;
#1091 = CARTESIAN_POINT ( 'NONE',  ( -2.254999999999999900, 8.170008333328704400, -3.129999999999999900 ) ) ;
#1092 = EDGE_CURVE ( 'NONE', #2090, #1382, #476, .T. ) ;
#1093 = CARTESIAN_POINT ( 'NONE',  ( 1.905000000000000000, 0.5599999999999933900, 3.974999999999999200 ) ) ;
#1094 = DIRECTION ( 'NONE',  ( 1.084202172485504000E-015, 0.0000000000000000000, 1.000000000000000000 ) ) ;
#1095 = LINE ( 'NONE', #1543, #1926 ) ;
#1096 = DIRECTION ( 'NONE',  ( 0.0000000000000000000, -1.000000000000000000, 0.0000000000000000000 ) ) ;
#1097 = PRESENTATION_STYLE_ASSIGNMENT (( #3059 ) ) ;
#1098 = DIRECTION ( 'NONE',  ( 0.0000000000000000000, 0.0000000000000000000, 1.000000000000000000 ) ) ;
#1099 = LINE ( 'NONE', #2043, #2378 ) ;
#1100 = PRESENTATION_STYLE_ASSIGNMENT (( #1249 ) ) ;
#1101 = VECTOR ( 'NONE', #2316, 1000.000000000000000 ) ;
#1103 = DIRECTION ( 'NONE',  ( -1.000000000000000000, -0.0000000000000000000, -0.0000000000000000000 ) ) ;
#1102 = DIRECTION ( 'NONE',  ( 0.0000000000000000000, -0.0000000000000000000, 1.000000000000000000 ) ) ;
#1104 = VERTEX_POINT ( 'NONE', #1812 ) ;
#1105 = DIRECTION ( 'NONE',  ( -1.000000000000000000, 0.0000000000000000000, -0.0000000000000000000 ) ) ;
#1106 = AXIS2_PLACEMENT_3D ( 'NONE', #1256, #1517, #358 ) ;
#1107 = ORIENTED_EDGE ( 'NONE', *, *, #1390, .F. ) ;
#1108 = CARTESIAN_POINT ( 'NONE',  ( -1.050000000000000000, 0.6700000000000000400, -3.779999999999999800 ) ) ;
#1109 = ORIENTED_EDGE ( 'NONE', *, *, #2765, .T. ) ;
#1111 = ORIENTED_EDGE ( 'NONE', *, *, #2733, .F. ) ;
#1110 = DIRECTION ( 'NONE',  ( -1.084202172485504000E-015, -0.0000000000000000000, -1.000000000000000000 ) ) ;
#1112 = CARTESIAN_POINT ( 'NONE',  ( -3.270000000000001400, 2.549999999999999800, -3.880000000000000300 ) ) ;
#1113 = ORIENTED_EDGE ( 'NONE', *, *, #2948, .F. ) ;
#1114 = EDGE_CURVE ( 'NONE', #142, #224, #480, .T. ) ;
#1115 = EDGE_CURVE ( 'NONE', #198, #1323, #2912, .T. ) ;
#1116 = DIRECTION ( 'NONE',  ( 0.0000000000000000000, 0.0000000000000000000, -1.000000000000000000 ) ) ;
#1117 = LINE ( 'NONE', #1496, #1404 ) ;
#1118 = FACE_OUTER_BOUND ( 'NONE', #1625, .T. ) ;
#1119 = CARTESIAN_POINT ( 'NONE',  ( -3.091686629544049500, 2.549999999999999800, 0.0000000000000000000 ) ) ;
#1120 = CARTESIAN_POINT ( 'NONE',  ( 2.605000000000000000, 0.6700000000000000400, -3.530000000000000200 ) ) ;
#1121 = FILL_AREA_STYLE_COLOUR ( '', #1248 ) ;
#1122 = CARTESIAN_POINT ( 'NONE',  ( 1.905000000000000000, 1.014999999999999900, 3.044999999999999500 ) ) ;
#1123 = DIRECTION ( 'NONE',  ( 0.0000000000000000000, 1.000000000000000000, 2.040851148207957100E-014 ) ) ;
#1124 = DIRECTION ( 'NONE',  ( 0.0000000000000000000, 0.0000000000000000000, 1.000000000000000000 ) ) ;
#1125 = MECHANICAL_DESIGN_GEOMETRIC_PRESENTATION_REPRESENTATION (  '', ( #1485 ), #1840 ) ;
#1126 = CARTESIAN_POINT ( 'NONE',  ( 3.091686629544046800, 2.549999999999999800, -3.645296806047018100 ) ) ;
#1127 = STYLED_ITEM ( 'NONE', ( #2896 ), #257 ) ;
#1128 = ORIENTED_EDGE ( 'NONE', *, *, #451, .F. ) ;
#1129 = PLANE ( 'NONE',  #746 ) ;
#1130 = DIRECTION ( 'NONE',  ( -1.000000000000000000, -0.0000000000000000000, -0.0000000000000000000 ) ) ;
#1131 = VERTEX_POINT ( 'NONE', #1765 ) ;
#1132 = CARTESIAN_POINT ( 'NONE',  ( 2.665000000000000000, 0.8149999999999844000, 3.774999999999999500 ) ) ;
#1133 = LINE ( 'NONE', #2571, #2994 ) ;
#1134 = EDGE_CURVE ( 'NONE', #1473, #2501, #1099, .T. ) ;
#1135 = VECTOR ( 'NONE', #2825, 1000.000000000000000 ) ;
#1136 = AXIS2_PLACEMENT_3D ( 'NONE', #1642, #1618, #2111 ) ;
#1137 = ORIENTED_EDGE ( 'NONE', *, *, #1034, .T. ) ;
#1138 = FILL_AREA_STYLE ('',( #1569 ) ) ;
#1139 = LINE ( 'NONE', #1435, #1691 ) ;
#1140 = UNCERTAINTY_MEASURE_WITH_UNIT (LENGTH_MEASURE( 1.000000000000000100E-005 ), #2841, 'distance_accuracy_value', 'NONE');
#1141 = VECTOR ( 'NONE', #2508, 1000.000000000000000 ) ;
#1142 = DIRECTION ( 'NONE',  ( -1.000000000000000000, -0.0000000000000000000, -0.0000000000000000000 ) ) ;
#1143 = EDGE_CURVE ( 'NONE', #2629, #609, #301, .T. ) ;
#1144 = ORIENTED_EDGE ( 'NONE', *, *, #178, .T. ) ;
#1145 = PRESENTATION_LAYER_ASSIGNMENT (  '', '', ( #1511 ) ) ;
#1146 = EDGE_LOOP ( 'NONE', ( #2318, #950, #453, #2506 ) ) ;
#1147 = SURFACE_STYLE_USAGE ( .BOTH. , #250 ) ;
#1148 = FACE_OUTER_BOUND ( 'NONE', #646, .T. ) ;
#1149 = COLOUR_RGB ( '',0.2509803921568627400, 0.2509803921568627400, 0.2509803921568627400 ) ;
#1150 = COLOUR_RGB ( '',0.7921568627450980000, 0.8196078431372548800, 0.9333333333333333500 ) ;
#1151 = CARTESIAN_POINT ( 'NONE',  ( 0.0000000000000000000, 2.449999999999999700, -0.2850000000000005300 ) ) ;
#1152 = VECTOR ( 'NONE', #2815, 1000.000000000000000 ) ;
#1153 = COLOUR_RGB ( '',0.2509803921568627400, 0.2509803921568627400, 0.2509803921568627400 ) ;
#1154 = ORIENTED_EDGE ( 'NONE', *, *, #323, .F. ) ;
#1155 =( LENGTH_UNIT ( ) NAMED_UNIT ( * ) SI_UNIT ( .MILLI., .METRE. ) );
#1156 = EDGE_CURVE ( 'NONE', #2697, #2695, #924, .T. ) ;
#1157 = FILL_AREA_STYLE ('',( #1121 ) ) ;
#1159 =( NAMED_UNIT ( * ) SI_UNIT ( $, .STERADIAN. ) SOLID_ANGLE_UNIT ( ) );
#1158 = CARTESIAN_POINT ( 'NONE',  ( -0.3800000000000000000, 1.014999999999999900, 3.044999999999999500 ) ) ;
#1160 = DIRECTION ( 'NONE',  ( 0.0000000000000000000, 1.000000000000000000, 0.0000000000000000000 ) ) ;
#1161 =( NAMED_UNIT ( * ) SI_UNIT ( $, .STERADIAN. ) SOLID_ANGLE_UNIT ( ) );
#1162 = DIRECTION ( 'NONE',  ( 0.0000000000000000000, 1.000000000000000000, 0.0000000000000000000 ) ) ;
#1163 = ORIENTED_EDGE ( 'NONE', *, *, #947, .T. ) ;
#1164 = FACE_OUTER_BOUND ( 'NONE', #2778, .T. ) ;
#1165 = DIRECTION ( 'NONE',  ( 1.084202172485504000E-015, 0.0000000000000000000, 1.000000000000000000 ) ) ;
#1166 = DIRECTION ( 'NONE',  ( -1.084202172485504000E-015, 0.0000000000000000000, 1.000000000000000000 ) ) ;
#1167 = ORIENTED_EDGE ( 'NONE', *, *, #2143, .F. ) ;
#1169 = CARTESIAN_POINT ( 'NONE',  ( 3.115000322648943800, 2.216598655695446700, 2.383873678048700700 ) ) ;
#1168 = CARTESIAN_POINT ( 'NONE',  ( 1.905000000000000000, -0.1700000000000065100, 3.974999999999999200 ) ) ;
#1170 = CIRCLE ( 'NONE', #2424, 0.2499999999999997800 ) ;
#1171 = ADVANCED_FACE ( 'NONE', ( #2199 ), #590, .F. ) ;
#1172 = VERTEX_POINT ( 'NONE', #1079 ) ;
#1173 = CARTESIAN_POINT ( 'NONE',  ( -2.605000000000000000, 0.6700000000000000400, -4.955000000000000100 ) ) ;
#1174 = PRESENTATION_LAYER_ASSIGNMENT (  '', '', ( #1057 ) ) ;
#1175 = CARTESIAN_POINT ( 'NONE',  ( 1.905000000000000000, 0.0000000000000000000, -4.554999999999999700 ) ) ;
#1176 = DIRECTION ( 'NONE',  ( 1.000000000000000000, 0.0000000000000000000, 0.0000000000000000000 ) ) ;
#1177 = CARTESIAN_POINT ( 'NONE',  ( 2.605000000000000000, 0.0000000000000000000, -3.880000000000000300 ) ) ;
#1178 = ORIENTED_EDGE ( 'NONE', *, *, #2782, .T. ) ;
#1179 = ORIENTED_EDGE ( 'NONE', *, *, #1267, .F. ) ;
#1180 = EDGE_CURVE ( 'NONE', #2339, #1966, #2269, .T. ) ;
#1181 = LINE ( 'NONE', #58, #2353 ) ;
#1182 = EDGE_CURVE ( 'NONE', #419, #2473, #412, .T. ) ;
#1183 = UNCERTAINTY_MEASURE_WITH_UNIT (LENGTH_MEASURE( 1.000000000000000100E-005 ), #2534, 'distance_accuracy_value', 'NONE');
#1184 = LINE ( 'NONE', #1826, #2574 ) ;
#1185 = DIRECTION ( 'NONE',  ( 0.0000000000000000000, -0.0000000000000000000, -1.000000000000000000 ) ) ;
#1186 =( NAMED_UNIT ( * ) PLANE_ANGLE_UNIT ( ) SI_UNIT ( $, .RADIAN. ) );
#1187 = EDGE_LOOP ( 'NONE', ( #1755, #2664, #1694, #1226 ) ) ;
#1188 = PRESENTATION_STYLE_ASSIGNMENT (( #2675 ) ) ;
#1189 = ORIENTED_EDGE ( 'NONE', *, *, #2718, .F. ) ;
#1190 = PRESENTATION_STYLE_ASSIGNMENT (( #1792 ) ) ;
#1191 = ORIENTED_EDGE ( 'NONE', *, *, #2179, .T. ) ;
#1192 = SURFACE_SIDE_STYLE ('',( #269 ) ) ;
#1193 = PRESENTATION_STYLE_ASSIGNMENT (( #853 ) ) ;
#1194 = ADVANCED_FACE ( 'NONE', ( #2724 ), #2021, .F. ) ;
#1195 = VERTEX_POINT ( 'NONE', #1062 ) ;
#1196 = LINE ( 'NONE', #1674, #577 ) ;
#1197 = AXIS2_PLACEMENT_3D ( 'NONE', #184, #1388, #692 ) ;
#1198 = ORIENTED_EDGE ( 'NONE', *, *, #2565, .T. ) ;
#1199 = FILL_AREA_STYLE_COLOUR ( '', #1255 ) ;
#1200 = ORIENTED_EDGE ( 'NONE', *, *, #1409, .F. ) ;
#1201 = EDGE_CURVE ( 'NONE', #263, #2464, #3026, .T. ) ;
#1202 = DIRECTION ( 'NONE',  ( 1.000000000000000000, 0.0000000000000000000, -0.0000000000000000000 ) ) ;
#1203 = VECTOR ( 'NONE', #2910, 1000.000000000000000 ) ;
#1205 = CARTESIAN_POINT ( 'NONE',  ( 1.049999999999999800, 0.0000000000000000000, -4.029999999999999400 ) ) ;
#1204 = SURFACE_STYLE_USAGE ( .BOTH. , #2564 ) ;
#1206 = VERTEX_POINT ( 'NONE', #2227 ) ;
#1207 = LINE ( 'NONE', #2725, #2758 ) ;
#1208 = CARTESIAN_POINT ( 'NONE',  ( 0.3800000000000000000, 1.014999999999999900, 2.214999999999999400 ) ) ;
#1209 = CARTESIAN_POINT ( 'NONE',  ( -2.429999999999999700, 0.6700000000000000400, -3.129999999999999900 ) ) ;
#1210 = PRESENTATION_STYLE_ASSIGNMENT (( #1324 ) ) ;
#1211 = CARTESIAN_POINT ( 'NONE',  ( -1.905000000000000200, 0.3599999999999906100, 3.974999999999996100 ) ) ;
#1212 = ORIENTED_EDGE ( 'NONE', *, *, #2961, .T. ) ;
#1213 = CARTESIAN_POINT ( 'NONE',  ( 2.429999999999999700, 0.6700000000000000400, -3.129999999999999900 ) ) ;
#1214 = VECTOR ( 'NONE', #2754, 1000.000000000000000 ) ;
#1215 =( GEOMETRIC_REPRESENTATION_CONTEXT ( 3 ) GLOBAL_UNCERTAINTY_ASSIGNED_CONTEXT ( ( #47 ) ) GLOBAL_UNIT_ASSIGNED_CONTEXT ( ( #1648, #1410, #477 ) ) REPRESENTATION_CONTEXT ( 'NONE', 'WORKASPACE' ) );
#1216 = PLANE ( 'NONE',  #1488 ) ;
#1217 = PRESENTATION_STYLE_ASSIGNMENT (( #2469 ) ) ;
#1218 = LINE ( 'NONE', #1341, #1141 ) ;
#1219 = FILL_AREA_STYLE ('',( #974 ) ) ;
#1220 = CARTESIAN_POINT ( 'NONE',  ( -1.049999999999999800, 0.0000000000000000000, -3.530000000000000200 ) ) ;
#1221 = VECTOR ( 'NONE', #1983, 1000.000000000000000 ) ;
#1222 = ADVANCED_FACE ( 'NONE', ( #1424 ), #1284, .F. ) ;
#1223 = VERTEX_POINT ( 'NONE', #369 ) ;
#1224 = CARTESIAN_POINT ( 'NONE',  ( -3.270000000000001400, 2.549999999999999800, -3.645296806047018100 ) ) ;
#1225 = CYLINDRICAL_SURFACE ( 'NONE', #429, 0.3499999999999999800 ) ;
#1226 = ORIENTED_EDGE ( 'NONE', *, *, #690, .T. ) ;
#1227 = CARTESIAN_POINT ( 'NONE',  ( -2.429999999999999300, 0.0000000000000000000, 0.4399999999999993900 ) ) ;
#1228 = ORIENTED_EDGE ( 'NONE', *, *, #401, .F. ) ;
#1229 = COLOUR_RGB ( '',0.2509803921568627400, 0.2509803921568627400, 0.2509803921568627400 ) ;
#1230 = AXIS2_PLACEMENT_3D ( 'NONE', #2468, #2223, #2458 ) ;
#1231 = FACE_OUTER_BOUND ( 'NONE', #3011, .T. ) ;
#1232 = EDGE_LOOP ( 'NONE', ( #1526, #938, #1337, #2019 ) ) ;
#1233 = VECTOR ( 'NONE', #1608, 1000.000000000000000 ) ;
#1234 = AXIS2_PLACEMENT_3D ( 'NONE', #2416, #76, #278 ) ;
#1235 = DIRECTION ( 'NONE',  ( 0.0000000000000000000, -1.000000000000000000, 0.0000000000000000000 ) ) ;
#1236 = FILL_AREA_STYLE_COLOUR ( '', #2921 ) ;
#1237 = CARTESIAN_POINT ( 'NONE',  ( -1.905000000000000200, 0.3600000000000003800, 4.955000000000000100 ) ) ;
#1238 = ADVANCED_BREP_SHAPE_REPRESENTATION ( 'NDP3', ( #808, #491, #2437, #366, #3006, #2247 ), #1683 ) ;
#1239 = SURFACE_SIDE_STYLE ('',( #2954 ) ) ;
#1240 = ADVANCED_FACE ( 'NONE', ( #2834 ), #611, .T. ) ;
#1241 = CARTESIAN_POINT ( 'NONE',  ( 4.286263797015735400E-017, 2.549999999999999800, -0.6350000000000005600 ) ) ;
#1242 = COLOUR_RGB ( '',0.7921568627450980000, 0.8196078431372548800, 0.9333333333333333500 ) ;
#1243 = EDGE_CURVE ( 'NONE', #1938, #2041, #2093, .T. ) ;
#1244 = VERTEX_POINT ( 'NONE', #2072 ) ;
#1245 = CARTESIAN_POINT ( 'NONE',  ( 1.905000000000000000, 0.8149999999999998400, 3.044999999999999500 ) ) ;
#1246 = VECTOR ( 'NONE', #984, 999.9999999999998900 ) ;
#1247 = ORIENTED_EDGE ( 'NONE', *, *, #1489, .F. ) ;
#1248 = COLOUR_RGB ( '',0.2509803921568627400, 0.2509803921568627400, 0.2509803921568627400 ) ;
#1249 = SURFACE_STYLE_USAGE ( .BOTH. , #701 ) ;
#1250 = AXIS2_PLACEMENT_3D ( 'NONE', #1460, #565, #2920 ) ;
#1251 = ADVANCED_FACE ( 'NONE', ( #2768 ), #738, .F. ) ;
#1252 = ORIENTED_EDGE ( 'NONE', *, *, #1509, .T. ) ;
#1253 = DIRECTION ( 'NONE',  ( 0.0000000000000000000, 0.0000000000000000000, 1.000000000000000000 ) ) ;
#1254 = PRESENTATION_STYLE_ASSIGNMENT (( #2561 ) ) ;
#1255 = COLOUR_RGB ( '',0.7921568627450980000, 0.8196078431372548800, 0.9333333333333333500 ) ;
#1256 = CARTESIAN_POINT ( 'NONE',  ( 2.605000000000000000, 8.170008333328704400, -4.955000000000000100 ) ) ;
#1257 = DIRECTION ( 'NONE',  ( 1.000000000000000000, 0.0000000000000000000, 0.0000000000000000000 ) ) ;
#1258 = ORIENTED_EDGE ( 'NONE', *, *, #1586, .F. ) ;
#1259 = ORIENTED_EDGE ( 'NONE', *, *, #379, .T. ) ;
#1260 = EDGE_CURVE ( 'NONE', #1058, #2806, #2306, .T. ) ;
#1261 = CARTESIAN_POINT ( 'NONE',  ( 1.905000000000000000, 0.8149999999999998400, 3.244999999999999700 ) ) ;
#1262 = LINE ( 'NONE', #2507, #454 ) ;
#1263 = LINE ( 'NONE', #1773, #751 ) ;
#1264 = VERTEX_POINT ( 'NONE', #3003 ) ;
#1265 = VECTOR ( 'NONE', #525, 1000.000000000000100 ) ;
#1266 = VERTEX_POINT ( 'NONE', #1612 ) ;
#1267 = EDGE_CURVE ( 'NONE', #386, #823, #436, .T. ) ;
#1268 = SURFACE_SIDE_STYLE ('',( #1830 ) ) ;
#1269 = AXIS2_PLACEMENT_3D ( 'NONE', #777, #1505, #1994 ) ;
#1270 = DIRECTION ( 'NONE',  ( -0.0000000000000000000, 1.000000000000000000, -0.0000000000000000000 ) ) ;
#1271 = CARTESIAN_POINT ( 'NONE',  ( -1.905000000000000200, -0.1699999999999994000, 4.955000000000003600 ) ) ;
#1272 = AXIS2_PLACEMENT_3D ( 'NONE', #1245, #2901, #1017 ) ;
#1273 = DIRECTION ( 'NONE',  ( 0.0000000000000000000, 1.000000000000000000, 0.0000000000000000000 ) ) ;
#1274 = ORIENTED_EDGE ( 'NONE', *, *, #1960, .F. ) ;
#1275 = DIRECTION ( 'NONE',  ( -0.0000000000000000000, -1.000000000000000000, -0.0000000000000000000 ) ) ;
#1276 = DIRECTION ( 'NONE',  ( 0.0000000000000000000, -0.0000000000000000000, 1.000000000000000000 ) ) ;
#1277 = VECTOR ( 'NONE', #2771, 1000.000000000000000 ) ;
#1278 = LINE ( 'NONE', #2115, #1052 ) ;
#1279 = MECHANICAL_DESIGN_GEOMETRIC_PRESENTATION_REPRESENTATION (  '', ( #1703 ), #1436 ) ;
#1280 = DIRECTION ( 'NONE',  ( 0.0000000000000000000, 1.000000000000000000, -7.274111514379755700E-015 ) ) ;
#1281 = FACE_OUTER_BOUND ( 'NONE', #1358, .T. ) ;
#1282 = AXIS2_PLACEMENT_3D ( 'NONE', #1120, #2797, #3043 ) ;
#1283 = ORIENTED_EDGE ( 'NONE', *, *, #2989, .F. ) ;
#1284 = PLANE ( 'NONE',  #390 ) ;
#1285 = SURFACE_SIDE_STYLE ('',( #933 ) ) ;
#1286 = FACE_OUTER_BOUND ( 'NONE', #890, .T. ) ;
#1287 = CARTESIAN_POINT ( 'NONE',  ( 2.429999999999999700, 0.6700000000000000400, -3.129999999999999900 ) ) ;
#1288 = CARTESIAN_POINT ( 'NONE',  ( -2.665000000000000500, 1.014999999999999900, 3.044999999999999500 ) ) ;
#1289 = PRESENTATION_STYLE_ASSIGNMENT (( #2141 ) ) ;
#1290 = VECTOR ( 'NONE', #781, 1000.000000000000000 ) ;
#1291 = EDGE_CURVE ( 'NONE', #529, #56, #959, .T. ) ;
#1292 = EDGE_CURVE ( 'NONE', #2280, #2693, #102, .T. ) ;
#1293 = EDGE_LOOP ( 'NONE', ( #1907, #2849 ) ) ;
#1294 = LINE ( 'NONE', #2105, #2875 ) ;
#1295 = FILL_AREA_STYLE_COLOUR ( '', #212 ) ;
#1296 = CARTESIAN_POINT ( 'NONE',  ( 1.905000000000000000, 8.170008333328704400, -4.955000000000000100 ) ) ;
#1297 = EDGE_LOOP ( 'NONE', ( #74, #767, #1198, #2120 ) ) ;
#1298 = EDGE_CURVE ( 'NONE', #384, #2175, #884, .T. ) ;
#1299 = DIRECTION ( 'NONE',  ( 1.084202172485504000E-015, 0.0000000000000000000, -1.000000000000000000 ) ) ;
#1300 =( GEOMETRIC_REPRESENTATION_CONTEXT ( 3 ) GLOBAL_UNCERTAINTY_ASSIGNED_CONTEXT ( ( #866 ) ) GLOBAL_UNIT_ASSIGNED_CONTEXT ( ( #2036, #1839, #649 ) ) REPRESENTATION_CONTEXT ( 'NONE', 'WORKASPACE' ) );
#1302 = ORIENTED_EDGE ( 'NONE', *, *, #71, .T. ) ;
#1301 = DIRECTION ( 'NONE',  ( 0.0000000000000000000, -0.0000000000000000000, -1.000000000000000000 ) ) ;
#1303 = DIRECTION ( 'NONE',  ( 1.000000000000000000, 0.0000000000000000000, 0.0000000000000000000 ) ) ;
#1304 = PRESENTATION_STYLE_ASSIGNMENT (( #229 ) ) ;
#1305 = FILL_AREA_STYLE ('',( #1580 ) ) ;
#1306 = ORIENTED_EDGE ( 'NONE', *, *, #1494, .F. ) ;
#1307 = CARTESIAN_POINT ( 'NONE',  ( 2.665000000000000000, 0.8149999999999998400, 3.244999999999999700 ) ) ;
#1308 = DIRECTION ( 'NONE',  ( 0.0000000000000000000, 0.0000000000000000000, 1.000000000000000000 ) ) ;
#1309 = DIRECTION ( 'NONE',  ( 0.0000000000000000000, 0.0000000000000000000, -1.000000000000000000 ) ) ;
#1310 = AXIS2_PLACEMENT_3D ( 'NONE', #1626, #252, #1276 ) ;
#1311 = ORIENTED_EDGE ( 'NONE', *, *, #2471, .T. ) ;
#1312 = AXIS2_PLACEMENT_3D ( 'NONE', #802, #780, #2427 ) ;
#1313 = CARTESIAN_POINT ( 'NONE',  ( -1.905000000000000000, 0.0000000000000000000, -4.554999999999999700 ) ) ;
#1314 = DIRECTION ( 'NONE',  ( 0.0000000000000000000, 0.0000000000000000000, 1.000000000000000000 ) ) ;
#1315 = EDGE_CURVE ( 'NONE', #1883, #2217, #1502, .T. ) ;
#1316 = CARTESIAN_POINT ( 'NONE',  ( -2.605000000000000000, 0.6700000000000000400, -3.530000000000000200 ) ) ;
#1317 = DIRECTION ( 'NONE',  ( 0.0000000000000000000, 0.0000000000000000000, 1.000000000000000000 ) ) ;
#1318 = CIRCLE ( 'NONE', #2365, 0.2499999999999997800 ) ;
#1319 = ORIENTED_EDGE ( 'NONE', *, *, #3002, .T. ) ;
#1320 = CARTESIAN_POINT ( 'NONE',  ( -2.605000000000000000, 8.170008333328704400, -4.955000000000000100 ) ) ;
#1321 = CARTESIAN_POINT ( 'NONE',  ( 1.905000000000000000, 0.8149999999999998400, 3.044999999999999500 ) ) ;
#1322 = FILL_AREA_STYLE ('',( #631 ) ) ;
#1323 = VERTEX_POINT ( 'NONE', #182 ) ;
#1324 = SURFACE_STYLE_USAGE ( .BOTH. , #416 ) ;
#1325 = STYLED_ITEM ( 'NONE', ( #576 ), #613 ) ;
#1326 =( NAMED_UNIT ( * ) PLANE_ANGLE_UNIT ( ) SI_UNIT ( $, .RADIAN. ) );
#1327 = LINE ( 'NONE', #2914, #228 ) ;
#1328 = PRESENTATION_LAYER_ASSIGNMENT (  '', '', ( #295 ) ) ;
#1329 = CARTESIAN_POINT ( 'NONE',  ( -1.049999999999999800, 8.170008333328704400, -4.029999999999999400 ) ) ;
#1330 = CARTESIAN_POINT ( 'NONE',  ( 2.605000000000000000, 0.6700000000000004800, -4.955000000000000100 ) ) ;
#1331 = COLOUR_RGB ( '',0.2509803921568627400, 0.2509803921568627400, 0.2509803921568627400 ) ;
#1332 = VERTEX_POINT ( 'NONE', #2789 ) ;
#1333 = PRESENTATION_LAYER_ASSIGNMENT (  '', '', ( #2545 ) ) ;
#1334 = ORIENTED_EDGE ( 'NONE', *, *, #2683, .T. ) ;
#1335 = VECTOR ( 'NONE', #747, 1000.000000000000000 ) ;
#1336 = VECTOR ( 'NONE', #2685, 1000.000000000000000 ) ;
#1337 = ORIENTED_EDGE ( 'NONE', *, *, #1803, .F. ) ;
#1338 = EDGE_LOOP ( 'NONE', ( #640, #1748, #2877, #67 ) ) ;
#1339 = VECTOR ( 'NONE', #628, 1000.000000000000000 ) ;
#1340 = DIRECTION ( 'NONE',  ( -1.000000000000000000, 0.0000000000000000000, -0.0000000000000000000 ) ) ;
#1341 = CARTESIAN_POINT ( 'NONE',  ( -3.091686629544049500, 2.549999999999999800, 2.214999999999999400 ) ) ;
#1342 = EDGE_CURVE ( 'NONE', #364, #524, #1854, .T. ) ;
#1343 = EDGE_CURVE ( 'NONE', #2667, #1935, #1590, .T. ) ;
#1344 = CARTESIAN_POINT ( 'NONE',  ( -2.254999999999999900, 0.6700000000000000400, -3.129999999999999900 ) ) ;
#1345 = CARTESIAN_POINT ( 'NONE',  ( 3.091686629544046800, 2.549999999999999800, 2.073756461124103300 ) ) ;
#1346 = CLOSED_SHELL ( 'NONE', ( #44, #1064, #2671, #2372, #2843, #766, #238, #27, #2174, #293, #809, #517, #989, #305 ) ) ;
#1347 = ORIENTED_EDGE ( 'NONE', *, *, #1924, .F. ) ;
#1348 = CARTESIAN_POINT ( 'NONE',  ( -2.429999999999999700, 0.6700000000000000400, -3.129999999999999900 ) ) ;
#1349 = ORIENTED_EDGE ( 'NONE', *, *, #159, .T. ) ;
#1350 = VECTOR ( 'NONE', #2503, 1000.000000000000000 ) ;
#1351 = ORIENTED_EDGE ( 'NONE', *, *, #2143, .T. ) ;
#1352 = DIRECTION ( 'NONE',  ( 0.0000000000000000000, 0.0000000000000000000, -1.000000000000000000 ) ) ;
#1353 = EDGE_CURVE ( 'NONE', #2193, #198, #2688, .T. ) ;
#1354 = EDGE_CURVE ( 'NONE', #2832, #2231, #521, .T. ) ;
#1355 = CARTESIAN_POINT ( 'NONE',  ( -1.905000000000000200, 0.5599999999999933900, 3.244999999999997000 ) ) ;
#1356 = PRODUCT ( 'NDP3', 'NDP3', '', ( #509 ) ) ;
#1357 = VERTEX_POINT ( 'NONE', #642 ) ;
#1358 = EDGE_LOOP ( 'NONE', ( #85, #818, #1751, #1022 ) ) ;
#1359 = CARTESIAN_POINT ( 'NONE',  ( 2.254999999999999400, 0.0000000000000000000, -3.530000000000000200 ) ) ;
#1360 = FACE_OUTER_BOUND ( 'NONE', #2139, .T. ) ;
#1361 = DIRECTION ( 'NONE',  ( 0.0000000000000000000, 0.0000000000000000000, 1.000000000000000000 ) ) ;
#1362 = PRESENTATION_STYLE_ASSIGNMENT (( #1420 ) ) ;
#1363 = LINE ( 'NONE', #304, #1221 ) ;
#1364 =( GEOMETRIC_REPRESENTATION_CONTEXT ( 3 ) GLOBAL_UNCERTAINTY_ASSIGNED_CONTEXT ( ( #1367 ) ) GLOBAL_UNIT_ASSIGNED_CONTEXT ( ( #1794, #2242, #162 ) ) REPRESENTATION_CONTEXT ( 'NONE', 'WORKASPACE' ) );
#1365 = DIRECTION ( 'NONE',  ( -0.0000000000000000000, 1.000000000000000000, -0.0000000000000000000 ) ) ;
#1366 = ORIENTED_EDGE ( 'NONE', *, *, #1182, .F. ) ;
#1367 = UNCERTAINTY_MEASURE_WITH_UNIT (LENGTH_MEASURE( 1.000000000000000100E-005 ), #1794, 'distance_accuracy_value', 'NONE');
#1368 = PRODUCT_RELATED_PRODUCT_CATEGORY ( 'part', '', ( #1356 ) ) ;
#1369 = VECTOR ( 'NONE', #3051, 1000.000000000000000 ) ;
#1371 = EDGE_LOOP ( 'NONE', ( #1992, #1639, #1065, #1940 ) ) ;
#1370 = CARTESIAN_POINT ( 'NONE',  ( -1.905000000000000200, 0.5599999999999977200, 3.774999999999993700 ) ) ;
#1372 = CARTESIAN_POINT ( 'NONE',  ( 2.254999999999999900, 0.6700000000000004800, -3.129999999999999900 ) ) ;
#1373 = ORIENTED_EDGE ( 'NONE', *, *, #137, .F. ) ;
#1374 = CARTESIAN_POINT ( 'NONE',  ( -1.905000000000000200, 0.3600000000000003800, 4.955000000000000100 ) ) ;
#1375 = VECTOR ( 'NONE', #128, 1000.000000000000000 ) ;
#1376 = ORIENTED_EDGE ( 'NONE', *, *, #1291, .F. ) ;
#1377 = CARTESIAN_POINT ( 'NONE',  ( -2.254999999999999400, 0.6700000000000000400, -3.530000000000000200 ) ) ;
#1378 = ORIENTED_EDGE ( 'NONE', *, *, #617, .T. ) ;
#1379 = CARTESIAN_POINT ( 'NONE',  ( -1.905000000000000200, 0.8149999999999998400, 3.044999999999999500 ) ) ;
#1380 = CARTESIAN_POINT ( 'NONE',  ( 2.605000000000000400, 2.549999999999999800, -3.880000000000000300 ) ) ;
#1381 = AXIS2_PLACEMENT_3D ( 'NONE', #1575, #663, #1834 ) ;
#1382 = VERTEX_POINT ( 'NONE', #2504 ) ;
#1383 = PRESENTATION_LAYER_ASSIGNMENT (  '', '', ( #1881 ) ) ;
#1384 = VECTOR ( 'NONE', #209, 1000.000000000000000 ) ;
#1385 = DIRECTION ( 'NONE',  ( 0.0000000000000000000, 1.000000000000000000, 2.210922077225458000E-014 ) ) ;
#1386 = CARTESIAN_POINT ( 'NONE',  ( -1.905000000000000200, 0.3600000000000003800, 4.955000000000000100 ) ) ;
#1387 = ORIENTED_EDGE ( 'NONE', *, *, #2609, .T. ) ;
#1388 = DIRECTION ( 'NONE',  ( 0.0000000000000000000, -1.000000000000000000, 0.0000000000000000000 ) ) ;
#1389 = FACE_OUTER_BOUND ( 'NONE', #558, .T. ) ;
#1390 = EDGE_CURVE ( 'NONE', #1172, #636, #1619, .T. ) ;
#1391 = CARTESIAN_POINT ( 'NONE',  ( 1.050000000000000000, 0.6700000000000000400, -3.779999999999999800 ) ) ;
#1392 = CARTESIAN_POINT ( 'NONE',  ( -2.254999999999999400, 0.0000000000000000000, -3.530000000000000200 ) ) ;
#1393 =( LENGTH_UNIT ( ) NAMED_UNIT ( * ) SI_UNIT ( .MILLI., .METRE. ) );
#1394 = EDGE_CURVE ( 'NONE', #2013, #2377, #1133, .T. ) ;
#1395 = VECTOR ( 'NONE', #2965, 1000.000000000000000 ) ;
#1396 = ORIENTED_EDGE ( 'NONE', *, *, #635, .T. ) ;
#1397 = DIRECTION ( 'NONE',  ( 1.000000000000000000, 0.0000000000000000000, 0.0000000000000000000 ) ) ;
#1398 =( GEOMETRIC_REPRESENTATION_CONTEXT ( 3 ) GLOBAL_UNCERTAINTY_ASSIGNED_CONTEXT ( ( #2065 ) ) GLOBAL_UNIT_ASSIGNED_CONTEXT ( ( #538, #2163, #2400 ) ) REPRESENTATION_CONTEXT ( 'NONE', 'WORKASPACE' ) );
#1399 = VECTOR ( 'NONE', #1762, 1000.000000000000000 ) ;
#1400 = CARTESIAN_POINT ( 'NONE',  ( -2.254999999999999900, 0.0000000000000000000, -3.129999999999999900 ) ) ;
#1401 = ORIENTED_EDGE ( 'NONE', *, *, #873, .T. ) ;
#1402 = ORIENTED_EDGE ( 'NONE', *, *, #450, .F. ) ;
#1403 = EDGE_LOOP ( 'NONE', ( #1109, #235, #1943, #2332 ) ) ;
#1404 = VECTOR ( 'NONE', #2443, 1000.000000000000000 ) ;
#1405 = EDGE_CURVE ( 'NONE', #697, #720, #1541, .T. ) ;
#1406 = VECTOR ( 'NONE', #1299, 1000.000000000000000 ) ;
#1407 =( LENGTH_UNIT ( ) NAMED_UNIT ( * ) SI_UNIT ( .MILLI., .METRE. ) );
#1408 = ORIENTED_EDGE ( 'NONE', *, *, #1034, .F. ) ;
#1409 = EDGE_CURVE ( 'NONE', #596, #941, #1736, .T. ) ;
#1410 =( NAMED_UNIT ( * ) PLANE_ANGLE_UNIT ( ) SI_UNIT ( $, .RADIAN. ) );
#1411 = PRESENTATION_STYLE_ASSIGNMENT (( #580 ) ) ;
#1412 = CARTESIAN_POINT ( 'NONE',  ( 2.665000000000000000, 0.5599999999999933900, 3.244999999999994300 ) ) ;
#1413 = ORIENTED_EDGE ( 'NONE', *, *, #2348, .T. ) ;
#1414 = COLOUR_RGB ( '',0.2509803921568627400, 0.2509803921568627400, 0.2509803921568627400 ) ;
#1415 = UNCERTAINTY_MEASURE_WITH_UNIT (LENGTH_MEASURE( 1.000000000000000100E-005 ), #935, 'distance_accuracy_value', 'NONE');
#1416 = ORIENTED_EDGE ( 'NONE', *, *, #177, .F. ) ;
#1417 =( NAMED_UNIT ( * ) SI_UNIT ( $, .STERADIAN. ) SOLID_ANGLE_UNIT ( ) );
#1418 = AXIS2_PLACEMENT_3D ( 'NONE', #129, #1789, #839 ) ;
#1419 = ORIENTED_EDGE ( 'NONE', *, *, #1134, .T. ) ;
#1420 = SURFACE_STYLE_USAGE ( .BOTH. , #3072 ) ;
#1421 = PRODUCT_DEFINITION_FORMATION_WITH_SPECIFIED_SOURCE ( 'ANY', '', #1356, .NOT_KNOWN. ) ;
#1422 = CARTESIAN_POINT ( 'NONE',  ( -1.905000000000000200, 0.8149999999999998400, 3.244999999999999700 ) ) ;
#1423 = ORIENTED_EDGE ( 'NONE', *, *, #1996, .F. ) ;
#1424 = FACE_OUTER_BOUND ( 'NONE', #2572, .T. ) ;
#1425 = VECTOR ( 'NONE', #1719, 1000.000000000000000 ) ;
#1426 = ADVANCED_FACE ( 'NONE', ( #1389 ), #3, .T. ) ;
#1427 = DIRECTION ( 'NONE',  ( -0.0000000000000000000, 1.000000000000000000, -0.0000000000000000000 ) ) ;
#1428 = CARTESIAN_POINT ( 'NONE',  ( 2.665000000000000000, 0.3600000000000003800, 4.955000000000000100 ) ) ;
#1429 = ORIENTED_EDGE ( 'NONE', *, *, #3062, .T. ) ;
#1430 = ORIENTED_EDGE ( 'NONE', *, *, #629, .F. ) ;
#1431 = LINE ( 'NONE', #591, #819 ) ;
#1432 =( NAMED_UNIT ( * ) SI_UNIT ( $, .STERADIAN. ) SOLID_ANGLE_UNIT ( ) );
#1433 = VECTOR ( 'NONE', #2067, 1000.000000000000000 ) ;
#1434 = ORIENTED_EDGE ( 'NONE', *, *, #2687, .F. ) ;
#1435 = CARTESIAN_POINT ( 'NONE',  ( 0.3800000000000000000, 1.544999999999999900, 2.214999999999999400 ) ) ;
#1436 =( GEOMETRIC_REPRESENTATION_CONTEXT ( 3 ) GLOBAL_UNCERTAINTY_ASSIGNED_CONTEXT ( ( #2531 ) ) GLOBAL_UNIT_ASSIGNED_CONTEXT ( ( #2951, #1533, #2208 ) ) REPRESENTATION_CONTEXT ( 'NONE', 'WORKASPACE' ) );
#1437 = CARTESIAN_POINT ( 'NONE',  ( 2.605000000000000000, 0.0000000000000000000, -4.955000000000000100 ) ) ;
#1438 = ORIENTED_EDGE ( 'NONE', *, *, #404, .T. ) ;
#1439 = SURFACE_STYLE_FILL_AREA ( #2155 ) ;
#1440 = MECHANICAL_DESIGN_GEOMETRIC_PRESENTATION_REPRESENTATION (  '', ( #126 ), #2979 ) ;
#1441 = ORIENTED_EDGE ( 'NONE', *, *, #1886, .T. ) ;
#1442 = FILL_AREA_STYLE_COLOUR ( '', #33 ) ;
#1443 = ORIENTED_EDGE ( 'NONE', *, *, #2678, .F. ) ;
#1444 = ADVANCED_FACE ( 'NONE', ( #593 ), #2311, .T. ) ;
#1445 = DIRECTION ( 'NONE',  ( 0.9975640502598245300, -0.06975647374412179100, 0.0000000000000000000 ) ) ;
#1446 = ADVANCED_FACE ( 'NONE', ( #2033 ), #186, .F. ) ;
#1447 = EDGE_CURVE ( 'NONE', #1037, #150, #634, .T. ) ;
#1448 =( NAMED_UNIT ( * ) PLANE_ANGLE_UNIT ( ) SI_UNIT ( $, .RADIAN. ) );
#1449 = LINE ( 'NONE', #854, #291 ) ;
#1450 = ORIENTED_EDGE ( 'NONE', *, *, #400, .F. ) ;
#1451 = UNCERTAINTY_MEASURE_WITH_UNIT (LENGTH_MEASURE( 1.000000000000000100E-005 ), #2490, 'distance_accuracy_value', 'NONE');
#1452 = SURFACE_STYLE_FILL_AREA ( #769 ) ;
#1453 = DIRECTION ( 'NONE',  ( 0.0000000000000000000, -0.0000000000000000000, -1.000000000000000000 ) ) ;
#1454 = CARTESIAN_POINT ( 'NONE',  ( -2.665000000000000500, 0.8149999999999998400, 3.044999999999999500 ) ) ;
#1455 = ORIENTED_EDGE ( 'NONE', *, *, #2657, .F. ) ;
#1456 = CARTESIAN_POINT ( 'NONE',  ( 2.665000000000000000, 1.014999999999999900, 2.214999999999999400 ) ) ;
#1457 = DIRECTION ( 'NONE',  ( 0.0000000000000000000, 0.0000000000000000000, -1.000000000000000000 ) ) ;
#1458 = VECTOR ( 'NONE', #916, 1000.000000000000000 ) ;
#1460 = CARTESIAN_POINT ( 'NONE',  ( -0.3800000000000000000, -0.1700000000000091200, 3.044999999999999500 ) ) ;
#1459 = DIRECTION ( 'NONE',  ( 1.000000000000000000, 0.0000000000000000000, 0.0000000000000000000 ) ) ;
#1461 = DIRECTION ( 'NONE',  ( 0.0000000000000000000, 0.0000000000000000000, 1.000000000000000000 ) ) ;
#1462 = ORIENTED_EDGE ( 'NONE', *, *, #2053, .F. ) ;
#1463 = EDGE_CURVE ( 'NONE', #2003, #529, #1931, .T. ) ;
#1464 = MECHANICAL_DESIGN_GEOMETRIC_PRESENTATION_REPRESENTATION (  '', ( #1049 ), #2091 ) ;
#1465 = ORIENTED_EDGE ( 'NONE', *, *, #947, .F. ) ;
#1466 = VECTOR ( 'NONE', #2499, 1000.000000000000000 ) ;
#1467 = SURFACE_STYLE_USAGE ( .BOTH. , #645 ) ;
#1468 = VERTEX_POINT ( 'NONE', #2145 ) ;
#1469 = FACE_OUTER_BOUND ( 'NONE', #1490, .T. ) ;
#1470 = DIRECTION ( 'NONE',  ( -0.0000000000000000000, -1.000000000000000000, -0.0000000000000000000 ) ) ;
#1472 = CARTESIAN_POINT ( 'NONE',  ( -1.049999999999999800, 0.6700000000000004800, -3.530000000000000200 ) ) ;
#1471 = DIRECTION ( 'NONE',  ( 0.0000000000000000000, 0.9902680687415712500, -0.1391731009600585500 ) ) ;
#1473 = VERTEX_POINT ( 'NONE', #739 ) ;
#1474 = COLOUR_RGB ( '',0.2509803921568627400, 0.2509803921568627400, 0.2509803921568627400 ) ;
#1475 = DIRECTION ( 'NONE',  ( 0.0000000000000000000, 0.0000000000000000000, -1.000000000000000000 ) ) ;
#1476 = ORIENTED_EDGE ( 'NONE', *, *, #2657, .T. ) ;
#1477 = ORIENTED_EDGE ( 'NONE', *, *, #1906, .T. ) ;
#1478 = COLOUR_RGB ( '',0.2509803921568627400, 0.2509803921568627400, 0.2509803921568627400 ) ;
#1479 = AXIS2_PLACEMENT_3D ( 'NONE', #1750, #2511, #170 ) ;
#1480 = CARTESIAN_POINT ( 'NONE',  ( -1.905000000000000200, 1.014999999999999900, 3.044999999999999500 ) ) ;
#1481 = ORIENTED_EDGE ( 'NONE', *, *, #2895, .F. ) ;
#1482 = DIRECTION ( 'NONE',  ( 0.0000000000000000000, 0.0000000000000000000, 1.000000000000000000 ) ) ;
#1483 = DIRECTION ( 'NONE',  ( -1.000000000000000000, -0.0000000000000000000, -0.0000000000000000000 ) ) ;
#1484 = COLOUR_RGB ( '',0.2509803921568627400, 0.2509803921568627400, 0.2509803921568627400 ) ;
#1485 = STYLED_ITEM ( 'NONE', ( #1217 ), #2437 ) ;
#1486 = DIRECTION ( 'NONE',  ( -1.000000000000000000, 0.0000000000000000000, 1.084202172485504000E-015 ) ) ;
#1487 = ORIENTED_EDGE ( 'NONE', *, *, #1291, .T. ) ;
#1488 = AXIS2_PLACEMENT_3D ( 'NONE', #2908, #1010, #2205 ) ;
#1489 = EDGE_CURVE ( 'NONE', #360, #1332, #2570, .T. ) ;
#1490 = EDGE_LOOP ( 'NONE', ( #32, #771, #735, #2298 ) ) ;
#1491 = LINE ( 'NONE', #2042, #1350 ) ;
#1492 = ADVANCED_FACE ( 'NONE', ( #3071 ), #2880, .F. ) ;
#1493 = CARTESIAN_POINT ( 'NONE',  ( -3.270000000000001400, 0.0000000000000000000, -3.880000000000000300 ) ) ;
#1494 = EDGE_CURVE ( 'NONE', #1468, #1760, #1139, .T. ) ;
#1495 = PLANE ( 'NONE',  #1813 ) ;
#1496 = CARTESIAN_POINT ( 'NONE',  ( -3.091686629544049500, 2.549999999999999800, -3.880000000000000300 ) ) ;
#1497 = AXIS2_PLACEMENT_3D ( 'NONE', #1108, #2284, #1098 ) ;
#1498 = CYLINDRICAL_SURFACE ( 'NONE', #531, 0.7300000000000023100 ) ;
#1499 = CARTESIAN_POINT ( 'NONE',  ( 0.3800000000000000000, 1.544999999999999900, 2.214999999999999400 ) ) ;
#1500 =( GEOMETRIC_REPRESENTATION_CONTEXT ( 3 ) GLOBAL_UNCERTAINTY_ASSIGNED_CONTEXT ( ( #2884 ) ) GLOBAL_UNIT_ASSIGNED_CONTEXT ( ( #557, #1709, #2385 ) ) REPRESENTATION_CONTEXT ( 'NONE', 'WORKASPACE' ) );
#1501 = ORIENTED_EDGE ( 'NONE', *, *, #1463, .T. ) ;
#1502 = LINE ( 'NONE', #1844, #267 ) ;
#1503 = CARTESIAN_POINT ( 'NONE',  ( 1.905000000000000000, 8.170008333328704400, -4.554999999999999700 ) ) ;
#1504 =( NAMED_UNIT ( * ) PLANE_ANGLE_UNIT ( ) SI_UNIT ( $, .RADIAN. ) );
#1505 = DIRECTION ( 'NONE',  ( 0.0000000000000000000, -1.000000000000000000, 0.0000000000000000000 ) ) ;
#1506 = DIRECTION ( 'NONE',  ( 0.0000000000000000000, 1.000000000000000000, 2.040851148207957100E-014 ) ) ;
#1507 = CARTESIAN_POINT ( 'NONE',  ( 1.905000000000000000, 0.6700000000000004800, -4.955000000000000100 ) ) ;
#1508 = EDGE_CURVE ( 'NONE', #609, #524, #1621, .T. ) ;
#1509 = EDGE_CURVE ( 'NONE', #2003, #612, #2234, .T. ) ;
#1510 =( NAMED_UNIT ( * ) PLANE_ANGLE_UNIT ( ) SI_UNIT ( $, .RADIAN. ) );
#1511 = STYLED_ITEM ( 'NONE', ( #1193 ), #536 ) ;
#1512 = ORIENTED_EDGE ( 'NONE', *, *, #2944, .T. ) ;
#1513 = CARTESIAN_POINT ( 'NONE',  ( 2.605000000000000000, 0.0000000000000000000, -3.530000000000000200 ) ) ;
#1514 = VECTOR ( 'NONE', #2904, 1000.000000000000000 ) ;
#1515 = EDGE_LOOP ( 'NONE', ( #1376, #2918, #1252, #2620 ) ) ;
#1516 = MECHANICAL_DESIGN_GEOMETRIC_PRESENTATION_REPRESENTATION (  '', ( #1511 ), #1300 ) ;
#1517 = DIRECTION ( 'NONE',  ( -1.000000000000000000, 0.0000000000000000000, 0.0000000000000000000 ) ) ;
#1518 = DIRECTION ( 'NONE',  ( 0.0000000000000000000, 1.000000000000000000, 0.0000000000000000000 ) ) ;
#1519 = ORIENTED_EDGE ( 'NONE', *, *, #1156, .F. ) ;
#1520 = EDGE_CURVE ( 'NONE', #210, #1835, #1818, .T. ) ;
#1521 = VECTOR ( 'NONE', #1631, 1000.000000000000000 ) ;
#1522 = PRESENTATION_LAYER_ASSIGNMENT (  '', '', ( #1084 ) ) ;
#1523 = DIRECTION ( 'NONE',  ( 1.000000000000000000, 0.0000000000000000000, -0.0000000000000000000 ) ) ;
#1524 = EDGE_LOOP ( 'NONE', ( #2363, #1629, #247, #422 ) ) ;
#1525 = LINE ( 'NONE', #2529, #362 ) ;
#1526 = ORIENTED_EDGE ( 'NONE', *, *, #3065, .T. ) ;
#1527 = AXIS2_PLACEMENT_3D ( 'NONE', #1615, #175, #3014 ) ;
#1528 = LINE ( 'NONE', #561, #1203 ) ;
#1529 = CARTESIAN_POINT ( 'NONE',  ( -3.270000000000001400, 0.6700000000000000400, -3.880000000000000300 ) ) ;
#1530 = AXIS2_PLACEMENT_3D ( 'NONE', #1391, #2107, #706 ) ;
#1531 = DIRECTION ( 'NONE',  ( 0.0000000000000000000, 0.0000000000000000000, -1.000000000000000000 ) ) ;
#1532 = CARTESIAN_POINT ( 'NONE',  ( 2.605000000000000000, 0.0000000000000000000, -3.530000000000000200 ) ) ;
#1533 =( NAMED_UNIT ( * ) PLANE_ANGLE_UNIT ( ) SI_UNIT ( $, .RADIAN. ) );
#1534 = ORIENTED_EDGE ( 'NONE', *, *, #220, .F. ) ;
#1535 = CARTESIAN_POINT ( 'NONE',  ( -1.049999999999999800, 8.170008333328704400, -3.530000000000000200 ) ) ;
#1536 = DIRECTION ( 'NONE',  ( 0.0000000000000000000, -1.000000000000000000, 0.0000000000000000000 ) ) ;
#1537 = VECTOR ( 'NONE', #883, 1000.000000000000000 ) ;
#1538 = CARTESIAN_POINT ( 'NONE',  ( -2.665000000000000500, -0.1699999999999994000, 4.955000000000003600 ) ) ;
#1539 = VERTEX_POINT ( 'NONE', #1936 ) ;
#1540 = AXIS2_PLACEMENT_3D ( 'NONE', #12, #261, #1652 ) ;
#1541 = LINE ( 'NONE', #2124, #1458 ) ;
#1542 = PLANE ( 'NONE',  #1479 ) ;
#1543 = CARTESIAN_POINT ( 'NONE',  ( 2.665000000000000000, 1.014999999999999900, 3.044999999999999500 ) ) ;
#1544 =( GEOMETRIC_REPRESENTATION_CONTEXT ( 3 ) GLOBAL_UNCERTAINTY_ASSIGNED_CONTEXT ( ( #2455 ) ) GLOBAL_UNIT_ASSIGNED_CONTEXT ( ( #1986, #1733, #1896 ) ) REPRESENTATION_CONTEXT ( 'NONE', 'WORKASPACE' ) );
#1545 = CARTESIAN_POINT ( 'NONE',  ( -3.270000000000001400, 2.549999999999999800, -3.645296806047018100 ) ) ;
#1546 = ORIENTED_EDGE ( 'NONE', *, *, #1613, .T. ) ;
#1547 = SURFACE_STYLE_USAGE ( .BOTH. , #2029 ) ;
#1548 = DIRECTION ( 'NONE',  ( 0.06908086403639318600, -0.9879023813098026800, -0.1388406252737531000 ) ) ;
#1549 = ORIENTED_EDGE ( 'NONE', *, *, #404, .F. ) ;
#1550 =( LENGTH_UNIT ( ) NAMED_UNIT ( * ) SI_UNIT ( .MILLI., .METRE. ) );
#1551 = CARTESIAN_POINT ( 'NONE',  ( 1.279128784747791700, 0.0000000000000000000, -3.880000000000000300 ) ) ;
#1552 = EDGE_CURVE ( 'NONE', #2501, #2693, #378, .T. ) ;
#1553 = EDGE_CURVE ( 'NONE', #1001, #2947, #2470, .T. ) ;
#1554 = FILL_AREA_STYLE ('',( #2254 ) ) ;
#1555 = CARTESIAN_POINT ( 'NONE',  ( -2.665000000000000500, 1.014999999999999900, 2.214999999999999400 ) ) ;
#1556 = VERTEX_POINT ( 'NONE', #1964 ) ;
#1557 = EDGE_LOOP ( 'NONE', ( #1821, #2679, #1791, #1838, #3037, #1653, #1980, #1930, #474, #2489, #2271, #2130 ) ) ;
#1558 = EDGE_CURVE ( 'NONE', #48, #20, #650, .T. ) ;
#1559 = VECTOR ( 'NONE', #1461, 1000.000000000000000 ) ;
#1560 = SURFACE_STYLE_USAGE ( .BOTH. , #2980 ) ;
#1562 = ORIENTED_EDGE ( 'NONE', *, *, #982, .F. ) ;
#1561 = CARTESIAN_POINT ( 'NONE',  ( -3.270000000000001400, -4.532344291145781200E-018, 2.072351052777079000 ) ) ;
#1563 = CARTESIAN_POINT ( 'NONE',  ( -2.254999999999999900, 0.6700000000000004800, -3.129999999999999900 ) ) ;
#1564 = LINE ( 'NONE', #740, #389 ) ;
#1565 = ADVANCED_FACE ( 'NONE', ( #1870 ), #2632, .T. ) ;
#1566 = LINE ( 'NONE', #314, #542 ) ;
#1567 = DIRECTION ( 'NONE',  ( 0.0000000000000000000, 0.0000000000000000000, 1.000000000000000000 ) ) ;
#1568 = ORIENTED_EDGE ( 'NONE', *, *, #1634, .F. ) ;
#1569 = FILL_AREA_STYLE_COLOUR ( '', #2512 ) ;
#1570 = STYLED_ITEM ( 'NONE', ( #1304 ), #2334 ) ;
#1571 = CARTESIAN_POINT ( 'NONE',  ( -2.605000000000000000, 0.6700000000000000400, -3.880000000000000300 ) ) ;
#1572 = ORIENTED_EDGE ( 'NONE', *, *, #473, .T. ) ;
#1573 = LINE ( 'NONE', #1087, #2119 ) ;
#1574 = LINE ( 'NONE', #2827, #2321 ) ;
#1575 = CARTESIAN_POINT ( 'NONE',  ( -1.049999999999999800, 8.170008333328704400, -3.530000000000000200 ) ) ;
#1576 = VECTOR ( 'NONE', #1235, 1000.000000000000000 ) ;
#1577 = CARTESIAN_POINT ( 'NONE',  ( -2.665000000000000500, 0.8149999999999998400, 3.244999999999999700 ) ) ;
#1578 = EDGE_CURVE ( 'NONE', #1264, #350, #1006, .T. ) ;
#1579 = ORIENTED_EDGE ( 'NONE', *, *, #2040, .F. ) ;
#1580 = FILL_AREA_STYLE_COLOUR ( '', #1150 ) ;
#1581 = CARTESIAN_POINT ( 'NONE',  ( -2.665000000000000500, 0.5599999999999933900, 3.974999999999999200 ) ) ;
#1582 = DIRECTION ( 'NONE',  ( 0.0000000000000000000, 0.0000000000000000000, 1.000000000000000000 ) ) ;
#1583 = PLANE ( 'NONE',  #742 ) ;
#1584 = ORIENTED_EDGE ( 'NONE', *, *, #2290, .T. ) ;
#1585 = CARTESIAN_POINT ( 'NONE',  ( 3.208464405489702900, 0.8800000000000000000, -3.880000000000000800 ) ) ;
#1586 = EDGE_CURVE ( 'NONE', #1332, #2217, #1705, .T. ) ;
#1587 = ORIENTED_EDGE ( 'NONE', *, *, #562, .T. ) ;
#1589 = CARTESIAN_POINT ( 'NONE',  ( 2.605000000000000000, 0.0000000000000000000, -3.530000000000000200 ) ) ;
#1588 =( LENGTH_UNIT ( ) NAMED_UNIT ( * ) SI_UNIT ( .MILLI., .METRE. ) );
#1590 = LINE ( 'NONE', #679, #2456 ) ;
#1591 = CARTESIAN_POINT ( 'NONE',  ( -1.905000000000000200, 0.5599999999999933900, 3.974999999999999200 ) ) ;
#1592 = VECTOR ( 'NONE', #1768, 1000.000000000000000 ) ;
#1593 = STYLED_ITEM ( 'NONE', ( #2641 ), #1426 ) ;
#1594 = EDGE_LOOP ( 'NONE', ( #1735, #1443, #2810, #2392 ) ) ;
#1595 = FACE_OUTER_BOUND ( 'NONE', #3073, .T. ) ;
#1596 = VERTEX_POINT ( 'NONE', #2168 ) ;
#1597 = EDGE_LOOP ( 'NONE', ( #2970, #999, #3001, #1476 ) ) ;
#1598 = DIRECTION ( 'NONE',  ( 0.0000000000000000000, 0.0000000000000000000, -1.000000000000000000 ) ) ;
#1599 = ORIENTED_EDGE ( 'NONE', *, *, #1180, .T. ) ;
#1600 = ORIENTED_EDGE ( 'NONE', *, *, #794, .F. ) ;
#1601 = DIRECTION ( 'NONE',  ( 1.084202172485504000E-015, 0.0000000000000000000, -1.000000000000000000 ) ) ;
#1602 = VERTEX_POINT ( 'NONE', #1241 ) ;
#1603 = ORIENTED_EDGE ( 'NONE', *, *, #982, .T. ) ;
#1604 = VERTEX_POINT ( 'NONE', #2182 ) ;
#1605 = DIRECTION ( 'NONE',  ( -0.0000000000000000000, -1.000000000000000000, -0.0000000000000000000 ) ) ;
#1606 = LINE ( 'NONE', #2552, #1233 ) ;
#1607 = DIRECTION ( 'NONE',  ( -0.0000000000000000000, -1.000000000000000000, -0.0000000000000000000 ) ) ;
#1608 = DIRECTION ( 'NONE',  ( 1.000000000000000000, -0.0000000000000000000, -0.0000000000000000000 ) ) ;
#1609 = MECHANICAL_DESIGN_GEOMETRIC_PRESENTATION_REPRESENTATION (  '', ( #66 ), #299 ) ;
#1610 = FILL_AREA_STYLE ('',( #411 ) ) ;
#1611 = EDGE_LOOP ( 'NONE', ( #199, #1882, #1562, #98 ) ) ;
#1612 = CARTESIAN_POINT ( 'NONE',  ( 1.905000000000000000, 0.3599999999999906100, 3.974999999999996100 ) ) ;
#1613 = EDGE_CURVE ( 'NONE', #1935, #764, #1832, .T. ) ;
#1614 = DIRECTION ( 'NONE',  ( -0.06908086403639318600, 0.9879023813098026800, -0.1388406252737528800 ) ) ;
#1615 = CARTESIAN_POINT ( 'NONE',  ( 0.3800000000000000000, 1.014999999999999900, 3.044999999999999500 ) ) ;
#1616 = EDGE_LOOP ( 'NONE', ( #2276, #1658, #2804, #470 ) ) ;
#1617 = SURFACE_STYLE_FILL_AREA ( #1802 ) ;
#1618 = DIRECTION ( 'NONE',  ( 1.000000000000000000, 0.0000000000000000000, 0.0000000000000000000 ) ) ;
#1619 = LINE ( 'NONE', #173, #990 ) ;
#1620 = VERTEX_POINT ( 'NONE', #2850 ) ;
#1621 = LINE ( 'NONE', #753, #2419 ) ;
#1622 = FACE_OUTER_BOUND ( 'NONE', #2219, .T. ) ;
#1623 = DIRECTION ( 'NONE',  ( 1.214792350123814900E-016, -0.0000000000000000000, -1.000000000000000000 ) ) ;
#1624 = VECTOR ( 'NONE', #258, 999.9999999999998900 ) ;
#1625 = EDGE_LOOP ( 'NONE', ( #1462, #905, #95, #1546 ) ) ;
#1626 = CARTESIAN_POINT ( 'NONE',  ( 2.665000000000000000, 1.014999999999999900, 3.044999999999999500 ) ) ;
#1627 = MECHANICAL_DESIGN_GEOMETRIC_PRESENTATION_REPRESENTATION (  '', ( #1084 ), #1398 ) ;
#1628 = FILL_AREA_STYLE ('',( #1848 ) ) ;
#1629 = ORIENTED_EDGE ( 'NONE', *, *, #1657, .F. ) ;
#1630 = EDGE_CURVE ( 'NONE', #1266, #360, #1910, .T. ) ;
#1631 = DIRECTION ( 'NONE',  ( -1.000000000000000000, -0.0000000000000000000, -0.0000000000000000000 ) ) ;
#1632 = ORIENTED_EDGE ( 'NONE', *, *, #138, .F. ) ;
#1633 = FILL_AREA_STYLE_COLOUR ( '', #572 ) ;
#1634 = EDGE_CURVE ( 'NONE', #500, #654, #1196, .T. ) ;
#1635 = ORIENTED_EDGE ( 'NONE', *, *, #1354, .F. ) ;
#1636 = CARTESIAN_POINT ( 'NONE',  ( 0.0000000000000000000, 2.449999999999999700, -0.2850000000000005300 ) ) ;
#1637 = CARTESIAN_POINT ( 'NONE',  ( 0.3800000000000000000, 1.014999999999999900, 2.214999999999999400 ) ) ;
#1638 = UNCERTAINTY_MEASURE_WITH_UNIT (LENGTH_MEASURE( 1.000000000000000100E-005 ), #151, 'distance_accuracy_value', 'NONE');
#1639 = ORIENTED_EDGE ( 'NONE', *, *, #3049, .F. ) ;
#1640 = CARTESIAN_POINT ( 'NONE',  ( -1.905000000000000200, 1.014999999999999900, 2.214999999999999400 ) ) ;
#1641 = ORIENTED_EDGE ( 'NONE', *, *, #3002, .F. ) ;
#1642 = CARTESIAN_POINT ( 'NONE',  ( 1.905000000000000000, 0.8149999999999998400, 3.044999999999999500 ) ) ;
#1643 = CIRCLE ( 'NONE', #1816, 0.2000000000000031200 ) ;
#1644 = DIRECTION ( 'NONE',  ( 0.0000000000000000000, 0.0000000000000000000, 1.000000000000000000 ) ) ;
#1645 = CARTESIAN_POINT ( 'NONE',  ( -2.254999999999999900, 0.0000000000000000000, -3.129999999999999900 ) ) ;
#1646 = STYLED_ITEM ( 'NONE', ( #330 ), #808 ) ;
#1647 = VECTOR ( 'NONE', #2940, 1000.000000000000000 ) ;
#1648 =( LENGTH_UNIT ( ) NAMED_UNIT ( * ) SI_UNIT ( .MILLI., .METRE. ) );
#1649 = ORIENTED_EDGE ( 'NONE', *, *, #1996, .T. ) ;
#1650 = VECTOR ( 'NONE', #320, 1000.000000000000000 ) ;
#1651 = DIRECTION ( 'NONE',  ( -1.000000000000000000, 0.0000000000000000000, -0.0000000000000000000 ) ) ;
#1652 = DIRECTION ( 'NONE',  ( 0.0000000000000000000, 0.0000000000000000000, 1.000000000000000000 ) ) ;
#1653 = ORIENTED_EDGE ( 'NONE', *, *, #2500, .F. ) ;
#1654 = DIRECTION ( 'NONE',  ( 0.0000000000000000000, 0.0000000000000000000, 1.000000000000000000 ) ) ;
#1655 = VECTOR ( 'NONE', #1548, 999.9999999999998900 ) ;
#1656 = LINE ( 'NONE', #639, #1895 ) ;
#1657 = EDGE_CURVE ( 'NONE', #798, #2314, #972, .T. ) ;
#1658 = ORIENTED_EDGE ( 'NONE', *, *, #2948, .T. ) ;
#1659 =( GEOMETRIC_REPRESENTATION_CONTEXT ( 3 ) GLOBAL_UNCERTAINTY_ASSIGNED_CONTEXT ( ( #2279 ) ) GLOBAL_UNIT_ASSIGNED_CONTEXT ( ( #466, #455, #672 ) ) REPRESENTATION_CONTEXT ( 'NONE', 'WORKASPACE' ) );
#1660 = SURFACE_SIDE_STYLE ('',( #2218 ) ) ;
#1661 = LINE ( 'NONE', #2493, #567 ) ;
#1662 = CARTESIAN_POINT ( 'NONE',  ( 2.605000000000000000, 0.6700000000000004800, -4.955000000000000100 ) ) ;
#1663 = AXIS2_PLACEMENT_3D ( 'NONE', #1173, #1887, #490 ) ;
#1664 = DIRECTION ( 'NONE',  ( 0.0000000000000000000, 0.0000000000000000000, -1.000000000000000000 ) ) ;
#1665 = DIRECTION ( 'NONE',  ( -0.0000000000000000000, -0.0000000000000000000, -1.000000000000000000 ) ) ;
#1666 = COLOUR_RGB ( '',0.2509803921568627400, 0.2509803921568627400, 0.2509803921568627400 ) ;
#1667 = EDGE_CURVE ( 'NONE', #2314, #1244, #1063, .T. ) ;
#1668 = LINE ( 'NONE', #2485, #2584 ) ;
#1669 = ADVANCED_FACE ( 'NONE', ( #721 ), #414, .F. ) ;
#1670 = ORIENTED_EDGE ( 'NONE', *, *, #2782, .F. ) ;
#1671 = FACE_OUTER_BOUND ( 'NONE', #575, .T. ) ;
#1672 = EDGE_CURVE ( 'NONE', #637, #9, #2618, .T. ) ;
#1673 = EDGE_CURVE ( 'NONE', #2890, #654, #499, .T. ) ;
#1674 = CARTESIAN_POINT ( 'NONE',  ( 1.905000000000000000, 1.544999999999999900, 2.214999999999999400 ) ) ;
#1675 = DIRECTION ( 'NONE',  ( 0.0000000000000000000, 0.9902680687415712500, 0.1391731009600587500 ) ) ;
#1676 = ORIENTED_EDGE ( 'NONE', *, *, #1068, .T. ) ;
#1677 = PLANE ( 'NONE',  #2089 ) ;
#1678 = DIRECTION ( 'NONE',  ( 0.0000000000000000000, 1.000000000000000000, 2.210922077225458000E-014 ) ) ;
#1679 =( LENGTH_UNIT ( ) NAMED_UNIT ( * ) SI_UNIT ( .MILLI., .METRE. ) );
#1680 = VECTOR ( 'NONE', #2404, 1000.000000000000000 ) ;
#1681 = ADVANCED_FACE ( 'NONE', ( #425, #1671 ), #1961, .F. ) ;
#1682 = FILL_AREA_STYLE ('',( #1236 ) ) ;
#1683 =( GEOMETRIC_REPRESENTATION_CONTEXT ( 3 ) GLOBAL_UNCERTAINTY_ASSIGNED_CONTEXT ( ( #1752 ) ) GLOBAL_UNIT_ASSIGNED_CONTEXT ( ( #2600, #2820, #2326 ) ) REPRESENTATION_CONTEXT ( 'NONE', 'WORKASPACE' ) );
#1684 = VERTEX_POINT ( 'NONE', #545 ) ;
#1685 = LINE ( 'NONE', #2278, #2870 ) ;
#1686 = UNCERTAINTY_MEASURE_WITH_UNIT (LENGTH_MEASURE( 1.000000000000000100E-005 ), #1407, 'distance_accuracy_value', 'NONE');
#1687 = CARTESIAN_POINT ( 'NONE',  ( -2.605000000000000000, 0.6700000000000004800, -4.955000000000000100 ) ) ;
#1688 = DIRECTION ( 'NONE',  ( 1.000000000000000000, -0.0000000000000000000, -0.0000000000000000000 ) ) ;
#1689 = VERTEX_POINT ( 'NONE', #2409 ) ;
#1690 = SURFACE_STYLE_FILL_AREA ( #2442 ) ;
#1691 = VECTOR ( 'NONE', #2602, 1000.000000000000000 ) ;
#1692 = LINE ( 'NONE', #249, #413 ) ;
#1693 = DIRECTION ( 'NONE',  ( 1.214792350123814900E-016, 0.0000000000000000000, 1.000000000000000000 ) ) ;
#1694 = ORIENTED_EDGE ( 'NONE', *, *, #931, .T. ) ;
#1695 = LINE ( 'NONE', #594, #1466 ) ;
#1696 = FILL_AREA_STYLE_COLOUR ( '', #683 ) ;
#1697 = ORIENTED_EDGE ( 'NONE', *, *, #2336, .F. ) ;
#1698 = DIRECTION ( 'NONE',  ( -1.000000000000000000, -0.0000000000000000000, -0.0000000000000000000 ) ) ;
#1699 = MECHANICAL_DESIGN_GEOMETRIC_PRESENTATION_REPRESENTATION (  '', ( #603 ), #1011 ) ;
#1700 = ORIENTED_EDGE ( 'NONE', *, *, #2291, .F. ) ;
#1701 = DIRECTION ( 'NONE',  ( 0.0000000000000000000, 0.0000000000000000000, 1.000000000000000000 ) ) ;
#1702 = FACE_OUTER_BOUND ( 'NONE', #1796, .T. ) ;
#1703 = STYLED_ITEM ( 'NONE', ( #1411 ), #62 ) ;
#1704 = PLANE ( 'NONE',  #898 ) ;
#1705 = LINE ( 'NONE', #1003, #3046 ) ;
#1706 = ORIENTED_EDGE ( 'NONE', *, *, #1002, .T. ) ;
#1707 = STYLED_ITEM ( 'NONE', ( #1362 ), #2371 ) ;
#1708 = PLANE ( 'NONE',  #861 ) ;
#1709 =( NAMED_UNIT ( * ) PLANE_ANGLE_UNIT ( ) SI_UNIT ( $, .RADIAN. ) );
#1710 = ORIENTED_EDGE ( 'NONE', *, *, #849, .F. ) ;
#1711 = FILL_AREA_STYLE ('',( #1696 ) ) ;
#1712 = VECTOR ( 'NONE', #1361, 1000.000000000000000 ) ;
#1713 = LINE ( 'NONE', #1905, #461 ) ;
#1714 = CARTESIAN_POINT ( 'NONE',  ( -2.605000000000000000, 0.6700000000000000400, -3.530000000000000200 ) ) ;
#1715 = ORIENTED_EDGE ( 'NONE', *, *, #873, .F. ) ;
#1716 = EDGE_CURVE ( 'NONE', #688, #272, #937, .T. ) ;
#1717 = DIRECTION ( 'NONE',  ( 0.0000000000000000000, 0.0000000000000000000, 1.000000000000000000 ) ) ;
#1718 = DIRECTION ( 'NONE',  ( -0.0000000000000000000, -1.000000000000000000, -0.0000000000000000000 ) ) ;
#1719 = DIRECTION ( 'NONE',  ( -0.0000000000000000000, 1.000000000000000000, -0.0000000000000000000 ) ) ;
#1720 = DIRECTION ( 'NONE',  ( -1.000000000000000000, -0.0000000000000000000, -0.0000000000000000000 ) ) ;
#1721 = PLANE ( 'NONE',  #648 ) ;
#1722 = ADVANCED_FACE ( 'NONE', ( #112 ), #2428, .T. ) ;
#1723 = VECTOR ( 'NONE', #2020, 1000.000000000000000 ) ;
#1724 = ORIENTED_EDGE ( 'NONE', *, *, #1315, .F. ) ;
#1725 = DIRECTION ( 'NONE',  ( 0.0000000000000000000, 0.0000000000000000000, 1.000000000000000000 ) ) ;
#1726 = LINE ( 'NONE', #2916, #1088 ) ;
#1727 = ORIENTED_EDGE ( 'NONE', *, *, #497, .F. ) ;
#1728 = CARTESIAN_POINT ( 'NONE',  ( -2.254999999999999900, 0.6700000000000000400, -3.129999999999999900 ) ) ;
#1729 = MECHANICAL_DESIGN_GEOMETRIC_PRESENTATION_REPRESENTATION (  '', ( #1570 ), #940 ) ;
#1730 = EDGE_LOOP ( 'NONE', ( #2732, #2937, #240, #1438 ) ) ;
#1731 = PLANE ( 'NONE',  #763 ) ;
#1732 = PLANE ( 'NONE',  #1269 ) ;
#1733 =( NAMED_UNIT ( * ) PLANE_ANGLE_UNIT ( ) SI_UNIT ( $, .RADIAN. ) );
#1734 = ADVANCED_FACE ( 'NONE', ( #165 ), #2803, .F. ) ;
#1735 = ORIENTED_EDGE ( 'NONE', *, *, #582, .T. ) ;
#1736 = CIRCLE ( 'NONE', #1540, 0.2000000000000000900 ) ;
#1737 = EDGE_CURVE ( 'NONE', #272, #2013, #644, .T. ) ;
#1738 = FILL_AREA_STYLE ('',( #1035 ) ) ;
#1739 = LINE ( 'NONE', #2436, #2648 ) ;
#1740 = ADVANCED_FACE ( 'NONE', ( #315 ), #1225, .F. ) ;
#1741 = DIRECTION ( 'NONE',  ( 0.0000000000000000000, 0.0000000000000000000, -1.000000000000000000 ) ) ;
#1742 = LINE ( 'NONE', #1392, #2206 ) ;
#1743 = FACE_OUTER_BOUND ( 'NONE', #333, .T. ) ;
#1744 = DIRECTION ( 'NONE',  ( 0.0000000000000000000, -7.080503983578773100E-015, -1.000000000000000000 ) ) ;
#1745 = FILL_AREA_STYLE ('',( #361 ) ) ;
#1746 = LINE ( 'NONE', #2842, #1004 ) ;
#1747 = LINE ( 'NONE', #368, #643 ) ;
#1748 = ORIENTED_EDGE ( 'NONE', *, *, #537, .T. ) ;
#1749 =( GEOMETRIC_REPRESENTATION_CONTEXT ( 3 ) GLOBAL_UNCERTAINTY_ASSIGNED_CONTEXT ( ( #2604 ) ) GLOBAL_UNIT_ASSIGNED_CONTEXT ( ( #2583, #691, #221 ) ) REPRESENTATION_CONTEXT ( 'NONE', 'WORKASPACE' ) );
#1750 = CARTESIAN_POINT ( 'NONE',  ( 0.0000000000000000000, 0.6700000000000000400, 0.0000000000000000000 ) ) ;
#1751 = ORIENTED_EDGE ( 'NONE', *, *, #1260, .T. ) ;
#1752 = UNCERTAINTY_MEASURE_WITH_UNIT (LENGTH_MEASURE( 1.000000000000000100E-005 ), #2600, 'distance_accuracy_value', 'NONE');
#1753 = AXIS2_PLACEMENT_3D ( 'NONE', #2764, #2055, #2519 ) ;
#1755 = ORIENTED_EDGE ( 'NONE', *, *, #1954, .F. ) ;
#1754 = CARTESIAN_POINT ( 'NONE',  ( 2.665000000000000000, 0.8149999999999998400, 3.044999999999999500 ) ) ;
#1756 = FACE_OUTER_BOUND ( 'NONE', #2073, .T. ) ;
#1757 = CARTESIAN_POINT ( 'NONE',  ( -2.605000000000000000, -0.0000000000000000000, 0.0000000000000000000 ) ) ;
#1758 = FACE_OUTER_BOUND ( 'NONE', #1825, .T. ) ;
#1759 = DIRECTION ( 'NONE',  ( 0.0000000000000000000, 1.000000000000000000, 0.0000000000000000000 ) ) ;
#1760 = VERTEX_POINT ( 'NONE', #695 ) ;
#1761 = CARTESIAN_POINT ( 'NONE',  ( -1.905000000000000000, 0.0000000000000000000, -4.955000000000000100 ) ) ;
#1762 = DIRECTION ( 'NONE',  ( 0.0000000000000000000, 0.0000000000000000000, 1.000000000000000000 ) ) ;
#1763 = ORIENTED_EDGE ( 'NONE', *, *, #29, .F. ) ;
#1764 = CARTESIAN_POINT ( 'NONE',  ( 1.905000000000000000, 1.014999999999999900, 2.214999999999999400 ) ) ;
#1765 = CARTESIAN_POINT ( 'NONE',  ( 2.665000000000000000, 1.014999999999999900, 2.214999999999999400 ) ) ;
#1766 = DIRECTION ( 'NONE',  ( 0.0000000000000000000, 0.0000000000000000000, -1.000000000000000000 ) ) ;
#1767 =( NAMED_UNIT ( * ) PLANE_ANGLE_UNIT ( ) SI_UNIT ( $, .RADIAN. ) );
#1768 = DIRECTION ( 'NONE',  ( -0.0000000000000000000, -1.000000000000000000, -0.0000000000000000000 ) ) ;
#1769 = CARTESIAN_POINT ( 'NONE',  ( -3.199024285877332600, 1.014999999999999900, 2.214999999999999400 ) ) ;
#1770 = DIRECTION ( 'NONE',  ( 0.0000000000000000000, 0.0000000000000000000, -1.000000000000000000 ) ) ;
#1771 = ORIENTED_EDGE ( 'NONE', *, *, #2517, .T. ) ;
#1772 = VECTOR ( 'NONE', #1852, 1000.000000000000000 ) ;
#1773 = CARTESIAN_POINT ( 'NONE',  ( -2.605000000000000000, 0.0000000000000000000, -4.955000000000000100 ) ) ;
#1774 = LINE ( 'NONE', #1645, #1135 ) ;
#1775 = CARTESIAN_POINT ( 'NONE',  ( 3.161963075547271600, 1.544999999999999900, 2.214999999999999400 ) ) ;
#1776 = DIRECTION ( 'NONE',  ( 1.000000000000000000, 0.0000000000000000000, -0.0000000000000000000 ) ) ;
#1777 = ORIENTED_EDGE ( 'NONE', *, *, #316, .F. ) ;
#1778 = VECTOR ( 'NONE', #2156, 1000.000000000000000 ) ;
#1779 = LINE ( 'NONE', #2369, #270 ) ;
#1780 = ORIENTED_EDGE ( 'NONE', *, *, #1672, .F. ) ;
#1781 = FILL_AREA_STYLE ('',( #2180 ) ) ;
#1782 = ORIENTED_EDGE ( 'NONE', *, *, #2565, .F. ) ;
#1783 = ADVANCED_FACE ( 'NONE', ( #349 ), #2389, .F. ) ;
#1784 = DIRECTION ( 'NONE',  ( 0.0000000000000000000, -0.9902680687415712500, -0.1391731009600588000 ) ) ;
#1785 = LINE ( 'NONE', #77, #604 ) ;
#1786 = VERTEX_POINT ( 'NONE', #2303 ) ;
#1787 = ORIENTED_EDGE ( 'NONE', *, *, #2879, .T. ) ;
#1788 = DIRECTION ( 'NONE',  ( -1.000000000000000000, -0.0000000000000000000, 0.0000000000000000000 ) ) ;
#1789 = DIRECTION ( 'NONE',  ( -1.000000000000000000, -0.0000000000000000000, -0.0000000000000000000 ) ) ;
#1790 = DIRECTION ( 'NONE',  ( 0.0000000000000000000, -1.000000000000000000, 0.0000000000000000000 ) ) ;
#1791 = ORIENTED_EDGE ( 'NONE', *, *, #144, .F. ) ;
#1792 = SURFACE_STYLE_USAGE ( .BOTH. , #134 ) ;
#1793 = DIRECTION ( 'NONE',  ( 0.0000000000000000000, -0.0000000000000000000, -1.000000000000000000 ) ) ;
#1794 =( LENGTH_UNIT ( ) NAMED_UNIT ( * ) SI_UNIT ( .MILLI., .METRE. ) );
#1795 = AXIS2_PLACEMENT_3D ( 'NONE', #1112, #377, #2971 ) ;
#1796 = EDGE_LOOP ( 'NONE', ( #2351, #2569, #1670, #241 ) ) ;
#1797 = LINE ( 'NONE', #65, #2972 ) ;
#1798 = UNCERTAINTY_MEASURE_WITH_UNIT (LENGTH_MEASURE( 1.000000000000000100E-005 ), #1588, 'distance_accuracy_value', 'NONE');
#1799 = DIRECTION ( 'NONE',  ( 0.0000000000000000000, 0.0000000000000000000, -1.000000000000000000 ) ) ;
#1800 = ORIENTED_EDGE ( 'NONE', *, *, #401, .T. ) ;
#1801 = DIRECTION ( 'NONE',  ( -1.000000000000000000, -0.0000000000000000000, -0.0000000000000000000 ) ) ;
#1802 = FILL_AREA_STYLE ('',( #2524 ) ) ;
#1803 = EDGE_CURVE ( 'NONE', #1786, #697, #41, .T. ) ;
#1804 = CARTESIAN_POINT ( 'NONE',  ( -0.3800000000000000000, 1.544999999999999900, 2.214999999999999400 ) ) ;
#1805 = CARTESIAN_POINT ( 'NONE',  ( -2.665000000000000500, 0.5599999999999933900, 3.244999999999994300 ) ) ;
#1806 = CARTESIAN_POINT ( 'NONE',  ( 2.665000000000000000, 0.5599999999999933900, 3.974999999999999200 ) ) ;
#1807 = FACE_OUTER_BOUND ( 'NONE', #2249, .T. ) ;
#1808 = EDGE_CURVE ( 'NONE', #2715, #609, #1785, .T. ) ;
#1809 = ADVANCED_FACE ( 'NONE', ( #2963 ), #770, .F. ) ;
#1810 = ORIENTED_EDGE ( 'NONE', *, *, #1114, .F. ) ;
#1811 = LINE ( 'NONE', #1132, #472 ) ;
#1812 = CARTESIAN_POINT ( 'NONE',  ( 2.605000000000000000, 0.0000000000000000000, -3.530000000000000200 ) ) ;
#1813 = AXIS2_PLACEMENT_3D ( 'NONE', #145, #1536, #2969 ) ;
#1814 = VECTOR ( 'NONE', #63, 1000.000000000000000 ) ;
#1815 =( NAMED_UNIT ( * ) SI_UNIT ( $, .STERADIAN. ) SOLID_ANGLE_UNIT ( ) );
#1816 = AXIS2_PLACEMENT_3D ( 'NONE', #1806, #2766, #2061 ) ;
#1817 = VERTEX_POINT ( 'NONE', #1205 ) ;
#1818 = LINE ( 'NONE', #2393, #2160 ) ;
#1819 = AXIS2_PLACEMENT_3D ( 'NONE', #1316, #2741, #1105 ) ;
#1820 = DIRECTION ( 'NONE',  ( 0.0000000000000000000, 7.080503983578773100E-015, 1.000000000000000000 ) ) ;
#1821 = ORIENTED_EDGE ( 'NONE', *, *, #1092, .F. ) ;
#1822 = CARTESIAN_POINT ( 'NONE',  ( -1.905000000000000200, 0.5599999999999933900, 3.244999999999994300 ) ) ;
#1823 = DIRECTION ( 'NONE',  ( 1.214792350123814900E-016, 0.0000000000000000000, 1.000000000000000000 ) ) ;
#1824 = CYLINDRICAL_SURFACE ( 'NONE', #1753, 0.2000000000000031200 ) ;
#1825 = EDGE_LOOP ( 'NONE', ( #2262, #1302, #973, #179, #1860, #2154, #1579, #2006, #318, #519, #1782, #2238, #2429, #51, #568, #923 ) ) ;
#1826 = CARTESIAN_POINT ( 'NONE',  ( -2.254999999999999400, 0.6700000000000000400, -3.530000000000000200 ) ) ;
#1827 = COLOUR_RGB ( '',0.2509803921568627400, 0.2509803921568627400, 0.2509803921568627400 ) ;
#1828 = CARTESIAN_POINT ( 'NONE',  ( -2.665000000000000500, 0.8149999999999844000, 3.774999999999999900 ) ) ;
#1829 = EDGE_CURVE ( 'NONE', #2681, #287, #1117, .T. ) ;
#1830 = SURFACE_STYLE_FILL_AREA ( #1738 ) ;
#1831 = ORIENTED_EDGE ( 'NONE', *, *, #1494, .T. ) ;
#1832 = LINE ( 'NONE', #21, #456 ) ;
#1833 = CARTESIAN_POINT ( 'NONE',  ( 1.050000000000000000, 0.6700000000000004800, -3.779999999999999800 ) ) ;
#1835 = VERTEX_POINT ( 'NONE', #1472 ) ;
#1834 = DIRECTION ( 'NONE',  ( -1.000000000000000000, 0.0000000000000000000, -0.0000000000000000000 ) ) ;
#1836 =( NAMED_UNIT ( * ) SI_UNIT ( $, .STERADIAN. ) SOLID_ANGLE_UNIT ( ) );
#1837 = FACE_OUTER_BOUND ( 'NONE', #795, .T. ) ;
#1838 = ORIENTED_EDGE ( 'NONE', *, *, #617, .F. ) ;
#1839 =( NAMED_UNIT ( * ) PLANE_ANGLE_UNIT ( ) SI_UNIT ( $, .RADIAN. ) );
#1840 =( GEOMETRIC_REPRESENTATION_CONTEXT ( 3 ) GLOBAL_UNCERTAINTY_ASSIGNED_CONTEXT ( ( #570 ) ) GLOBAL_UNIT_ASSIGNED_CONTEXT ( ( #2459, #2703, #2195 ) ) REPRESENTATION_CONTEXT ( 'NONE', 'WORKASPACE' ) );
#1841 = SURFACE_STYLE_USAGE ( .BOTH. , #180 ) ;
#1842 = EDGE_LOOP ( 'NONE', ( #321, #806, #1334, #714 ) ) ;
#1843 = CARTESIAN_POINT ( 'NONE',  ( 2.665000000000000000, 0.3600000000000003800, 4.955000000000000100 ) ) ;
#1844 = CARTESIAN_POINT ( 'NONE',  ( 2.665000000000000000, -0.1700000000000065100, 3.974999999999999200 ) ) ;
#1845 = EDGE_CURVE ( 'NONE', #2838, #615, #2434, .T. ) ;
#1846 = FACE_BOUND ( 'NONE', #166, .T. ) ;
#1847 = DIRECTION ( 'NONE',  ( 0.0000000000000000000, -0.0000000000000000000, 1.000000000000000000 ) ) ;
#1848 = FILL_AREA_STYLE_COLOUR ( '', #862 ) ;
#1849 = ORIENTED_EDGE ( 'NONE', *, *, #1292, .F. ) ;
#1850 = AXIS2_PLACEMENT_3D ( 'NONE', #136, #2272, #1083 ) ;
#1851 = FILL_AREA_STYLE ('',( #563 ) ) ;
#1852 = DIRECTION ( 'NONE',  ( -1.000000000000000000, 0.0000000000000000000, 0.0000000000000000000 ) ) ;
#1853 = ORIENTED_EDGE ( 'NONE', *, *, #838, .F. ) ;
#1854 = LINE ( 'NONE', #1370, #1277 ) ;
#1855 = UNCERTAINTY_MEASURE_WITH_UNIT (LENGTH_MEASURE( 1.000000000000000100E-005 ), #1884, 'distance_accuracy_value', 'NONE');
#1856 = AXIS2_PLACEMENT_3D ( 'NONE', #1020, #2670, #1741 ) ;
#1857 = LINE ( 'NONE', #988, #439 ) ;
#1858 = DIRECTION ( 'NONE',  ( -1.000000000000000000, -0.0000000000000000000, 0.0000000000000000000 ) ) ;
#1859 = CIRCLE ( 'NONE', #2589, 0.2000000000000000900 ) ;
#1860 = ORIENTED_EDGE ( 'NONE', *, *, #894, .T. ) ;
#1861 = PRODUCT_DEFINITION ( 'UNKNOWN', '', #1421, #2002 ) ;
#1862 = EDGE_LOOP ( 'NONE', ( #485, #1144, #1311, #457, #2513, #2123, #554, #1477, #2746, #1649, #2612, #2183 ) ) ;
#1863 = VECTOR ( 'NONE', #2034, 1000.000000000000000 ) ;
#1864 = CARTESIAN_POINT ( 'NONE',  ( -2.429999999999999300, 0.6700000000000004800, 0.4399999999999993900 ) ) ;
#1865 = CARTESIAN_POINT ( 'NONE',  ( -2.605000000000000000, 8.170008333328704400, -4.955000000000000100 ) ) ;
#1866 = CARTESIAN_POINT ( 'NONE',  ( 2.254999999999999900, 0.0000000000000000000, -3.129999999999999900 ) ) ;
#1867 = ORIENTED_EDGE ( 'NONE', *, *, #3027, .T. ) ;
#1868 = LINE ( 'NONE', #1925, #2190 ) ;
#1869 = CARTESIAN_POINT ( 'NONE',  ( -3.091686629544049500, 2.549999999999999800, 2.073756461124103300 ) ) ;
#1870 = FACE_OUTER_BOUND ( 'NONE', #2541, .T. ) ;
#1871 = ORIENTED_EDGE ( 'NONE', *, *, #2477, .F. ) ;
#1872 = DIRECTION ( 'NONE',  ( 0.0000000000000000000, 0.0000000000000000000, -1.000000000000000000 ) ) ;
#1873 = LINE ( 'NONE', #1237, #2324 ) ;
#1874 = VERTEX_POINT ( 'NONE', #2491 ) ;
#1875 = PRESENTATION_LAYER_ASSIGNMENT (  '', '', ( #1593 ) ) ;
#1876 = CARTESIAN_POINT ( 'NONE',  ( -2.429999999999999300, 0.0000000000000000000, 0.4399999999999993900 ) ) ;
#1877 = CARTESIAN_POINT ( 'NONE',  ( 4.286263797015735400E-017, 2.449999999999999700, -0.6350000000000005600 ) ) ;
#1878 = FACE_OUTER_BOUND ( 'NONE', #2676, .T. ) ;
#1879 = DIRECTION ( 'NONE',  ( 0.0000000000000000000, -1.000000000000000000, 0.0000000000000000000 ) ) ;
#1880 = FILL_AREA_STYLE ('',( #2587 ) ) ;
#1881 = STYLED_ITEM ( 'NONE', ( #1188 ), #2449 ) ;
#1882 = ORIENTED_EDGE ( 'NONE', *, *, #1808, .F. ) ;
#1883 = VERTEX_POINT ( 'NONE', #406 ) ;
#1884 =( LENGTH_UNIT ( ) NAMED_UNIT ( * ) SI_UNIT ( .MILLI., .METRE. ) );
#1885 = EDGE_CURVE ( 'NONE', #1817, #1604, #1981, .T. ) ;
#1886 = EDGE_CURVE ( 'NONE', #56, #419, #120, .T. ) ;
#1887 = DIRECTION ( 'NONE',  ( 1.000000000000000000, 0.0000000000000000000, -0.0000000000000000000 ) ) ;
#1888 = ADVANCED_FACE ( 'NONE', ( #10 ), #3069, .F. ) ;
#1889 = ORIENTED_EDGE ( 'NONE', *, *, #2181, .F. ) ;
#1890 = EDGE_CURVE ( 'NONE', #1037, #1357, #1564, .T. ) ;
#1891 = ORIENTED_EDGE ( 'NONE', *, *, #1558, .F. ) ;
#1892 = DIRECTION ( 'NONE',  ( -0.0000000000000000000, -1.000000000000000000, -0.0000000000000000000 ) ) ;
#1893 = PLANE ( 'NONE',  #2814 ) ;
#1894 = DIRECTION ( 'NONE',  ( 0.0000000000000000000, 0.0000000000000000000, -1.000000000000000000 ) ) ;
#1895 = VECTOR ( 'NONE', #945, 1000.000000000000000 ) ;
#1897 = DIRECTION ( 'NONE',  ( -1.000000000000000000, -0.0000000000000000000, -0.0000000000000000000 ) ) ;
#1896 =( NAMED_UNIT ( * ) SI_UNIT ( $, .STERADIAN. ) SOLID_ANGLE_UNIT ( ) );
#1898 = ORIENTED_EDGE ( 'NONE', *, *, #2733, .T. ) ;
#1899 = PLANE ( 'NONE',  #589 ) ;
#1900 = LINE ( 'NONE', #5, #964 ) ;
#1901 = DIRECTION ( 'NONE',  ( 1.000000000000000000, 0.0000000000000000000, 0.0000000000000000000 ) ) ;
#1902 = ORIENTED_EDGE ( 'NONE', *, *, #1613, .F. ) ;
#1903 = PLANE ( 'NONE',  #1136 ) ;
#1904 = SURFACE_STYLE_FILL_AREA ( #1305 ) ;
#1905 = CARTESIAN_POINT ( 'NONE',  ( -1.905000000000000200, 1.544999999999999900, 2.214999999999999400 ) ) ;
#1906 = EDGE_CURVE ( 'NONE', #1539, #1883, #1066, .T. ) ;
#1907 = ORIENTED_EDGE ( 'NONE', *, *, #845, .F. ) ;
#1908 = SURFACE_STYLE_FILL_AREA ( #1138 ) ;
#1909 = AXIS2_PLACEMENT_3D ( 'NONE', #1412, #932, #2568 ) ;
#1910 = LINE ( 'NONE', #311, #118 ) ;
#1911 = ORIENTED_EDGE ( 'NONE', *, *, #2137, .F. ) ;
#1912 = VECTOR ( 'NONE', #1142, 1000.000000000000000 ) ;
#1913 = PRESENTATION_LAYER_ASSIGNMENT (  '', '', ( #262 ) ) ;
#1914 = VERTEX_POINT ( 'NONE', #1209 ) ;
#1915 = CARTESIAN_POINT ( 'NONE',  ( -2.665000000000000500, 1.544999999999999900, 3.044999999999999500 ) ) ;
#1916 = ADVANCED_FACE ( 'NONE', ( #193 ), #286, .F. ) ;
#1917 = LINE ( 'NONE', #2737, #804 ) ;
#1918 = APPLICATION_PROTOCOL_DEFINITION ( 'draft international standard', 'automotive_design', 1998, #276 ) ;
#1919 = SURFACE_SIDE_STYLE ('',( #1452 ) ) ;
#1920 = ORIENTED_EDGE ( 'NONE', *, *, #1447, .F. ) ;
#1921 = CARTESIAN_POINT ( 'NONE',  ( -2.665000000000000500, 0.3600000000000003800, 4.955000000000000100 ) ) ;
#1922 = ORIENTED_EDGE ( 'NONE', *, *, #2251, .T. ) ;
#1923 = SURFACE_SIDE_STYLE ('',( #2359 ) ) ;
#1924 = EDGE_CURVE ( 'NONE', #2947, #1817, #2885, .T. ) ;
#1925 = CARTESIAN_POINT ( 'NONE',  ( 2.605000000000000000, 0.6700000000000000400, -3.530000000000000200 ) ) ;
#1926 = VECTOR ( 'NONE', #1799, 1000.000000000000000 ) ;
#1927 = VECTOR ( 'NONE', #1823, 1000.000000000000000 ) ;
#1928 = EDGE_CURVE ( 'NONE', #612, #56, #310, .T. ) ;
#1929 = ADVANCED_FACE ( 'NONE', ( #3039 ), #2212, .F. ) ;
#1930 = ORIENTED_EDGE ( 'NONE', *, *, #3065, .F. ) ;
#1931 = LINE ( 'NONE', #31, #1778 ) ;
#1932 = UNCERTAINTY_MEASURE_WITH_UNIT (LENGTH_MEASURE( 1.000000000000000100E-005 ), #303, 'distance_accuracy_value', 'NONE');
#1933 = VECTOR ( 'NONE', #872, 1000.000000000000000 ) ;
#1934 = CARTESIAN_POINT ( 'NONE',  ( 1.050000000000000000, 0.6700000000000000400, -3.779999999999999800 ) ) ;
#1935 = VERTEX_POINT ( 'NONE', #1437 ) ;
#1936 = CARTESIAN_POINT ( 'NONE',  ( 2.665000000000000000, -0.1699999999999994000, 4.955000000000003600 ) ) ;
#1937 = FACE_OUTER_BOUND ( 'NONE', #2742, .T. ) ;
#1938 = VERTEX_POINT ( 'NONE', #755 ) ;
#1939 =( GEOMETRIC_REPRESENTATION_CONTEXT ( 3 ) GLOBAL_UNCERTAINTY_ASSIGNED_CONTEXT ( ( #921 ) ) GLOBAL_UNIT_ASSIGNED_CONTEXT ( ( #2435, #553, #2184 ) ) REPRESENTATION_CONTEXT ( 'NONE', 'WORKASPACE' ) );
#1940 = ORIENTED_EDGE ( 'NONE', *, *, #845, .T. ) ;
#1941 = VECTOR ( 'NONE', #161, 1000.000000000000000 ) ;
#1942 = ORIENTED_EDGE ( 'NONE', *, *, #2943, .T. ) ;
#1943 = ORIENTED_EDGE ( 'NONE', *, *, #2395, .F. ) ;
#1944 = VECTOR ( 'NONE', #682, 1000.000000000000000 ) ;
#1945 = DIRECTION ( 'NONE',  ( 1.000000000000000000, 0.0000000000000000000, 0.0000000000000000000 ) ) ;
#1946 = ORIENTED_EDGE ( 'NONE', *, *, #2596, .T. ) ;
#1947 = SURFACE_STYLE_FILL_AREA ( #222 ) ;
#1948 = VECTOR ( 'NONE', #374, 1000.000000000000000 ) ;
#1949 = VERTEX_POINT ( 'NONE', #2892 ) ;
#1950 = ADVANCED_FACE ( 'NONE', ( #2845 ), #421, .F. ) ;
#1951 = CARTESIAN_POINT ( 'NONE',  ( -2.605000000000000000, 2.549999999999999800, -3.880000000000000300 ) ) ;
#1952 = PLANE ( 'NONE',  #1856 ) ;
#1953 = CIRCLE ( 'NONE', #2705, 0.3499999999999999800 ) ;
#1954 = EDGE_CURVE ( 'NONE', #386, #2935, #160, .T. ) ;
#1955 = ORIENTED_EDGE ( 'NONE', *, *, #579, .F. ) ;
#1956 = DIRECTION ( 'NONE',  ( 1.000000000000000000, 0.0000000000000000000, 0.0000000000000000000 ) ) ;
#1957 = VECTOR ( 'NONE', #2188, 1000.000000000000000 ) ;
#1958 = AXIS2_PLACEMENT_3D ( 'NONE', #504, #2823, #19 ) ;
#1959 = ORIENTED_EDGE ( 'NONE', *, *, #1019, .F. ) ;
#1960 = EDGE_CURVE ( 'NONE', #224, #1874, #2577, .T. ) ;
#1961 = PLANE ( 'NONE',  #213 ) ;
#1962 = ORIENTED_EDGE ( 'NONE', *, *, #814, .F. ) ;
#1963 = ADVANCED_FACE ( 'NONE', ( #893 ), #1990, .F. ) ;
#1964 = CARTESIAN_POINT ( 'NONE',  ( 2.605000000000000000, 0.6700000000000000400, -3.530000000000000200 ) ) ;
#1965 = DIRECTION ( 'NONE',  ( 0.0000000000000000000, 7.274111514379755700E-015, 1.000000000000000000 ) ) ;
#1966 = VERTEX_POINT ( 'NONE', #1038 ) ;
#1967 = EDGE_CURVE ( 'NONE', #2715, #364, #2070, .T. ) ;
#1968 = CARTESIAN_POINT ( 'NONE',  ( -1.905000000000000200, 1.014999999999999900, 2.214999999999999400 ) ) ;
#1969 = VERTEX_POINT ( 'NONE', #1480 ) ;
#1970 = FACE_OUTER_BOUND ( 'NONE', #2396, .T. ) ;
#1971 = CARTESIAN_POINT ( 'NONE',  ( 0.0000000000000000000, 2.549999999999999800, 0.0000000000000000000 ) ) ;
#1972 = CARTESIAN_POINT ( 'NONE',  ( 4.286263797015736000E-017, 2.449999999999999700, -0.6350000000000005600 ) ) ;
#1973 = ADVANCED_FACE ( 'NONE', ( #1148 ), #1704, .F. ) ;
#1974 = CARTESIAN_POINT ( 'NONE',  ( -2.254999999999999900, 0.0000000000000000000, -3.129999999999999900 ) ) ;
#1975 = ORIENTED_EDGE ( 'NONE', *, *, #1354, .T. ) ;
#1976 = STYLED_ITEM ( 'NONE', ( #1097 ), #1238 ) ;
#1977 = ORIENTED_EDGE ( 'NONE', *, *, #29, .T. ) ;
#1978 = CIRCLE ( 'NONE', #1850, 0.3499999999999999800 ) ;
#1979 = CARTESIAN_POINT ( 'NONE',  ( 1.049999999999999800, 0.6700000000000000400, -3.530000000000000200 ) ) ;
#1980 = ORIENTED_EDGE ( 'NONE', *, *, #367, .F. ) ;
#1981 = LINE ( 'NONE', #2250, #2515 ) ;
#1982 = VERTEX_POINT ( 'NONE', #2444 ) ;
#1983 = DIRECTION ( 'NONE',  ( 0.0000000000000000000, 1.000000000000000000, 2.040851148207957100E-014 ) ) ;
#1984 = FILL_AREA_STYLE_COLOUR ( '', #3031 ) ;
#1985 = CARTESIAN_POINT ( 'NONE',  ( 2.429999999999999700, 0.6700000000000004800, -3.129999999999999900 ) ) ;
#1986 =( LENGTH_UNIT ( ) NAMED_UNIT ( * ) SI_UNIT ( .MILLI., .METRE. ) );
#1987 = VECTOR ( 'NONE', #116, 1000.000000000000000 ) ;
#1988 = ORIENTED_EDGE ( 'NONE', *, *, #849, .T. ) ;
#1989 = PLANE ( 'NONE',  #723 ) ;
#1990 = PLANE ( 'NONE',  #100 ) ;
#1991 = AXIS2_PLACEMENT_3D ( 'NONE', #468, #708, #943 ) ;
#1992 = ORIENTED_EDGE ( 'NONE', *, *, #2039, .F. ) ;
#1993 = CARTESIAN_POINT ( 'NONE',  ( -1.905000000000000000, 0.6700000000000004800, -4.955000000000000100 ) ) ;
#1994 = DIRECTION ( 'NONE',  ( 0.0000000000000000000, -0.0000000000000000000, -1.000000000000000000 ) ) ;
#1995 = VECTOR ( 'NONE', #2277, 1000.000000000000000 ) ;
#1996 = EDGE_CURVE ( 'NONE', #3067, #596, #1363, .T. ) ;
#1997 = EDGE_LOOP ( 'NONE', ( #2851, #2615, #1603, #514, #70, #132, #2197, #2495, #2317, #1946, #163, #2816 ) ) ;
#1998 = ORIENTED_EDGE ( 'NONE', *, *, #2777, .T. ) ;
#1999 = CARTESIAN_POINT ( 'NONE',  ( -2.429999999999999300, 0.6700000000000000400, 0.4399999999999993900 ) ) ;
#2000 =( NAMED_UNIT ( * ) SI_UNIT ( $, .STERADIAN. ) SOLID_ANGLE_UNIT ( ) );
#2001 = DIRECTION ( 'NONE',  ( -1.000000000000000000, 0.0000000000000000000, 0.0000000000000000000 ) ) ;
#2002 = PRODUCT_DEFINITION_CONTEXT ( 'detailed design', #276, 'design' ) ;
#2003 = VERTEX_POINT ( 'NONE', #72 ) ;
#2004 = FACE_OUTER_BOUND ( 'NONE', #139, .T. ) ;
#2005 = PLANE ( 'NONE',  #2911 ) ;
#2006 = ORIENTED_EDGE ( 'NONE', *, *, #1509, .F. ) ;
#2007 = ORIENTED_EDGE ( 'NONE', *, *, #1033, .T. ) ;
#2008 = FILL_AREA_STYLE ('',( #1295 ) ) ;
#2009 = DIRECTION ( 'NONE',  ( 0.0000000000000000000, 0.0000000000000000000, 1.000000000000000000 ) ) ;
#2010 = EDGE_LOOP ( 'NONE', ( #871, #2136, #307, #673 ) ) ;
#2011 = DIRECTION ( 'NONE',  ( -1.000000000000000000, -0.0000000000000000000, -0.0000000000000000000 ) ) ;
#2012 = AXIS2_PLACEMENT_3D ( 'NONE', #2811, #231, #725 ) ;
#2013 = VERTEX_POINT ( 'NONE', #1728 ) ;
#2014 = LINE ( 'NONE', #239, #2550 ) ;
#2015 = CARTESIAN_POINT ( 'NONE',  ( -2.605000000000000000, 0.6700000000000004800, -4.955000000000000100 ) ) ;
#2016 = ORIENTED_EDGE ( 'NONE', *, *, #1890, .T. ) ;
#2017 = COLOUR_RGB ( '',0.2509803921568627400, 0.2509803921568627400, 0.2509803921568627400 ) ;
#2018 = ADVANCED_FACE ( 'NONE', ( #1937 ), #1952, .F. ) ;
#2019 = ORIENTED_EDGE ( 'NONE', *, *, #2678, .T. ) ;
#2020 = DIRECTION ( 'NONE',  ( -1.000000000000000000, -0.0000000000000000000, -0.0000000000000000000 ) ) ;
#2021 = PLANE ( 'NONE',  #1230 ) ;
#2022 = LINE ( 'NONE', #598, #2558 ) ;
#2023 = DIRECTION ( 'NONE',  ( 0.0000000000000000000, -1.000000000000000000, 0.0000000000000000000 ) ) ;
#2024 = AXIS2_PLACEMENT_3D ( 'NONE', #530, #296, #1202 ) ;
#2025 = VECTOR ( 'NONE', #1693, 1000.000000000000000 ) ;
#2026 = ORIENTED_EDGE ( 'NONE', *, *, #690, .F. ) ;
#2027 = AXIS2_PLACEMENT_3D ( 'NONE', #1545, #110, #1784 ) ;
#2028 = EDGE_LOOP ( 'NONE', ( #793, #2068, #1977, #1402 ) ) ;
#2029 = SURFACE_SIDE_STYLE ('',( #22 ) ) ;
#2030 = VECTOR ( 'NONE', #995, 1000.000000000000000 ) ;
#2031 = ORIENTED_EDGE ( 'NONE', *, *, #2273, .T. ) ;
#2032 = PLANE ( 'NONE',  #371 ) ;
#2033 = FACE_OUTER_BOUND ( 'NONE', #1371, .T. ) ;
#2034 = DIRECTION ( 'NONE',  ( 1.000000000000000000, 0.0000000000000000000, 0.0000000000000000000 ) ) ;
#2035 = CIRCLE ( 'NONE', #2956, 0.3499999999999999800 ) ;
#2036 =( LENGTH_UNIT ( ) NAMED_UNIT ( * ) SI_UNIT ( .MILLI., .METRE. ) );
#2037 = LINE ( 'NONE', #211, #1101 ) ;
#2038 = EDGE_LOOP ( 'NONE', ( #42, #2112, #1700, #2171 ) ) ;
#2039 = EDGE_CURVE ( 'NONE', #2984, #1602, #444, .T. ) ;
#2040 = EDGE_CURVE ( 'NONE', #612, #1556, #1695, .T. ) ;
#2041 = VERTEX_POINT ( 'NONE', #1074 ) ;
#2042 = CARTESIAN_POINT ( 'NONE',  ( -1.905000000000000200, 1.014999999999999900, 3.044999999999999500 ) ) ;
#2043 = CARTESIAN_POINT ( 'NONE',  ( 2.665000000000000000, 0.8149999999999844000, 3.774999999999999900 ) ) ;
#2044 = LINE ( 'NONE', #2110, #2776 ) ;
#2045 = DIRECTION ( 'NONE',  ( 0.0000000000000000000, 0.0000000000000000000, -1.000000000000000000 ) ) ;
#2046 = ORIENTED_EDGE ( 'NONE', *, *, #2356, .T. ) ;
#2047 = AXIS2_PLACEMENT_3D ( 'NONE', #2125, #736, #1675 ) ;
#2048 = ORIENTED_EDGE ( 'NONE', *, *, #2240, .F. ) ;
#2049 = COLOUR_RGB ( '',0.2509803921568627400, 0.2509803921568627400, 0.2509803921568627400 ) ;
#2050 = FACE_OUTER_BOUND ( 'NONE', #748, .T. ) ;
#2051 = DIRECTION ( 'NONE',  ( 0.0000000000000000000, -1.000000000000000000, 6.546126324440784800E-015 ) ) ;
#2052 = CARTESIAN_POINT ( 'NONE',  ( 2.429999999999999700, 8.170008333328704400, -3.129999999999999900 ) ) ;
#2053 = EDGE_CURVE ( 'NONE', #1982, #764, #2462, .T. ) ;
#2054 = FILL_AREA_STYLE_COLOUR ( '', #1478 ) ;
#2055 = DIRECTION ( 'NONE',  ( -1.000000000000000000, -0.0000000000000000000, -0.0000000000000000000 ) ) ;
#2056 = VERTEX_POINT ( 'NONE', #1761 ) ;
#2057 = ORIENTED_EDGE ( 'NONE', *, *, #2787, .T. ) ;
#2058 = PRESENTATION_LAYER_ASSIGNMENT (  '', '', ( #372 ) ) ;
#2059 = ORIENTED_EDGE ( 'NONE', *, *, #2497, .F. ) ;
#2060 = CARTESIAN_POINT ( 'NONE',  ( 2.254999999999999400, 0.6700000000000000400, -3.530000000000000200 ) ) ;
#2061 = DIRECTION ( 'NONE',  ( 0.0000000000000000000, 0.0000000000000000000, 1.000000000000000000 ) ) ;
#2062 = ORIENTED_EDGE ( 'NONE', *, *, #2251, .F. ) ;
#2063 = ORIENTED_EDGE ( 'NONE', *, *, #2533, .T. ) ;
#2064 = CARTESIAN_POINT ( 'NONE',  ( -2.605000000000000000, 8.170008333328704400, -3.530000000000000200 ) ) ;
#2065 = UNCERTAINTY_MEASURE_WITH_UNIT (LENGTH_MEASURE( 1.000000000000000100E-005 ), #538, 'distance_accuracy_value', 'NONE');
#2066 = EDGE_CURVE ( 'NONE', #941, #1131, #1095, .T. ) ;
#2067 = DIRECTION ( 'NONE',  ( -1.084202172485504000E-015, 0.0000000000000000000, 1.000000000000000000 ) ) ;
#2068 = ORIENTED_EDGE ( 'NONE', *, *, #2719, .T. ) ;
#2069 = LINE ( 'NONE', #2263, #1863 ) ;
#2070 = LINE ( 'NONE', #55, #37 ) ;
#2071 = LINE ( 'NONE', #1822, #750 ) ;
#2073 = EDGE_LOOP ( 'NONE', ( #1413, #1366, #1455, #2387 ) ) ;
#2072 = CARTESIAN_POINT ( 'NONE',  ( -0.3800000000000000000, 1.544999999999999900, 3.044999999999999500 ) ) ;
#2074 = CARTESIAN_POINT ( 'NONE',  ( 2.665000000000000000, 0.3599999999999934400, 3.974999999999996100 ) ) ;
#2075 = AXIS2_PLACEMENT_3D ( 'NONE', #1379, #2807, #1644 ) ;
#2076 = DIRECTION ( 'NONE',  ( 0.0000000000000000000, 0.0000000000000000000, 1.000000000000000000 ) ) ;
#2077 = EDGE_LOOP ( 'NONE', ( #78, #2833, #502, #3045 ) ) ;
#2078 = CARTESIAN_POINT ( 'NONE',  ( 1.279128784747791700, 0.6700000000000000400, -3.880000000000000300 ) ) ;
#2079 = AXIS2_PLACEMENT_3D ( 'NONE', #2476, #2720, #1309 ) ;
#2080 =( LENGTH_UNIT ( ) NAMED_UNIT ( * ) SI_UNIT ( .MILLI., .METRE. ) );
#2081 = ORIENTED_EDGE ( 'NONE', *, *, #1390, .T. ) ;
#2082 = CARTESIAN_POINT ( 'NONE',  ( 2.665000000000000000, 0.5599999999999977200, 3.774999999999993700 ) ) ;
#2083 = CARTESIAN_POINT ( 'NONE',  ( -2.605000000000000000, 0.0000000000000000000, -3.880000000000000300 ) ) ;
#2084 = EDGE_CURVE ( 'NONE', #1835, #1001, #518, .T. ) ;
#2085 = EDGE_CURVE ( 'NONE', #1357, #2003, #1573, .T. ) ;
#2086 = EDGE_LOOP ( 'NONE', ( #88, #1039, #2549, #1351 ) ) ;
#2087 = VECTOR ( 'NONE', #1470, 1000.000000000000000 ) ;
#2088 = CARTESIAN_POINT ( 'NONE',  ( -0.3800000000000000000, 1.014999999999999900, 3.044999999999999500 ) ) ;
#2089 = AXIS2_PLACEMENT_3D ( 'NONE', #2635, #776, #1744 ) ;
#2090 = VERTEX_POINT ( 'NONE', #1555 ) ;
#2091 =( GEOMETRIC_REPRESENTATION_CONTEXT ( 3 ) GLOBAL_UNCERTAINTY_ASSIGNED_CONTEXT ( ( #551 ) ) GLOBAL_UNIT_ASSIGNED_CONTEXT ( ( #1550, #1326, #2985 ) ) REPRESENTATION_CONTEXT ( 'NONE', 'WORKASPACE' ) );
#2092 = CARTESIAN_POINT ( 'NONE',  ( -1.905000000000000200, 1.544999999999999900, 2.214999999999999400 ) ) ;
#2093 = LINE ( 'NONE', #2991, #2346 ) ;
#2094 = CARTESIAN_POINT ( 'NONE',  ( -2.605000000000000000, 0.6700000000000004800, -3.530000000000000200 ) ) ;
#2095 = CIRCLE ( 'NONE', #1272, 0.7300000000000002000 ) ;
#2096 = ORIENTED_EDGE ( 'NONE', *, *, #1906, .F. ) ;
#2097 =( GEOMETRIC_REPRESENTATION_CONTEXT ( 3 ) GLOBAL_UNCERTAINTY_ASSIGNED_CONTEXT ( ( #147 ) ) GLOBAL_UNIT_ASSIGNED_CONTEXT ( ( #1679, #765, #61 ) ) REPRESENTATION_CONTEXT ( 'NONE', 'WORKASPACE' ) );
#2098 =( NAMED_UNIT ( * ) SI_UNIT ( $, .STERADIAN. ) SOLID_ANGLE_UNIT ( ) );
#2099 = EDGE_LOOP ( 'NONE', ( #2543, #2977, #1891, #2645 ) ) ;
#2100 = DIRECTION ( 'NONE',  ( 0.0000000000000000000, -6.546126324440784800E-015, -1.000000000000000000 ) ) ;
#2101 = EDGE_CURVE ( 'NONE', #2203, #1104, #1071, .T. ) ;
#2102 =( NAMED_UNIT ( * ) PLANE_ANGLE_UNIT ( ) SI_UNIT ( $, .RADIAN. ) );
#2103 = DIRECTION ( 'NONE',  ( -1.000000000000000000, 0.0000000000000000000, -0.0000000000000000000 ) ) ;
#2104 = ORIENTED_EDGE ( 'NONE', *, *, #2986, .F. ) ;
#2105 = CARTESIAN_POINT ( 'NONE',  ( -3.270000000000001400, 0.0000000000000000000, -3.880000000000000300 ) ) ;
#2106 = CARTESIAN_POINT ( 'NONE',  ( -1.905000000000000000, 8.170008333328704400, -4.955000000000000100 ) ) ;
#2107 = DIRECTION ( 'NONE',  ( 0.0000000000000000000, 1.000000000000000000, 0.0000000000000000000 ) ) ;
#2108 = EDGE_CURVE ( 'NONE', #965, #1539, #2854, .T. ) ;
#2109 = ORIENTED_EDGE ( 'NONE', *, *, #3062, .F. ) ;
#2110 = CARTESIAN_POINT ( 'NONE',  ( -1.049999999999999800, 0.6700000000000004800, -4.029999999999999400 ) ) ;
#2111 = DIRECTION ( 'NONE',  ( 0.0000000000000000000, 0.0000000000000000000, -1.000000000000000000 ) ) ;
#2112 = ORIENTED_EDGE ( 'NONE', *, *, #2391, .F. ) ;
#2113 = DIRECTION ( 'NONE',  ( 0.0000000000000000000, 2.210922077225458000E-014, -1.000000000000000000 ) ) ;
#2114 = LINE ( 'NONE', #676, #1912 ) ;
#2115 = CARTESIAN_POINT ( 'NONE',  ( 3.269999999999998700, 0.0000000000000000000, 2.214999999999999400 ) ) ;
#2116 = MECHANICAL_DESIGN_GEOMETRIC_PRESENTATION_REPRESENTATION (  '', ( #1593 ), #1749 ) ;
#2117 = VECTOR ( 'NONE', #3018, 1000.000000000000000 ) ;
#2118 = MECHANICAL_DESIGN_GEOMETRIC_PRESENTATION_REPRESENTATION (  '', ( #1976 ), #1215 ) ;
#2119 = VECTOR ( 'NONE', #2978, 1000.000000000000000 ) ;
#2120 = ORIENTED_EDGE ( 'NONE', *, *, #1447, .T. ) ;
#2121 = PRESENTATION_STYLE_ASSIGNMENT (( #1560 ) ) ;
#2122 = FILL_AREA_STYLE ('',( #1633 ) ) ;
#2123 = ORIENTED_EDGE ( 'NONE', *, *, #2291, .T. ) ;
#2124 = CARTESIAN_POINT ( 'NONE',  ( -1.905000000000000200, 0.3600000000000003800, 4.955000000000000100 ) ) ;
#2125 = CARTESIAN_POINT ( 'NONE',  ( -3.270000000000001400, 1.014999999999999900, 2.214999999999999400 ) ) ;
#2126 = ADVANCED_FACE ( 'NONE', ( #1469 ), #130, .F. ) ;
#2127 = EDGE_CURVE ( 'NONE', #2464, #20, #2722, .T. ) ;
#2128 = DIRECTION ( 'NONE',  ( 0.0000000000000000000, -1.000000000000000000, 0.0000000000000000000 ) ) ;
#2129 = CARTESIAN_POINT ( 'NONE',  ( 0.0000000000000000000, 0.0000000000000000000, 0.0000000000000000000 ) ) ;
#2130 = ORIENTED_EDGE ( 'NONE', *, *, #30, .F. ) ;
#2131 = VECTOR ( 'NONE', #907, 1000.000000000000000 ) ;
#2132 = CARTESIAN_POINT ( 'NONE',  ( 0.3800000000000000000, -0.1700000000000091200, 3.044999999999999500 ) ) ;
#2133 = CIRCLE ( 'NONE', #3019, 0.7300000000000023100 ) ;
#2134 = CARTESIAN_POINT ( 'NONE',  ( 3.091686629544046800, 2.549999999999999800, 0.0000000000000000000 ) ) ;
#2135 = CARTESIAN_POINT ( 'NONE',  ( -2.254999999999999400, 0.6700000000000000400, -3.530000000000000200 ) ) ;
#2136 = ORIENTED_EDGE ( 'NONE', *, *, #1180, .F. ) ;
#2137 = EDGE_CURVE ( 'NONE', #20, #896, #2520, .T. ) ;
#2138 =( GEOMETRIC_REPRESENTATION_CONTEXT ( 3 ) GLOBAL_UNCERTAINTY_ASSIGNED_CONTEXT ( ( #2729 ) ) GLOBAL_UNIT_ASSIGNED_CONTEXT ( ( #2080, #675, #2546 ) ) REPRESENTATION_CONTEXT ( 'NONE', 'WORKASPACE' ) );
#2139 = EDGE_LOOP ( 'NONE', ( #1036, #1763, #2430, #1998 ) ) ;
#2140 = DIRECTION ( 'NONE',  ( 0.0000000000000000000, -1.000000000000000000, 0.0000000000000000000 ) ) ;
#2141 = SURFACE_STYLE_USAGE ( .BOTH. , #1923 ) ;
#2142 = VECTOR ( 'NONE', #588, 1000.000000000000000 ) ;
#2143 = EDGE_CURVE ( 'NONE', #1914, #384, #967, .T. ) ;
#2144 = ORIENTED_EDGE ( 'NONE', *, *, #1508, .T. ) ;
#2145 = CARTESIAN_POINT ( 'NONE',  ( 0.3800000000000000000, 1.544999999999999900, 2.214999999999999400 ) ) ;
#2146 = CIRCLE ( 'NONE', #762, 0.2000000000000031200 ) ;
#2147 = VERTEX_POINT ( 'NONE', #1577 ) ;
#2148 = VECTOR ( 'NONE', #1103, 1000.000000000000000 ) ;
#2149 = ORIENTED_EDGE ( 'NONE', *, *, #2471, .F. ) ;
#2150 = SURFACE_STYLE_FILL_AREA ( #1554 ) ;
#2151 = ORIENTED_EDGE ( 'NONE', *, *, #1489, .T. ) ;
#2152 = CARTESIAN_POINT ( 'NONE',  ( -1.049999999999999800, 0.0000000000000000000, -3.530000000000000200 ) ) ;
#2153 = DIRECTION ( 'NONE',  ( 0.0000000000000000000, -1.000000000000000000, 0.0000000000000000000 ) ) ;
#2154 = ORIENTED_EDGE ( 'NONE', *, *, #2887, .F. ) ;
#2155 = FILL_AREA_STYLE ('',( #300 ) ) ;
#2156 = DIRECTION ( 'NONE',  ( 0.0000000000000000000, -1.000000000000000000, 0.0000000000000000000 ) ) ;
#2157 =( NAMED_UNIT ( * ) SI_UNIT ( $, .STERADIAN. ) SOLID_ANGLE_UNIT ( ) );
#2158 = DIRECTION ( 'NONE',  ( 0.0000000000000000000, 0.0000000000000000000, 1.000000000000000000 ) ) ;
#2159 = VERTEX_POINT ( 'NONE', #146 ) ;
#2160 = VECTOR ( 'NONE', #539, 1000.000000000000000 ) ;
#2161 = VECTOR ( 'NONE', #3032, 1000.000000000000000 ) ;
#2162 = DIRECTION ( 'NONE',  ( 0.0000000000000000000, -1.000000000000000000, 6.546126324440784800E-015 ) ) ;
#2163 =( NAMED_UNIT ( * ) PLANE_ANGLE_UNIT ( ) SI_UNIT ( $, .RADIAN. ) );
#2164 = LINE ( 'NONE', #2106, #381 ) ;
#2165 = PRESENTATION_LAYER_ASSIGNMENT (  '', '', ( #2853 ) ) ;
#2166 = ORIENTED_EDGE ( 'NONE', *, *, #2952, .F. ) ;
#2167 = FACE_OUTER_BOUND ( 'NONE', #2422, .T. ) ;
#2168 = CARTESIAN_POINT ( 'NONE',  ( -1.905000000000000200, 0.8149999999999998400, 3.244999999999999700 ) ) ;
#2169 = ADVANCED_FACE ( 'NONE', ( #1231 ), #2032, .F. ) ;
#2170 = VECTOR ( 'NONE', #619, 1000.000000000000000 ) ;
#2171 = ORIENTED_EDGE ( 'NONE', *, *, #316, .T. ) ;
#2172 = MECHANICAL_DESIGN_GEOMETRIC_PRESENTATION_REPRESENTATION (  '', ( #2545 ), #1500 ) ;
#2173 = CARTESIAN_POINT ( 'NONE',  ( 1.905000000000000000, 0.0000000000000000000, -4.955000000000000100 ) ) ;
#2174 = ADVANCED_FACE ( 'NONE', ( #2492 ), #1498, .T. ) ;
#2175 = VERTEX_POINT ( 'NONE', #131 ) ;
#2176 = LINE ( 'NONE', #1507, #2581 ) ;
#2177 = DIRECTION ( 'NONE',  ( 0.0000000000000000000, -0.0000000000000000000, -1.000000000000000000 ) ) ;
#2178 = ORIENTED_EDGE ( 'NONE', *, *, #2895, .T. ) ;
#2179 = EDGE_CURVE ( 'NONE', #824, #1817, #1685, .T. ) ;
#2180 = FILL_AREA_STYLE_COLOUR ( '', #1484 ) ;
#2181 = EDGE_CURVE ( 'NONE', #651, #2056, #667, .T. ) ;
#2182 = CARTESIAN_POINT ( 'NONE',  ( -1.049999999999999800, 0.0000000000000000000, -4.029999999999999400 ) ) ;
#2183 = ORIENTED_EDGE ( 'NONE', *, *, #2066, .T. ) ;
#2184 =( NAMED_UNIT ( * ) SI_UNIT ( $, .STERADIAN. ) SOLID_ANGLE_UNIT ( ) );
#2185 = DIRECTION ( 'NONE',  ( 1.000000000000000000, 0.0000000000000000000, 0.0000000000000000000 ) ) ;
#2186 = LINE ( 'NONE', #2088, #652 ) ;
#2187 = PLANE ( 'NONE',  #2539 ) ;
#2188 = DIRECTION ( 'NONE',  ( -1.000000000000000000, -0.0000000000000000000, -0.0000000000000000000 ) ) ;
#2189 = ADVANCED_FACE ( 'NONE', ( #2228 ), #2738, .F. ) ;
#2190 = VECTOR ( 'NONE', #2128, 1000.000000000000000 ) ;
#2191 = STYLED_ITEM ( 'NONE', ( #7 ), #1740 ) ;
#2192 = FACE_OUTER_BOUND ( 'NONE', #127, .T. ) ;
#2193 = VERTEX_POINT ( 'NONE', #1563 ) ;
#2194 = CARTESIAN_POINT ( 'NONE',  ( 2.605000000000000000, 8.170008333328704400, -3.530000000000000200 ) ) ;
#2195 =( NAMED_UNIT ( * ) SI_UNIT ( $, .STERADIAN. ) SOLID_ANGLE_UNIT ( ) );
#2196 = EDGE_CURVE ( 'NONE', #3067, #1684, #1089, .T. ) ;
#2197 = ORIENTED_EDGE ( 'NONE', *, *, #365, .T. ) ;
#2198 = DIRECTION ( 'NONE',  ( 0.0000000000000000000, 0.0000000000000000000, -1.000000000000000000 ) ) ;
#2199 = FACE_OUTER_BOUND ( 'NONE', #1026, .T. ) ;
#2200 = CARTESIAN_POINT ( 'NONE',  ( -1.905000000000000200, 0.8149999999999844000, 3.774999999999999900 ) ) ;
#2201 = CARTESIAN_POINT ( 'NONE',  ( -1.905000000000000200, 1.014999999999999900, 2.214999999999999400 ) ) ;
#2202 = LINE ( 'NONE', #101, #1024 ) ;
#2203 = VERTEX_POINT ( 'NONE', #939 ) ;
#2204 = ADVANCED_FACE ( 'NONE', ( #627 ), #909, .F. ) ;
#2205 = DIRECTION ( 'NONE',  ( 0.0000000000000000000, -7.080503983578773100E-015, -1.000000000000000000 ) ) ;
#2206 = VECTOR ( 'NONE', #1166, 1000.000000000000000 ) ;
#2207 = AXIS2_PLACEMENT_3D ( 'NONE', #375, #359, #1531 ) ;
#2208 =( NAMED_UNIT ( * ) SI_UNIT ( $, .STERADIAN. ) SOLID_ANGLE_UNIT ( ) );
#2209 =( NAMED_UNIT ( * ) SI_UNIT ( $, .STERADIAN. ) SOLID_ANGLE_UNIT ( ) );
#2210 = VERTEX_POINT ( 'NONE', #2083 ) ;
#2211 = AXIS2_PLACEMENT_3D ( 'NONE', #3040, #1872, #1651 ) ;
#2212 = PLANE ( 'NONE',  #3015 ) ;
#2213 = VECTOR ( 'NONE', #977, 1000.000000000000000 ) ;
#2214 = PRESENTATION_STYLE_ASSIGNMENT (( #1841 ) ) ;
#2215 = FILL_AREA_STYLE_COLOUR ( '', #2953 ) ;
#2216 = VERTEX_POINT ( 'NONE', #2333 ) ;
#2217 = VERTEX_POINT ( 'NONE', #1168 ) ;
#2218 = SURFACE_STYLE_FILL_AREA ( #1851 ) ;
#2219 = EDGE_LOOP ( 'NONE', ( #1283, #1401, #1787, #202 ) ) ;
#2220 = DIRECTION ( 'NONE',  ( 1.000000000000000000, 0.0000000000000000000, 0.0000000000000000000 ) ) ;
#2221 = SURFACE_STYLE_FILL_AREA ( #2008 ) ;
#2222 = DIRECTION ( 'NONE',  ( 0.0000000000000000000, 1.000000000000000000, 0.0000000000000000000 ) ) ;
#2223 = DIRECTION ( 'NONE',  ( 0.0000000000000000000, -2.040851148207957100E-014, 1.000000000000000000 ) ) ;
#2224 = UNCERTAINTY_MEASURE_WITH_UNIT (LENGTH_MEASURE( 1.000000000000000100E-005 ), #2355, 'distance_accuracy_value', 'NONE');
#2225 = CARTESIAN_POINT ( 'NONE',  ( 2.605000000000000000, 0.6700000000000000400, -4.955000000000000100 ) ) ;
#2226 = CARTESIAN_POINT ( 'NONE',  ( 0.0000000000000000000, 2.549999999999999800, -0.2850000000000005300 ) ) ;
#2227 = CARTESIAN_POINT ( 'NONE',  ( -1.905000000000000200, 1.544999999999999900, 2.214999999999999400 ) ) ;
#2228 = FACE_OUTER_BOUND ( 'NONE', #811, .T. ) ;
#2229 = CARTESIAN_POINT ( 'NONE',  ( -2.429999999999999300, 0.6700000000000000400, 0.4399999999999993900 ) ) ;
#2230 = DIRECTION ( 'NONE',  ( 0.0000000000000000000, 1.000000000000000000, 0.0000000000000000000 ) ) ;
#2231 = VERTEX_POINT ( 'NONE', #2808 ) ;
#2232 = EDGE_CURVE ( 'NONE', #1473, #2280, #1811, .T. ) ;
#2233 = PLANE ( 'NONE',  #2079 ) ;
#2234 = LINE ( 'NONE', #2869, #994 ) ;
#2235 = LINE ( 'NONE', #204, #1592 ) ;
#2236 = DIRECTION ( 'NONE',  ( 0.0000000000000000000, 0.0000000000000000000, 1.000000000000000000 ) ) ;
#2237 = DIRECTION ( 'NONE',  ( 0.0000000000000000000, -7.274111514379755700E-015, -1.000000000000000000 ) ) ;
#2238 = ORIENTED_EDGE ( 'NONE', *, *, #983, .F. ) ;
#2239 = CARTESIAN_POINT ( 'NONE',  ( 0.3800000000000000000, 1.544999999999999900, 3.044999999999999500 ) ) ;
#2240 = EDGE_CURVE ( 'NONE', #1206, #1070, #1073, .T. ) ;
#2241 = PLANE ( 'NONE',  #2292 ) ;
#2242 =( NAMED_UNIT ( * ) PLANE_ANGLE_UNIT ( ) SI_UNIT ( $, .RADIAN. ) );
#2243 = AXIS2_PLACEMENT_3D ( 'NONE', #1865, #681, #703 ) ;
#2244 = CARTESIAN_POINT ( 'NONE',  ( -1.279128784747791700, 0.6700000000000000400, -3.880000000000000300 ) ) ;
#2245 = ADVANCED_FACE ( 'NONE', ( #207 ), #2313, .F. ) ;
#2246 = ORIENTED_EDGE ( 'NONE', *, *, #775, .F. ) ;
#2247 = AXIS2_PLACEMENT_3D ( 'NONE', #2129, #728, #265 ) ;
#2248 = CARTESIAN_POINT ( 'NONE',  ( -2.429999999999999300, 8.170008333328704400, 0.4399999999999993900 ) ) ;
#2249 = EDGE_LOOP ( 'NONE', ( #830, #2401, #2740, #930 ) ) ;
#2250 = CARTESIAN_POINT ( 'NONE',  ( -1.049999999999999800, 0.0000000000000000000, -4.029999999999999400 ) ) ;
#2251 = EDGE_CURVE ( 'NONE', #287, #224, #1606, .T. ) ;
#2252 = FACE_OUTER_BOUND ( 'NONE', #1297, .T. ) ;
#2253 = DIRECTION ( 'NONE',  ( 0.0000000000000000000, 0.0000000000000000000, 1.000000000000000000 ) ) ;
#2254 = FILL_AREA_STYLE_COLOUR ( '', #2861 ) ;
#2255 = ORIENTED_EDGE ( 'NONE', *, *, #1673, .T. ) ;
#2256 = DIRECTION ( 'NONE',  ( 0.0000000000000000000, 0.0000000000000000000, 1.000000000000000000 ) ) ;
#2257 = PLANE ( 'NONE',  #1282 ) ;
#2258 = DIRECTION ( 'NONE',  ( -0.0000000000000000000, -1.000000000000000000, -0.0000000000000000000 ) ) ;
#2259 = CARTESIAN_POINT ( 'NONE',  ( -1.905000000000000000, 8.170008333328704400, -4.554999999999999700 ) ) ;
#2260 = LINE ( 'NONE', #813, #1647 ) ;
#2261 = ADVANCED_FACE ( 'NONE', ( #2749 ), #194, .F. ) ;
#2262 = ORIENTED_EDGE ( 'NONE', *, *, #260, .T. ) ;
#2263 = CARTESIAN_POINT ( 'NONE',  ( -2.605000000000000000, 0.0000000000000000000, -3.530000000000000200 ) ) ;
#2264 = VECTOR ( 'NONE', #1518, 1000.000000000000000 ) ;
#2265 = CARTESIAN_POINT ( 'NONE',  ( -1.905000000000000200, 0.5599999999999933900, 3.974999999999999200 ) ) ;
#2266 = PLANE ( 'NONE',  #2211 ) ;
#2267 = EDGE_LOOP ( 'NONE', ( #3010, #1212, #1676, #837 ) ) ;
#2268 = ORIENTED_EDGE ( 'NONE', *, *, #2533, .F. ) ;
#2269 = LINE ( 'NONE', #395, #1023 ) ;
#2270 = VECTOR ( 'NONE', #469, 1000.000000000000000 ) ;
#2271 = ORIENTED_EDGE ( 'NONE', *, *, #1143, .F. ) ;
#2272 = DIRECTION ( 'NONE',  ( 0.0000000000000000000, 1.000000000000000000, 0.0000000000000000000 ) ) ;
#2273 = EDGE_CURVE ( 'NONE', #385, #902, #1525, .T. ) ;
#2274 = VECTOR ( 'NONE', #2076, 1000.000000000000000 ) ;
#2275 = VECTOR ( 'NONE', #1270, 1000.000000000000000 ) ;
#2276 = ORIENTED_EDGE ( 'NONE', *, *, #1520, .F. ) ;
#2277 = DIRECTION ( 'NONE',  ( -0.0000000000000000000, -1.000000000000000000, -0.0000000000000000000 ) ) ;
#2278 = CARTESIAN_POINT ( 'NONE',  ( 1.049999999999999800, 8.170008333328704400, -4.029999999999999400 ) ) ;
#2279 = UNCERTAINTY_MEASURE_WITH_UNIT (LENGTH_MEASURE( 1.000000000000000100E-005 ), #466, 'distance_accuracy_value', 'NONE');
#2280 = VERTEX_POINT ( 'NONE', #2562 ) ;
#2281 = CARTESIAN_POINT ( 'NONE',  ( -1.905000000000000000, 0.6700000000000004800, -4.554999999999999700 ) ) ;
#2282 = VECTOR ( 'NONE', #2659, 1000.000000000000000 ) ;
#2283 = AXIS2_PLACEMENT_3D ( 'NONE', #2374, #1459, #49 ) ;
#2284 = DIRECTION ( 'NONE',  ( 0.0000000000000000000, 1.000000000000000000, 0.0000000000000000000 ) ) ;
#2285 = ORIENTED_EDGE ( 'NONE', *, *, #1737, .T. ) ;
#2286 = EDGE_CURVE ( 'NONE', #2935, #2806, #322, .T. ) ;
#2287 = ORIENTED_EDGE ( 'NONE', *, *, #1292, .T. ) ;
#2288 = DIRECTION ( 'NONE',  ( -1.000000000000000000, -0.0000000000000000000, -0.0000000000000000000 ) ) ;
#2289 = DIRECTION ( 'NONE',  ( 0.0000000000000000000, 7.080503983578773100E-015, 1.000000000000000000 ) ) ;
#2290 = EDGE_CURVE ( 'NONE', #2883, #198, #2478, .T. ) ;
#2291 = EDGE_CURVE ( 'NONE', #36, #965, #868, .T. ) ;
#2292 = AXIS2_PLACEMENT_3D ( 'NONE', #408, #2045, #1340 ) ;
#2293 = CARTESIAN_POINT ( 'NONE',  ( -1.905000000000000000, 8.170008333328704400, -4.554999999999999700 ) ) ;
#2294 = EDGE_LOOP ( 'NONE', ( #2931, #978, #2062, #1076 ) ) ;
#2295 = AXIS2_PLACEMENT_3D ( 'NONE', #616, #1096, #1793 ) ;
#2296 = MECHANICAL_DESIGN_GEOMETRIC_PRESENTATION_REPRESENTATION (  '', ( #262 ), #2751 ) ;
#2297 = MECHANICAL_DESIGN_GEOMETRIC_PRESENTATION_REPRESENTATION (  '', ( #372 ), #949 ) ;
#2298 = ORIENTED_EDGE ( 'NONE', *, *, #1405, .T. ) ;
#2299 = SURFACE_SIDE_STYLE ('',( #1947 ) ) ;
#2300 = ORIENTED_EDGE ( 'NONE', *, *, #2609, .F. ) ;
#2301 = AXIS2_PLACEMENT_3D ( 'NONE', #297, #2595, #992 ) ;
#2302 = CARTESIAN_POINT ( 'NONE',  ( 2.429999999999999700, 0.0000000000000000000, -3.129999999999999900 ) ) ;
#2303 = CARTESIAN_POINT ( 'NONE',  ( -1.905000000000000200, 0.3599999999999906100, 3.974999999999996100 ) ) ;
#2304 = AXIS2_PLACEMENT_3D ( 'NONE', #1843, #2100, #3064 ) ;
#2305 = SURFACE_SIDE_STYLE ('',( #2592 ) ) ;
#2306 = LINE ( 'NONE', #2052, #1995 ) ;
#2307 = CYLINDRICAL_SURFACE ( 'NONE', #1197, 0.2499999999999997800 ) ;
#2308 = MECHANICAL_DESIGN_GEOMETRIC_PRESENTATION_REPRESENTATION (  '', ( #904 ), #2097 ) ;
#2309 = ORIENTED_EDGE ( 'NONE', *, *, #2179, .F. ) ;
#2310 = FILL_AREA_STYLE ('',( #865 ) ) ;
#2311 = CYLINDRICAL_SURFACE ( 'NONE', #2075, 0.7300000000000002000 ) ;
#2312 = DIRECTION ( 'NONE',  ( 1.000000000000000000, 0.0000000000000000000, -0.0000000000000000000 ) ) ;
#2313 = PLANE ( 'NONE',  #788 ) ;
#2314 = VERTEX_POINT ( 'NONE', #1158 ) ;
#2315 = FACE_OUTER_BOUND ( 'NONE', #2028, .T. ) ;
#2316 = DIRECTION ( 'NONE',  ( -1.000000000000000000, 0.0000000000000000000, 0.0000000000000000000 ) ) ;
#2317 = ORIENTED_EDGE ( 'NONE', *, *, #2819, .T. ) ;
#2318 = ORIENTED_EDGE ( 'NONE', *, *, #814, .T. ) ;
#2319 = SURFACE_STYLE_USAGE ( .BOTH. , #1660 ) ;
#2320 = FACE_OUTER_BOUND ( 'NONE', #1018, .T. ) ;
#2321 = VECTOR ( 'NONE', #487, 1000.000000000000000 ) ;
#2322 = VECTOR ( 'NONE', #1945, 1000.000000000000000 ) ;
#2323 = AXIS2_PLACEMENT_3D ( 'NONE', #2836, #2551, #481 ) ;
#2324 = VECTOR ( 'NONE', #523, 1000.000000000000000 ) ;
#2325 = VERTEX_POINT ( 'NONE', #1122 ) ;
#2326 =( NAMED_UNIT ( * ) SI_UNIT ( $, .STERADIAN. ) SOLID_ANGLE_UNIT ( ) );
#2328 = SURFACE_SIDE_STYLE ('',( #195 ) ) ;
#2327 = FILL_AREA_STYLE_COLOUR ( '', #2017 ) ;
#2329 = LINE ( 'NONE', #2882, #1948 ) ;
#2330 = MECHANICAL_DESIGN_GEOMETRIC_PRESENTATION_REPRESENTATION (  '', ( #820 ), #24 ) ;
#2331 = DIRECTION ( 'NONE',  ( 0.0000000000000000000, 0.0000000000000000000, 1.000000000000000000 ) ) ;
#2332 = ORIENTED_EDGE ( 'NONE', *, *, #1315, .T. ) ;
#2333 = CARTESIAN_POINT ( 'NONE',  ( 2.254999999999999900, 0.6700000000000004800, -3.129999999999999900 ) ) ;
#2334 = ADVANCED_FACE ( 'NONE', ( #2398 ), #2307, .T. ) ;
#2335 = EDGE_CURVE ( 'NONE', #2464, #1874, #1278, .T. ) ;
#2336 = EDGE_CURVE ( 'NONE', #2216, #1058, #991, .T. ) ;
#2337 = CARTESIAN_POINT ( 'NONE',  ( 2.254999999999999900, 8.170008333328704400, -3.129999999999999900 ) ) ;
#2338 =( NAMED_UNIT ( * ) SI_UNIT ( $, .STERADIAN. ) SOLID_ANGLE_UNIT ( ) );
#2339 = VERTEX_POINT ( 'NONE', #1637 ) ;
#2340 = DIRECTION ( 'NONE',  ( -1.214792350123814900E-016, 0.0000000000000000000, -1.000000000000000000 ) ) ;
#2341 = FACE_OUTER_BOUND ( 'NONE', #1862, .T. ) ;
#2342 = MECHANICAL_DESIGN_GEOMETRIC_PRESENTATION_REPRESENTATION (  '', ( #149 ), #1364 ) ;
#2343 = ORIENTED_EDGE ( 'NONE', *, *, #2596, .F. ) ;
#2344 = CARTESIAN_POINT ( 'NONE',  ( 2.254999999999999400, 0.0000000000000000000, -3.530000000000000200 ) ) ;
#2345 = APPLICATION_CONTEXT ( 'automotive_design' ) ;
#2346 = VECTOR ( 'NONE', #2528, 1000.000000000000000 ) ;
#2347 = DIRECTION ( 'NONE',  ( 0.0000000000000000000, 2.210922077225458000E-014, -1.000000000000000000 ) ) ;
#2348 = EDGE_CURVE ( 'NONE', #1223, #2473, #23, .T. ) ;
#2349 = VECTOR ( 'NONE', #1094, 1000.000000000000000 ) ;
#2350 = PLANE ( 'NONE',  #1007 ) ;
#2351 = ORIENTED_EDGE ( 'NONE', *, *, #259, .F. ) ;
#2352 = ORIENTED_EDGE ( 'NONE', *, *, #1829, .T. ) ;
#2353 = VECTOR ( 'NONE', #759, 1000.000000000000000 ) ;
#2354 = LINE ( 'NONE', #1503, #858 ) ;
#2355 =( LENGTH_UNIT ( ) NAMED_UNIT ( * ) SI_UNIT ( .MILLI., .METRE. ) );
#2356 = EDGE_CURVE ( 'NONE', #2377, #384, #1774, .T. ) ;
#2357 = FILL_AREA_STYLE_COLOUR ( '', #2607 ) ;
#2358 = EDGE_CURVE ( 'NONE', #3034, #1104, #2601, .T. ) ;
#2359 = SURFACE_STYLE_FILL_AREA ( #2122 ) ;
#2360 =( LENGTH_UNIT ( ) NAMED_UNIT ( * ) SI_UNIT ( .MILLI., .METRE. ) );
#2361 = ORIENTED_EDGE ( 'NONE', *, *, #2358, .F. ) ;
#2362 = VECTOR ( 'NONE', #2988, 1000.000000000000000 ) ;
#2363 = ORIENTED_EDGE ( 'NONE', *, *, #1667, .F. ) ;
#2364 = CARTESIAN_POINT ( 'NONE',  ( 1.905000000000000000, 0.8149999999999844000, 3.774999999999999500 ) ) ;
#2365 = AXIS2_PLACEMENT_3D ( 'NONE', #75, #57, #2415 ) ;
#2366 = ORIENTED_EDGE ( 'NONE', *, *, #2781, .T. ) ;
#2367 = DIRECTION ( 'NONE',  ( 1.000000000000000000, 0.0000000000000000000, -0.0000000000000000000 ) ) ;
#2368 = COLOUR_RGB ( '',0.2509803921568627400, 0.2509803921568627400, 0.2509803921568627400 ) ;
#2369 = CARTESIAN_POINT ( 'NONE',  ( 3.091686629544046800, 2.549999999999999800, 0.0000000000000000000 ) ) ;
#2370 = MECHANICAL_DESIGN_GEOMETRIC_PRESENTATION_REPRESENTATION (  '', ( #280 ), #689 ) ;
#2371 = ADVANCED_FACE ( 'NONE', ( #1878 ), #475, .T. ) ;
#2372 = ADVANCED_FACE ( 'NONE', ( #1743 ), #2598, .F. ) ;
#2373 = LINE ( 'NONE', #2344, #2407 ) ;
#2374 = CARTESIAN_POINT ( 'NONE',  ( 2.665000000000000000, 0.5599999999999933900, 3.974999999999999200 ) ) ;
#2375 = CARTESIAN_POINT ( 'NONE',  ( 2.429999999999999300, 0.6700000000000004800, 0.4399999999999993900 ) ) ;
#2376 = PRODUCT_DEFINITION_SHAPE ( 'NONE', 'NONE',  #1861 ) ;
#2377 = VERTEX_POINT ( 'NONE', #1400 ) ;
#2378 = VECTOR ( 'NONE', #632, 1000.000000000000000 ) ;
#2379 = DIRECTION ( 'NONE',  ( 0.0000000000000000000, -1.000000000000000000, -2.210922077225458000E-014 ) ) ;
#2380 = ADVANCED_FACE ( 'NONE', ( #2315 ), #467, .T. ) ;
#2381 = ORIENTED_EDGE ( 'NONE', *, *, #2451, .T. ) ;
#2382 = DIRECTION ( 'NONE',  ( -1.000000000000000000, -0.0000000000000000000, -0.0000000000000000000 ) ) ;
#2383 =( GEOMETRIC_REPRESENTATION_CONTEXT ( 3 ) GLOBAL_UNCERTAINTY_ASSIGNED_CONTEXT ( ( #1140 ) ) GLOBAL_UNIT_ASSIGNED_CONTEXT ( ( #2841, #953, #2338 ) ) REPRESENTATION_CONTEXT ( 'NONE', 'WORKASPACE' ) );
#2384 = PRESENTATION_STYLE_ASSIGNMENT (( #2450 ) ) ;
#2385 =( NAMED_UNIT ( * ) SI_UNIT ( $, .STERADIAN. ) SOLID_ANGLE_UNIT ( ) );
#2386 = ORIENTED_EDGE ( 'NONE', *, *, #1552, .T. ) ;
#2387 = ORIENTED_EDGE ( 'NONE', *, *, #2887, .T. ) ;
#2388 = SURFACE_STYLE_USAGE ( .BOTH. , #59 ) ;
#2389 = CYLINDRICAL_SURFACE ( 'NONE', #2463, 0.2499999999999997800 ) ;
#2390 = DIRECTION ( 'NONE',  ( -1.000000000000000000, -0.0000000000000000000, -0.0000000000000000000 ) ) ;
#2391 = EDGE_CURVE ( 'NONE', #965, #360, #154, .T. ) ;
#2392 = ORIENTED_EDGE ( 'NONE', *, *, #1342, .T. ) ;
#2393 = CARTESIAN_POINT ( 'NONE',  ( -1.049999999999999800, 0.6700000000000004800, -3.530000000000000200 ) ) ;
#2394 = DIRECTION ( 'NONE',  ( 1.214792350123814900E-016, -0.0000000000000000000, -1.000000000000000000 ) ) ;
#2395 = EDGE_CURVE ( 'NONE', #1883, #3067, #1000, .T. ) ;
#2396 = EDGE_LOOP ( 'NONE', ( #2590, #2057, #2109, #2488 ) ) ;
#2397 = CARTESIAN_POINT ( 'NONE',  ( 2.605000000000000000, 0.6700000000000004800, -4.955000000000000100 ) ) ;
#2398 = FACE_OUTER_BOUND ( 'NONE', #2532, .T. ) ;
#2399 = LINE ( 'NONE', #2479, #1375 ) ;
#2400 =( NAMED_UNIT ( * ) SI_UNIT ( $, .STERADIAN. ) SOLID_ANGLE_UNIT ( ) );
#2401 = ORIENTED_EDGE ( 'NONE', *, *, #323, .T. ) ;
#2402 = ADVANCED_FACE ( 'NONE', ( #2167 ), #486, .T. ) ;
#2403 = CARTESIAN_POINT ( 'NONE',  ( -0.3800000000000000000, 0.8149999999999998400, 3.044999999999999500 ) ) ;
#2404 = DIRECTION ( 'NONE',  ( -1.000000000000000000, -0.0000000000000000000, -0.0000000000000000000 ) ) ;
#2405 = SURFACE_SIDE_STYLE ('',( #268 ) ) ;
#2406 = AXIS2_PLACEMENT_3D ( 'NONE', #914, #2113, #1385 ) ;
#2407 = VECTOR ( 'NONE', #543, 1000.000000000000000 ) ;
#2408 = EDGE_CURVE ( 'NONE', #2697, #495, #1181, .T. ) ;
#2409 = CARTESIAN_POINT ( 'NONE',  ( -2.665000000000000500, -0.1700000000000065100, 3.974999999999999200 ) ) ;
#2410 = FACE_OUTER_BOUND ( 'NONE', #3050, .T. ) ;
#2411 = DIRECTION ( 'NONE',  ( 0.0000000000000000000, 1.000000000000000000, -6.546126324440784800E-015 ) ) ;
#2412 = CARTESIAN_POINT ( 'NONE',  ( 3.091686629544046800, 2.549999999999999800, -3.880000000000000300 ) ) ;
#2413 = ADVANCED_FACE ( 'NONE', ( #1970 ), #778, .F. ) ;
#2414 = ORIENTED_EDGE ( 'NONE', *, *, #520, .F. ) ;
#2415 = DIRECTION ( 'NONE',  ( 0.0000000000000000000, 0.0000000000000000000, -1.000000000000000000 ) ) ;
#2417 = DIRECTION ( 'NONE',  ( 0.0000000000000000000, 7.080503983578773100E-015, 1.000000000000000000 ) ) ;
#2416 = CARTESIAN_POINT ( 'NONE',  ( -1.905000000000000200, 0.8149999999999998400, 3.044999999999999500 ) ) ;
#2418 = ADVANCED_FACE ( 'NONE', ( #106 ), #792, .T. ) ;
#2419 = VECTOR ( 'NONE', #2379, 1000.000000000000000 ) ;
#2420 = PRESENTATION_LAYER_ASSIGNMENT (  '', '', ( #2689 ) ) ;
#2421 = ORIENTED_EDGE ( 'NONE', *, *, #734, .F. ) ;
#2422 = EDGE_LOOP ( 'NONE', ( #1044, #191, #2498, #2475 ) ) ;
#2423 = PRESENTATION_STYLE_ASSIGNMENT (( #2868 ) ) ;
#2424 = AXIS2_PLACEMENT_3D ( 'NONE', #541, #2913, #336 ) ;
#2425 = CARTESIAN_POINT ( 'NONE',  ( -2.429999999999999700, 8.170008333328704400, -3.129999999999999900 ) ) ;
#2426 = VECTOR ( 'NONE', #1317, 1000.000000000000000 ) ;
#2427 = DIRECTION ( 'NONE',  ( 0.0000000000000000000, 0.0000000000000000000, 1.000000000000000000 ) ) ;
#2428 = PLANE ( 'NONE',  #2828 ) ;
#2429 = ORIENTED_EDGE ( 'NONE', *, *, #2798, .F. ) ;
#2430 = ORIENTED_EDGE ( 'NONE', *, *, #1716, .T. ) ;
#2431 = EDGE_CURVE ( 'NONE', #1684, #3052, #1857, .T. ) ;
#2432 = VECTOR ( 'NONE', #1688, 1000.000000000000000 ) ;
#2433 = ORIENTED_EDGE ( 'NONE', *, *, #1115, .F. ) ;
#2434 = LINE ( 'NONE', #760, #2148 ) ;
#2435 =( LENGTH_UNIT ( ) NAMED_UNIT ( * ) SI_UNIT ( .MILLI., .METRE. ) );
#2436 = CARTESIAN_POINT ( 'NONE',  ( 2.605000000000000000, 0.0000000000000000000, -4.955000000000000100 ) ) ;
#2437 = MANIFOLD_SOLID_BREP ( 'Pin 1', #606 ) ;
#2438 = CARTESIAN_POINT ( 'NONE',  ( -2.429999999999999300, 0.6700000000000004800, 0.4399999999999993900 ) ) ;
#2439 = EDGE_CURVE ( 'NONE', #1689, #615, #571, .T. ) ;
#2441 = ORIENTED_EDGE ( 'NONE', *, *, #2926, .T. ) ;
#2440 = CARTESIAN_POINT ( 'NONE',  ( -2.605000000000000000, 8.170008333328704400, -3.530000000000000200 ) ) ;
#2443 = DIRECTION ( 'NONE',  ( 0.06975647374412179100, 0.9975640502598245300, -0.0000000000000000000 ) ) ;
#2442 = FILL_AREA_STYLE ('',( #1442 ) ) ;
#2444 = CARTESIAN_POINT ( 'NONE',  ( 1.905000000000000000, 0.6700000000000004800, -4.955000000000000100 ) ) ;
#2445 = MECHANICAL_DESIGN_GEOMETRIC_PRESENTATION_REPRESENTATION (  '', ( #1881 ), #1544 ) ;
#2446 = DIRECTION ( 'NONE',  ( -1.214792350123814900E-016, 0.0000000000000000000, -1.000000000000000000 ) ) ;
#2447 = EDGE_LOOP ( 'NONE', ( #1512, #376, #2149, #2255 ) ) ;
#2448 = LINE ( 'NONE', #1764, #2633 ) ;
#2449 = ADVANCED_FACE ( 'NONE', ( #448 ), #1030, .F. ) ;
#2450 = SURFACE_STYLE_USAGE ( .BOTH. , #1021 ) ;
#2451 = EDGE_CURVE ( 'NONE', #2681, #263, #2805, .T. ) ;
#2452 = EDGE_CURVE ( 'NONE', #2966, #637, #3044, .T. ) ;
#2453 = CARTESIAN_POINT ( 'NONE',  ( -2.665000000000000500, 1.544999999999999900, 2.214999999999999400 ) ) ;
#2454 = SURFACE_STYLE_USAGE ( .BOTH. , #2721 ) ;
#2455 = UNCERTAINTY_MEASURE_WITH_UNIT (LENGTH_MEASURE( 1.000000000000000100E-005 ), #1986, 'distance_accuracy_value', 'NONE');
#2456 = VECTOR ( 'NONE', #1607, 1000.000000000000000 ) ;
#2457 = DIRECTION ( 'NONE',  ( -1.000000000000000000, 0.0000000000000000000, 0.0000000000000000000 ) ) ;
#2458 = DIRECTION ( 'NONE',  ( 0.0000000000000000000, -1.000000000000000000, -2.040851148207957100E-014 ) ) ;
#2459 =( LENGTH_UNIT ( ) NAMED_UNIT ( * ) SI_UNIT ( .MILLI., .METRE. ) );
#2460 = LINE ( 'NONE', #1287, #789 ) ;
#2461 = COLOUR_RGB ( '',0.2509803921568627400, 0.2509803921568627400, 0.2509803921568627400 ) ;
#2462 = LINE ( 'NONE', #1296, #1395 ) ;
#2463 = AXIS2_PLACEMENT_3D ( 'NONE', #433, #3024, #200 ) ;
#2464 = VERTEX_POINT ( 'NONE', #237 ) ;
#2465 = PRESENTATION_LAYER_ASSIGNMENT (  '', '', ( #3017 ) ) ;
#2466 = ORIENTED_EDGE ( 'NONE', *, *, #987, .F. ) ;
#2467 = PRESENTATION_LAYER_ASSIGNMENT (  '', '', ( #280 ) ) ;
#2468 = CARTESIAN_POINT ( 'NONE',  ( -1.905000000000000200, 0.5599999999999933900, 3.244999999999994300 ) ) ;
#2469 = SURFACE_STYLE_USAGE ( .BOTH. , #2919 ) ;
#2470 = LINE ( 'NONE', #2152, #2779 ) ;
#2471 = EDGE_CURVE ( 'NONE', #2890, #1473, #1056, .T. ) ;
#2472 = DIRECTION ( 'NONE',  ( 0.0000000000000000000, -1.000000000000000000, 0.0000000000000000000 ) ) ;
#2473 = VERTEX_POINT ( 'NONE', #1177 ) ;
#2474 = CARTESIAN_POINT ( 'NONE',  ( -1.050000000000000000, 0.0000000000000000000, -3.779999999999999800 ) ) ;
#2475 = ORIENTED_EDGE ( 'NONE', *, *, #342, .T. ) ;
#2476 = CARTESIAN_POINT ( 'NONE',  ( -0.3800000000000000000, 0.8149999999999998400, 3.044999999999999500 ) ) ;
#2477 = EDGE_CURVE ( 'NONE', #2759, #824, #2044, .T. ) ;
#2478 = LINE ( 'NONE', #3022, #2817 ) ;
#2479 = CARTESIAN_POINT ( 'NONE',  ( 2.665000000000000000, 0.8149999999999998400, 3.244999999999999700 ) ) ;
#2480 = CARTESIAN_POINT ( 'NONE',  ( -2.665000000000000500, 1.014999999999999900, 2.214999999999999400 ) ) ;
#2481 = CARTESIAN_POINT ( 'NONE',  ( 2.665000000000000000, 0.5599999999999933900, 3.974999999999999200 ) ) ;
#2482 = ADVANCED_FACE ( 'NONE', ( #2320 ), #2567, .F. ) ;
#2483 = VERTEX_POINT ( 'NONE', #1175 ) ;
#2484 = MECHANICAL_DESIGN_GEOMETRIC_PRESENTATION_REPRESENTATION (  '', ( #2853 ), #2974 ) ;
#2485 = CARTESIAN_POINT ( 'NONE',  ( 2.429999999999999700, 0.6700000000000004800, -3.129999999999999900 ) ) ;
#2486 = ORIENTED_EDGE ( 'NONE', *, *, #379, .F. ) ;
#2487 = CARTESIAN_POINT ( 'NONE',  ( -3.161963075547273800, 1.544999999999999900, 2.214999999999999400 ) ) ;
#2488 = ORIENTED_EDGE ( 'NONE', *, *, #1672, .T. ) ;
#2489 = ORIENTED_EDGE ( 'NONE', *, *, #1508, .F. ) ;
#2490 =( LENGTH_UNIT ( ) NAMED_UNIT ( * ) SI_UNIT ( .MILLI., .METRE. ) );
#2491 = CARTESIAN_POINT ( 'NONE',  ( 3.269999999999998700, 0.0000000000000000000, -3.880000000000000300 ) ) ;
#2492 = FACE_OUTER_BOUND ( 'NONE', #1403, .T. ) ;
#2493 = CARTESIAN_POINT ( 'NONE',  ( -2.605000000000000000, 0.6700000000000000400, -4.955000000000000100 ) ) ;
#2494 = CARTESIAN_POINT ( 'NONE',  ( -2.254999999999999900, 8.170008333328704400, -3.129999999999999900 ) ) ;
#2495 = ORIENTED_EDGE ( 'NONE', *, *, #1156, .T. ) ;
#2496 = CARTESIAN_POINT ( 'NONE',  ( -2.254999999999999400, 8.170008333328704400, -3.530000000000000200 ) ) ;
#2497 = EDGE_CURVE ( 'NONE', #2056, #784, #1263, .T. ) ;
#2498 = ORIENTED_EDGE ( 'NONE', *, *, #2819, .F. ) ;
#2499 = DIRECTION ( 'NONE',  ( 1.000000000000000000, -0.0000000000000000000, -0.0000000000000000000 ) ) ;
#2500 = EDGE_CURVE ( 'NONE', #495, #1689, #3041, .T. ) ;
#2501 = VERTEX_POINT ( 'NONE', #328 ) ;
#2502 = DIRECTION ( 'NONE',  ( -1.000000000000000000, -0.0000000000000000000, 0.0000000000000000000 ) ) ;
#2503 = DIRECTION ( 'NONE',  ( -1.000000000000000000, -0.0000000000000000000, -0.0000000000000000000 ) ) ;
#2504 = CARTESIAN_POINT ( 'NONE',  ( -2.665000000000000500, 1.544999999999999900, 2.214999999999999400 ) ) ;
#2505 = CYLINDRICAL_SURFACE ( 'NONE', #171, 0.2000000000000031200 ) ;
#2506 = ORIENTED_EDGE ( 'NONE', *, *, #794, .T. ) ;
#2507 = CARTESIAN_POINT ( 'NONE',  ( -2.665000000000000500, 1.014999999999999900, 3.044999999999999500 ) ) ;
#2508 = DIRECTION ( 'NONE',  ( -0.06975647374412179100, -0.9975640502598245300, -0.0000000000000000000 ) ) ;
#2509 = ORIENTED_EDGE ( 'NONE', *, *, #2943, .F. ) ;
#2510 = LINE ( 'NONE', #2900, #1060 ) ;
#2511 = DIRECTION ( 'NONE',  ( 0.0000000000000000000, -1.000000000000000000, 0.0000000000000000000 ) ) ;
#2512 = COLOUR_RGB ( '',0.2509803921568627400, 0.2509803921568627400, 0.2509803921568627400 ) ;
#2513 = ORIENTED_EDGE ( 'NONE', *, *, #91, .T. ) ;
#2514 = ORIENTED_EDGE ( 'NONE', *, *, #1201, .F. ) ;
#2515 = VECTOR ( 'NONE', #1897, 1000.000000000000000 ) ;
#2516 = CARTESIAN_POINT ( 'NONE',  ( 3.091686629544046800, 2.549999999999999800, 2.214999999999999400 ) ) ;
#2517 = EDGE_CURVE ( 'NONE', #560, #2599, #493, .T. ) ;
#2518 = VECTOR ( 'NONE', #2579, 1000.000000000000000 ) ;
#2519 = DIRECTION ( 'NONE',  ( 0.0000000000000000000, 0.0000000000000000000, 1.000000000000000000 ) ) ;
#2520 = LINE ( 'NONE', #2516, #2976 ) ;
#2521 = FACE_OUTER_BOUND ( 'NONE', #2709, .T. ) ;
#2522 = CARTESIAN_POINT ( 'NONE',  ( 2.429999999999999700, 0.0000000000000000000, -3.129999999999999900 ) ) ;
#2523 = FACE_OUTER_BOUND ( 'NONE', #373, .T. ) ;
#2524 = FILL_AREA_STYLE_COLOUR ( '', #882 ) ;
#2525 = EDGE_LOOP ( 'NONE', ( #2699, #158, #227, #1009 ) ) ;
#2526 = DIRECTION ( 'NONE',  ( 1.000000000000000000, -0.0000000000000000000, 1.084202172485504000E-015 ) ) ;
#2527 = PRESENTATION_LAYER_ASSIGNMENT (  '', '', ( #1127 ) ) ;
#2528 = DIRECTION ( 'NONE',  ( 1.000000000000000000, 0.0000000000000000000, 0.0000000000000000000 ) ) ;
#2529 = CARTESIAN_POINT ( 'NONE',  ( -2.605000000000000000, 0.0000000000000000000, -3.530000000000000200 ) ) ;
#2530 = AXIS2_PLACEMENT_3D ( 'NONE', #2474, #2230, #1567 ) ;
#2531 = UNCERTAINTY_MEASURE_WITH_UNIT (LENGTH_MEASURE( 1.000000000000000100E-005 ), #2951, 'distance_accuracy_value', 'NONE');
#2532 = EDGE_LOOP ( 'NONE', ( #215, #2653, #394, #1041 ) ) ;
#2533 = EDGE_CURVE ( 'NONE', #784, #1620, #718, .T. ) ;
#2534 =( LENGTH_UNIT ( ) NAMED_UNIT ( * ) SI_UNIT ( .MILLI., .METRE. ) );
#2535 = VECTOR ( 'NONE', #2472, 1000.000000000000000 ) ;
#2536 = ORIENTED_EDGE ( 'NONE', *, *, #30, .T. ) ;
#2537 = VECTOR ( 'NONE', #1892, 1000.000000000000000 ) ;
#2538 = DIRECTION ( 'NONE',  ( 0.0000000000000000000, 0.0000000000000000000, -1.000000000000000000 ) ) ;
#2539 = AXIS2_PLACEMENT_3D ( 'NONE', #2674, #1486, #799 ) ;
#2540 = ORIENTED_EDGE ( 'NONE', *, *, #1630, .F. ) ;
#2541 = EDGE_LOOP ( 'NONE', ( #1871, #2576, #39, #2309 ) ) ;
#2542 = VECTOR ( 'NONE', #1879, 1000.000000000000000 ) ;
#2543 = ORIENTED_EDGE ( 'NONE', *, *, #1201, .T. ) ;
#2544 = CARTESIAN_POINT ( 'NONE',  ( -2.605000000000000000, 8.170008333328704400, -4.955000000000000100 ) ) ;
#2545 = STYLED_ITEM ( 'NONE', ( #185 ), #2413 ) ;
#2546 =( NAMED_UNIT ( * ) SI_UNIT ( $, .STERADIAN. ) SOLID_ANGLE_UNIT ( ) );
#2547 = ORIENTED_EDGE ( 'NONE', *, *, #2452, .F. ) ;
#2548 = DIRECTION ( 'NONE',  ( 0.0000000000000000000, 0.0000000000000000000, -1.000000000000000000 ) ) ;
#2549 = ORIENTED_EDGE ( 'NONE', *, *, #2798, .T. ) ;
#2550 = VECTOR ( 'NONE', #1894, 1000.000000000000000 ) ;
#2551 = DIRECTION ( 'NONE',  ( 0.0000000000000000000, -1.000000000000000000, 0.0000000000000000000 ) ) ;
#2552 = CARTESIAN_POINT ( 'NONE',  ( -3.270000000000001400, 0.8800000000000000000, -3.880000000000000800 ) ) ;
#2553 = EDGE_CURVE ( 'NONE', #633, #1206, #2847, .T. ) ;
#2554 = CARTESIAN_POINT ( 'NONE',  ( -1.905000000000000000, 0.0000000000000000000, -4.554999999999999700 ) ) ;
#2555 = CARTESIAN_POINT ( 'NONE',  ( -1.905000000000000200, -0.1700000000000065100, 3.974999999999999200 ) ) ;
#2556 = EDGE_CURVE ( 'NONE', #2159, #500, #1747, .T. ) ;
#2557 = ORIENTED_EDGE ( 'NONE', *, *, #1553, .T. ) ;
#2558 = VECTOR ( 'NONE', #2457, 1000.000000000000000 ) ;
#2559 = PLANE ( 'NONE',  #2406 ) ;
#2560 = ORIENTED_EDGE ( 'NONE', *, *, #838, .T. ) ;
#2561 = SURFACE_STYLE_USAGE ( .BOTH. , #1192 ) ;
#2562 = CARTESIAN_POINT ( 'NONE',  ( 2.665000000000000000, 0.5599999999999977200, 3.774999999999993700 ) ) ;
#2563 = FILL_AREA_STYLE ('',( #1199 ) ) ;
#2564 = SURFACE_SIDE_STYLE ('',( #344 ) ) ;
#2565 = EDGE_CURVE ( 'NONE', #2928, #1037, #821, .T. ) ;
#2566 = ORIENTED_EDGE ( 'NONE', *, *, #2654, .T. ) ;
#2567 = PLANE ( 'NONE',  #2774 ) ;
#2568 = DIRECTION ( 'NONE',  ( 0.0000000000000000000, -1.000000000000000000, -2.040851148207957100E-014 ) ) ;
#2569 = ORIENTED_EDGE ( 'NONE', *, *, #1667, .T. ) ;
#2570 = LINE ( 'NONE', #975, #440 ) ;
#2571 = CARTESIAN_POINT ( 'NONE',  ( -2.254999999999999900, 0.6700000000000000400, -3.129999999999999900 ) ) ;
#2572 = EDGE_LOOP ( 'NONE', ( #2536, #2889, #2048, #317 ) ) ;
#2573 = VECTOR ( 'NONE', #3060, 1000.000000000000000 ) ;
#2574 = VECTOR ( 'NONE', #1790, 1000.000000000000000 ) ;
#2575 = CARTESIAN_POINT ( 'NONE',  ( 0.0000000000000000000, 0.6700000000000000400, 0.0000000000000000000 ) ) ;
#2576 = ORIENTED_EDGE ( 'NONE', *, *, #579, .T. ) ;
#2577 = LINE ( 'NONE', #2412, #1514 ) ;
#2578 = DIRECTION ( 'NONE',  ( 1.000000000000000000, 0.0000000000000000000, -0.0000000000000000000 ) ) ;
#2579 = DIRECTION ( 'NONE',  ( 1.000000000000000000, 0.0000000000000000000, -0.0000000000000000000 ) ) ;
#2580 = ORIENTED_EDGE ( 'NONE', *, *, #1033, .F. ) ;
#2581 = VECTOR ( 'NONE', #1475, 1000.000000000000000 ) ;
#2582 =( NAMED_UNIT ( * ) PLANE_ANGLE_UNIT ( ) SI_UNIT ( $, .RADIAN. ) );
#2583 =( LENGTH_UNIT ( ) NAMED_UNIT ( * ) SI_UNIT ( .MILLI., .METRE. ) );
#2584 = VECTOR ( 'NONE', #2728, 1000.000000000000000 ) ;
#2585 =( GEOMETRIC_REPRESENTATION_CONTEXT ( 3 ) GLOBAL_UNCERTAINTY_ASSIGNED_CONTEXT ( ( #1855 ) ) GLOBAL_UNIT_ASSIGNED_CONTEXT ( ( #1884, #2102, #1417 ) ) REPRESENTATION_CONTEXT ( 'NONE', 'WORKASPACE' ) );
#2586 = VERTEX_POINT ( 'NONE', #822 ) ;
#2587 = FILL_AREA_STYLE_COLOUR ( '', #2610 ) ;
#2588 = CIRCLE ( 'NONE', #356, 0.2499999999999997800 ) ;
#2589 = AXIS2_PLACEMENT_3D ( 'NONE', #1081, #370, #602 ) ;
#2590 = ORIENTED_EDGE ( 'NONE', *, *, #2687, .T. ) ;
#2591 = DIRECTION ( 'NONE',  ( 0.0000000000000000000, 0.0000000000000000000, 1.000000000000000000 ) ) ;
#2592 = SURFACE_STYLE_FILL_AREA ( #1610 ) ;
#2593 = CARTESIAN_POINT ( 'NONE',  ( 2.254999999999999400, 0.6700000000000000400, -3.530000000000000200 ) ) ;
#2594 = CARTESIAN_POINT ( 'NONE',  ( -2.429999999999999300, 0.6700000000000000400, 0.4399999999999993900 ) ) ;
#2595 = DIRECTION ( 'NONE',  ( -1.000000000000000000, 0.0000000000000000000, -1.214792350123814900E-016 ) ) ;
#2596 = EDGE_CURVE ( 'NONE', #2838, #1596, #2071, .T. ) ;
#2597 = LINE ( 'NONE', #104, #93 ) ;
#2598 = PLANE ( 'NONE',  #1014 ) ;
#2599 = VERTEX_POINT ( 'NONE', #1077 ) ;
#2600 =( LENGTH_UNIT ( ) NAMED_UNIT ( * ) SI_UNIT ( .MILLI., .METRE. ) );
#2601 = LINE ( 'NONE', #242, #737 ) ;
#2602 = DIRECTION ( 'NONE',  ( 0.0000000000000000000, 0.0000000000000000000, 1.000000000000000000 ) ) ;
#2603 = CARTESIAN_POINT ( 'NONE',  ( 2.665000000000000000, 0.3600000000000003800, 4.955000000000000100 ) ) ;
#2604 = UNCERTAINTY_MEASURE_WITH_UNIT (LENGTH_MEASURE( 1.000000000000000100E-005 ), #2583, 'distance_accuracy_value', 'NONE');
#2605 = DIRECTION ( 'NONE',  ( -1.000000000000000000, -0.0000000000000000000, -0.0000000000000000000 ) ) ;
#2606 = ORIENTED_EDGE ( 'NONE', *, *, #659, .F. ) ;
#2607 = COLOUR_RGB ( '',0.2509803921568627400, 0.2509803921568627400, 0.2509803921568627400 ) ;
#2608 = ORIENTED_EDGE ( 'NONE', *, *, #243, .F. ) ;
#2609 = EDGE_CURVE ( 'NONE', #3052, #2325, #2846, .T. ) ;
#2610 = COLOUR_RGB ( '',0.2509803921568627400, 0.2509803921568627400, 0.2509803921568627400 ) ;
#2611 = CARTESIAN_POINT ( 'NONE',  ( 0.3800000000000000000, 1.014999999999999900, 3.044999999999999500 ) ) ;
#2612 = ORIENTED_EDGE ( 'NONE', *, *, #1409, .T. ) ;
#2613 = LINE ( 'NONE', #1320, #2537 ) ;
#2614 = ORIENTED_EDGE ( 'NONE', *, *, #2348, .F. ) ;
#2615 = ORIENTED_EDGE ( 'NONE', *, *, #2240, .T. ) ;
#2616 = LINE ( 'NONE', #2784, #1369 ) ;
#2617 = ADVANCED_FACE ( 'NONE', ( #111 ), #2257, .T. ) ;
#2618 = LINE ( 'NONE', #294, #1265 ) ;
#2619 = CARTESIAN_POINT ( 'NONE',  ( -3.091686629544049500, 2.549999999999999800, 0.0000000000000000000 ) ) ;
#2620 = ORIENTED_EDGE ( 'NONE', *, *, #1928, .T. ) ;
#2621 = ADVANCED_FACE ( 'NONE', ( #447 ), #1893, .T. ) ;
#2622 = DIRECTION ( 'NONE',  ( 0.0000000000000000000, -1.000000000000000000, 0.0000000000000000000 ) ) ;
#2623 = STYLED_ITEM ( 'NONE', ( #203 ), #1888 ) ;
#2624 = ORIENTED_EDGE ( 'NONE', *, *, #2127, .F. ) ;
#2626 = VERTEX_POINT ( 'NONE', #2522 ) ;
#2625 = CARTESIAN_POINT ( 'NONE',  ( -2.429999999999999700, 0.6700000000000000400, -3.129999999999999900 ) ) ;
#2627 = PRESENTATION_LAYER_ASSIGNMENT (  '', '', ( #904 ) ) ;
#2628 = CARTESIAN_POINT ( 'NONE',  ( -1.905000000000000200, 0.5599999999999977200, 3.774999999999993700 ) ) ;
#2629 = VERTEX_POINT ( 'NONE', #1915 ) ;
#2630 = EDGE_CURVE ( 'NONE', #287, #2966, #152, .T. ) ;
#2631 = CARTESIAN_POINT ( 'NONE',  ( 2.254999999999999900, 0.6700000000000000400, -3.129999999999999900 ) ) ;
#2632 = PLANE ( 'NONE',  #2024 ) ;
#2633 = VECTOR ( 'NONE', #1273, 1000.000000000000000 ) ;
#2634 = ADVANCED_FACE ( 'NONE', ( #527 ), #115, .T. ) ;
#2635 = CARTESIAN_POINT ( 'NONE',  ( 2.665000000000000000, 0.3599999999999934400, 3.974999999999996100 ) ) ;
#2636 = PRESENTATION_STYLE_ASSIGNMENT (( #26 ) ) ;
#2637 = CARTESIAN_POINT ( 'NONE',  ( -3.270000000000001400, 1.544999999999999900, 2.214999999999999400 ) ) ;
#2638 = ADVANCED_FACE ( 'NONE', ( #1702 ), #2233, .F. ) ;
#2639 = CARTESIAN_POINT ( 'NONE',  ( 1.049999999999999800, 0.0000000000000000000, -3.530000000000000200 ) ) ;
#2640 =( GEOMETRIC_REPRESENTATION_CONTEXT ( 3 ) GLOBAL_UNCERTAINTY_ASSIGNED_CONTEXT ( ( #1451 ) ) GLOBAL_UNIT_ASSIGNED_CONTEXT ( ( #2490, #2990, #438 ) ) REPRESENTATION_CONTEXT ( 'NONE', 'WORKASPACE' ) );
#2641 = PRESENTATION_STYLE_ASSIGNMENT (( #1147 ) ) ;
#2642 = DIRECTION ( 'NONE',  ( 0.0000000000000000000, -7.274111514379755700E-015, -1.000000000000000000 ) ) ;
#2643 = PRESENTATION_LAYER_ASSIGNMENT (  '', '', ( #901 ) ) ;
#2644 = DIRECTION ( 'NONE',  ( 0.0000000000000000000, -1.000000000000000000, -2.210922077225458000E-014 ) ) ;
#2645 = ORIENTED_EDGE ( 'NONE', *, *, #400, .T. ) ;
#2646 = UNCERTAINTY_MEASURE_WITH_UNIT (LENGTH_MEASURE( 1.000000000000000100E-005 ), #1061, 'distance_accuracy_value', 'NONE');
#2647 = PRESENTATION_LAYER_ASSIGNMENT (  '', '', ( #126 ) ) ;
#2648 = VECTOR ( 'NONE', #908, 1000.000000000000000 ) ;
#2649 = DIRECTION ( 'NONE',  ( 0.0000000000000000000, 0.0000000000000000000, 1.000000000000000000 ) ) ;
#2650 = VECTOR ( 'NONE', #3013, 1000.000000000000000 ) ;
#2651 = ADVANCED_FACE ( 'NONE', ( #281 ), #661, .T. ) ;
#2652 = FACE_OUTER_BOUND ( 'NONE', #1594, .T. ) ;
#2653 = ORIENTED_EDGE ( 'NONE', *, *, #832, .F. ) ;
#2654 = EDGE_CURVE ( 'NONE', #1874, #2473, #1294, .T. ) ;
#2655 = DIRECTION ( 'NONE',  ( 1.000000000000000000, 0.0000000000000000000, 0.0000000000000000000 ) ) ;
#2656 = ADVANCED_FACE ( 'NONE', ( #1281 ), #1899, .F. ) ;
#2657 = EDGE_CURVE ( 'NONE', #1556, #419, #1868, .T. ) ;
#2658 = ORIENTED_EDGE ( 'NONE', *, *, #520, .T. ) ;
#2659 = DIRECTION ( 'NONE',  ( -0.0000000000000000000, 1.000000000000000000, 0.0000000000000000000 ) ) ;
#2660 = SURFACE_STYLE_FILL_AREA ( #2964 ) ;
#2661 = LINE ( 'NONE', #1921, #934 ) ;
#2662 = CARTESIAN_POINT ( 'NONE',  ( -3.270000000000001400, 0.0000000000000000000, -3.880000000000000300 ) ) ;
#2663 = ORIENTED_EDGE ( 'NONE', *, *, #2787, .F. ) ;
#2664 = ORIENTED_EDGE ( 'NONE', *, *, #1267, .T. ) ;
#2665 = VECTOR ( 'NONE', #3023, 1000.000000000000000 ) ;
#2666 = EDGE_CURVE ( 'NONE', #2210, #2681, #1574, .T. ) ;
#2667 = VERTEX_POINT ( 'NONE', #1662 ) ;
#2668 = VECTOR ( 'NONE', #2289, 1000.000000000000000 ) ;
#2669 = FACE_OUTER_BOUND ( 'NONE', #437, .T. ) ;
#2670 = DIRECTION ( 'NONE',  ( 1.000000000000000000, 0.0000000000000000000, 0.0000000000000000000 ) ) ;
#2671 = ADVANCED_FACE ( 'NONE', ( #623 ), #335, .T. ) ;
#2672 = AXIS2_PLACEMENT_3D ( 'NONE', #2225, #610, #2236 ) ;
#2673 = VECTOR ( 'NONE', #1308, 1000.000000000000000 ) ;
#2674 = CARTESIAN_POINT ( 'NONE',  ( 2.254999999999999400, 8.170008333328704400, -3.530000000000000200 ) ) ;
#2675 = SURFACE_STYLE_USAGE ( .BOTH. , #1285 ) ;
#2676 = EDGE_LOOP ( 'NONE', ( #1481, #2691, #2285, #2992 ) ) ;
#2677 = LINE ( 'NONE', #1529, #1987 ) ;
#2678 = EDGE_CURVE ( 'NONE', #1786, #944, #548, .T. ) ;
#2679 = ORIENTED_EDGE ( 'NONE', *, *, #473, .F. ) ;
#2680 = CARTESIAN_POINT ( 'NONE',  ( -3.270000000000001400, 0.0000000000000000000, 2.214999999999999400 ) ) ;
#2681 = VERTEX_POINT ( 'NONE', #2662 ) ;
#2682 = DIRECTION ( 'NONE',  ( 0.0000000000000000000, 0.0000000000000000000, -1.000000000000000000 ) ) ;
#2683 = EDGE_CURVE ( 'NONE', #350, #560, #1170, .T. ) ;
#2684 = CARTESIAN_POINT ( 'NONE',  ( -2.429999999999999700, 0.6700000000000000400, -3.129999999999999900 ) ) ;
#2685 = DIRECTION ( 'NONE',  ( 0.0000000000000000000, -7.274111514379755700E-015, -1.000000000000000000 ) ) ;
#2686 = DIRECTION ( 'NONE',  ( -0.0000000000000000000, -1.000000000000000000, -0.0000000000000000000 ) ) ;
#2687 = EDGE_CURVE ( 'NONE', #9, #896, #897, .T. ) ;
#2688 = LINE ( 'NONE', #1091, #1214 ) ;
#2689 = STYLED_ITEM ( 'NONE', ( #1254 ), #1446 ) ;
#2690 = PLANE ( 'NONE',  #506 ) ;
#2691 = ORIENTED_EDGE ( 'NONE', *, *, #2777, .F. ) ;
#2692 = LINE ( 'NONE', #398, #2274 ) ;
#2693 = VERTEX_POINT ( 'NONE', #1027 ) ;
#2694 = DIRECTION ( 'NONE',  ( 0.0000000000000000000, 0.0000000000000000000, 1.000000000000000000 ) ) ;
#2695 = VERTEX_POINT ( 'NONE', #573 ) ;
#2696 = COLOUR_RGB ( '',0.2509803921568627400, 0.2509803921568627400, 0.2509803921568627400 ) ;
#2697 = VERTEX_POINT ( 'NONE', #1271 ) ;
#2698 = FACE_OUTER_BOUND ( 'NONE', #2525, .T. ) ;
#2699 = ORIENTED_EDGE ( 'NONE', *, *, #694, .F. ) ;
#2700 = SURFACE_STYLE_FILL_AREA ( #3033 ) ;
#2702 = EDGE_LOOP ( 'NONE', ( #1959, #2996, #123, #1955 ) ) ;
#2701 = DIRECTION ( 'NONE',  ( 1.000000000000000000, -0.0000000000000000000, -0.0000000000000000000 ) ) ;
#2703 =( NAMED_UNIT ( * ) PLANE_ANGLE_UNIT ( ) SI_UNIT ( $, .RADIAN. ) );
#2704 = CIRCLE ( 'NONE', #2831, 0.2000000000000000900 ) ;
#2705 = AXIS2_PLACEMENT_3D ( 'NONE', #2226, #2222, #1053 ) ;
#2706 = ORIENTED_EDGE ( 'NONE', *, *, #2553, .F. ) ;
#2707 = DIRECTION ( 'NONE',  ( 0.0000000000000000000, 7.274111514379755700E-015, 1.000000000000000000 ) ) ;
#2708 = FILL_AREA_STYLE_COLOUR ( '', #1474 ) ;
#2709 = EDGE_LOOP ( 'NONE', ( #574, #1724, #2096, #1259 ) ) ;
#2710 = PRESENTATION_LAYER_ASSIGNMENT (  '', '', ( #1485 ) ) ;
#2711 = VECTOR ( 'NONE', #3068, 1000.000000000000000 ) ;
#2712 = CARTESIAN_POINT ( 'NONE',  ( -2.254999999999999400, 0.6700000000000004800, -3.530000000000000200 ) ) ;
#2713 = LINE ( 'NONE', #1040, #3020 ) ;
#2714 = ADVANCED_FACE ( 'NONE', ( #1360 ), #363, .T. ) ;
#2715 = VERTEX_POINT ( 'NONE', #2200 ) ;
#2716 = FACE_OUTER_BOUND ( 'NONE', #2788, .T. ) ;
#2717 = FILL_AREA_STYLE ('',( #2054 ) ) ;
#2718 = EDGE_CURVE ( 'NONE', #2231, #2483, #2354, .T. ) ;
#2719 = EDGE_CURVE ( 'NONE', #107, #688, #1661, .T. ) ;
#2720 = DIRECTION ( 'NONE',  ( 1.000000000000000000, 0.0000000000000000000, 0.0000000000000000000 ) ) ;
#2721 = SURFACE_SIDE_STYLE ('',( #208 ) ) ;
#2722 = LINE ( 'NONE', #1169, #1246 ) ;
#2723 = ORIENTED_EDGE ( 'NONE', *, *, #91, .F. ) ;
#2724 = FACE_OUTER_BOUND ( 'NONE', #343, .T. ) ;
#2725 = CARTESIAN_POINT ( 'NONE',  ( 2.254999999999999400, 8.170008333328704400, -3.530000000000000200 ) ) ;
#2726 = DIRECTION ( 'NONE',  ( -1.000000000000000000, -0.0000000000000000000, -0.0000000000000000000 ) ) ;
#2727 = EDGE_LOOP ( 'NONE', ( #851, #1416, #1423, #1080 ) ) ;
#2728 = DIRECTION ( 'NONE',  ( -1.214792350123814900E-016, 0.0000000000000000000, 1.000000000000000000 ) ) ;
#2729 = UNCERTAINTY_MEASURE_WITH_UNIT (LENGTH_MEASURE( 1.000000000000000100E-005 ), #2080, 'distance_accuracy_value', 'NONE');
#2730 = PRESENTATION_LAYER_ASSIGNMENT (  '', '', ( #2950 ) ) ;
#2731 = SURFACE_STYLE_USAGE ( .BOTH. , #712 ) ;
#2732 = ORIENTED_EDGE ( 'NONE', *, *, #144, .T. ) ;
#2733 = EDGE_CURVE ( 'NONE', #1357, #2626, #2460, .T. ) ;
#2734 = DIRECTION ( 'NONE',  ( -0.0000000000000000000, -1.000000000000000000, -0.0000000000000000000 ) ) ;
#2735 = VERTEX_POINT ( 'NONE', #1804 ) ;
#2736 = VECTOR ( 'NONE', #850, 1000.000000000000000 ) ;
#2737 = CARTESIAN_POINT ( 'NONE',  ( -2.605000000000000000, 0.6700000000000004800, -4.955000000000000100 ) ) ;
#2738 = PLANE ( 'NONE',  #1795 ) ;
#2739 = EDGE_CURVE ( 'NONE', #1596, #1969, #1859, .T. ) ;
#2740 = ORIENTED_EDGE ( 'NONE', *, *, #2358, .T. ) ;
#2741 = DIRECTION ( 'NONE',  ( 0.0000000000000000000, 0.0000000000000000000, -1.000000000000000000 ) ) ;
#2742 = EDGE_LOOP ( 'NONE', ( #1189, #1800, #724, #816 ) ) ;
#2743 = CARTESIAN_POINT ( 'NONE',  ( 1.905000000000000000, 1.544999999999999900, 2.214999999999999400 ) ) ;
#2744 = LINE ( 'NONE', #2756, #1339 ) ;
#2745 = CARTESIAN_POINT ( 'NONE',  ( -2.665000000000000500, 0.5599999999999977200, 3.774999999999993700 ) ) ;
#2746 = ORIENTED_EDGE ( 'NONE', *, *, #2395, .T. ) ;
#2747 = EDGE_CURVE ( 'NONE', #1949, #2193, #3000, .T. ) ;
#2748 = VECTOR ( 'NONE', #143, 1000.000000000000000 ) ;
#2749 = FACE_OUTER_BOUND ( 'NONE', #1557, .T. ) ;
#2750 = FACE_OUTER_BOUND ( 'NONE', #2727, .T. ) ;
#2751 =( GEOMETRIC_REPRESENTATION_CONTEXT ( 3 ) GLOBAL_UNCERTAINTY_ASSIGNED_CONTEXT ( ( #1078 ) ) GLOBAL_UNIT_ASSIGNED_CONTEXT ( ( #2360, #52, #282 ) ) REPRESENTATION_CONTEXT ( 'NONE', 'WORKASPACE' ) );
#2752 = DIRECTION ( 'NONE',  ( 0.0000000000000000000, 1.000000000000000000, 2.040851148207957100E-014 ) ) ;
#2753 = PLANE ( 'NONE',  #168 ) ;
#2754 = DIRECTION ( 'NONE',  ( -0.0000000000000000000, -1.000000000000000000, -0.0000000000000000000 ) ) ;
#2755 = AXIS2_PLACEMENT_3D ( 'NONE', #1636, #2824, #1717 ) ;
#2756 = CARTESIAN_POINT ( 'NONE',  ( -0.3800000000000000000, 1.014999999999999900, 2.214999999999999400 ) ) ;
#2757 = ORIENTED_EDGE ( 'NONE', *, *, #3005, .F. ) ;
#2758 = VECTOR ( 'NONE', #346, 1000.000000000000000 ) ;
#2759 = VERTEX_POINT ( 'NONE', #133 ) ;
#2760 = MECHANICAL_DESIGN_GEOMETRIC_PRESENTATION_REPRESENTATION (  '', ( #2796 ), #337 ) ;
#2761 = EDGE_LOOP ( 'NONE', ( #1178, #1128, #1306, #915 ) ) ;
#2762 = DIRECTION ( 'NONE',  ( -0.0000000000000000000, -1.000000000000000000, -0.0000000000000000000 ) ) ;
#2763 = EDGE_LOOP ( 'NONE', ( #1587, #2421, #2509, #1599 ) ) ;
#2764 = CARTESIAN_POINT ( 'NONE',  ( 2.665000000000000000, 0.5599999999999933900, 3.974999999999999200 ) ) ;
#2765 = EDGE_CURVE ( 'NONE', #2217, #1684, #489, .T. ) ;
#2766 = DIRECTION ( 'NONE',  ( -1.000000000000000000, -0.0000000000000000000, 0.0000000000000000000 ) ) ;
#2767 = ORIENTED_EDGE ( 'NONE', *, *, #1243, .F. ) ;
#2768 = FACE_OUTER_BOUND ( 'NONE', #1730, .T. ) ;
#2769 = SURFACE_STYLE_FILL_AREA ( #2563 ) ;
#2770 = EDGE_CURVE ( 'NONE', #2928, #2175, #1025, .T. ) ;
#2771 = DIRECTION ( 'NONE',  ( -1.000000000000000000, -0.0000000000000000000, -0.0000000000000000000 ) ) ;
#2772 = FACE_OUTER_BOUND ( 'NONE', #459, .T. ) ;
#2773 = ORIENTED_EDGE ( 'NONE', *, *, #2835, .T. ) ;
#2774 = AXIS2_PLACEMENT_3D ( 'NONE', #1640, #2331, #113 ) ;
#2775 = DIRECTION ( 'NONE',  ( 0.0000000000000000000, 0.0000000000000000000, -1.000000000000000000 ) ) ;
#2776 = VECTOR ( 'NONE', #2578, 1000.000000000000000 ) ;
#2777 = EDGE_CURVE ( 'NONE', #272, #902, #1184, .T. ) ;
#2778 = EDGE_LOOP ( 'NONE', ( #1387, #3070, #1200, #585 ) ) ;
#2779 = VECTOR ( 'NONE', #549, 1000.000000000000000 ) ;
#2780 = VERTEX_POINT ( 'NONE', #2995 ) ;
#2781 = EDGE_CURVE ( 'NONE', #2175, #150, #710, .T. ) ;
#2782 = EDGE_CURVE ( 'NONE', #2735, #1244, #2692, .T. ) ;
#2783 = ORIENTED_EDGE ( 'NONE', *, *, #832, .T. ) ;
#2784 = CARTESIAN_POINT ( 'NONE',  ( 1.905000000000000000, 1.014999999999999900, 3.044999999999999500 ) ) ;
#2785 = DIRECTION ( 'NONE',  ( 0.0000000000000000000, 0.0000000000000000000, 1.000000000000000000 ) ) ;
#2786 = CIRCLE ( 'NONE', #1497, 0.2499999999999997800 ) ;
#2787 = EDGE_CURVE ( 'NONE', #896, #108, #232, .T. ) ;
#2788 = EDGE_LOOP ( 'NONE', ( #2624, #800, #1274, #1810, #919, #2663, #1911 ) ) ;
#2789 = CARTESIAN_POINT ( 'NONE',  ( 1.905000000000000000, -0.1699999999999994000, 4.955000000000003600 ) ) ;
#2790 = CARTESIAN_POINT ( 'NONE',  ( -2.665000000000000500, 0.8149999999999998400, 3.044999999999999500 ) ) ;
#2791 = CARTESIAN_POINT ( 'NONE',  ( 3.071796753620541500, 2.834438477469479500, 2.033781240079067100 ) ) ;
#2792 = AXIS2_PLACEMENT_3D ( 'NONE', #1386, #1075, #2411 ) ;
#2793 = SURFACE_STYLE_USAGE ( .BOTH. , #920 ) ;
#2794 = VERTEX_POINT ( 'NONE', #1866 ) ;
#2795 = PLANE ( 'NONE',  #2672 ) ;
#2796 = STYLED_ITEM ( 'NONE', ( #1100 ), #3006 ) ;
#2797 = DIRECTION ( 'NONE',  ( -0.0000000000000000000, 0.0000000000000000000, -1.000000000000000000 ) ) ;
#2798 = EDGE_CURVE ( 'NONE', #2013, #1914, #2037, .T. ) ;
#2799 = DIRECTION ( 'NONE',  ( 1.000000000000000000, 0.0000000000000000000, 0.0000000000000000000 ) ) ;
#2800 = VECTOR ( 'NONE', #2701, 1000.000000000000000 ) ;
#2801 = CARTESIAN_POINT ( 'NONE',  ( 2.429999999999999700, 0.0000000000000000000, -3.129999999999999900 ) ) ;
#2802 = CARTESIAN_POINT ( 'NONE',  ( -2.429999999999999300, 0.0000000000000000000, 0.4399999999999993900 ) ) ;
#2803 = PLANE ( 'NONE',  #465 ) ;
#2804 = ORIENTED_EDGE ( 'NONE', *, *, #1553, .F. ) ;
#2805 = LINE ( 'NONE', #2680, #2170 ) ;
#2806 = VERTEX_POINT ( 'NONE', #2801 ) ;
#2807 = DIRECTION ( 'NONE',  ( -1.000000000000000000, -0.0000000000000000000, -0.0000000000000000000 ) ) ;
#2808 = CARTESIAN_POINT ( 'NONE',  ( 1.904999999999999600, 0.6700000000000004800, -4.554999999999999700 ) ) ;
#2809 = AXIS2_PLACEMENT_3D ( 'NONE', #68, #1257, #556 ) ;
#2810 = ORIENTED_EDGE ( 'NONE', *, *, #2927, .F. ) ;
#2811 = CARTESIAN_POINT ( 'NONE',  ( 2.665000000000000000, 0.8149999999999998400, 3.044999999999999500 ) ) ;
#2812 = ORIENTED_EDGE ( 'NONE', *, *, #2879, .F. ) ;
#2813 = LINE ( 'NONE', #2802, #420 ) ;
#2814 = AXIS2_PLACEMENT_3D ( 'NONE', #2593, #936, #1165 ) ;
#2815 = DIRECTION ( 'NONE',  ( 0.0000000000000000000, 0.0000000000000000000, 1.000000000000000000 ) ) ;
#2816 = ORIENTED_EDGE ( 'NONE', *, *, #243, .T. ) ;
#2817 = VECTOR ( 'NONE', #2818, 1000.000000000000000 ) ;
#2818 = DIRECTION ( 'NONE',  ( -1.084202172485504000E-015, 0.0000000000000000000, 1.000000000000000000 ) ) ;
#2819 = EDGE_CURVE ( 'NONE', #2695, #2838, #2133, .T. ) ;
#2820 =( NAMED_UNIT ( * ) PLANE_ANGLE_UNIT ( ) SI_UNIT ( $, .RADIAN. ) );
#2821 = ORIENTED_EDGE ( 'NONE', *, *, #2830, .F. ) ;
#2822 = CYLINDRICAL_SURFACE ( 'NONE', #1418, 0.2000000000000000900 ) ;
#2823 = DIRECTION ( 'NONE',  ( -1.000000000000000000, -0.0000000000000000000, 0.0000000000000000000 ) ) ;
#2824 = DIRECTION ( 'NONE',  ( -0.0000000000000000000, 1.000000000000000000, -0.0000000000000000000 ) ) ;
#2825 = DIRECTION ( 'NONE',  ( -1.000000000000000000, 0.0000000000000000000, 0.0000000000000000000 ) ) ;
#2826 = VECTOR ( 'NONE', #2907, 1000.000000000000000 ) ;
#2827 = CARTESIAN_POINT ( 'NONE',  ( -3.270000000000001400, 0.0000000000000000000, -3.880000000000000300 ) ) ;
#2828 = AXIS2_PLACEMENT_3D ( 'NONE', #1344, #1582, #3009 ) ;
#2829 = SURFACE_STYLE_FILL_AREA ( #729 ) ;
#2830 = EDGE_CURVE ( 'NONE', #150, #2626, #595, .T. ) ;
#2831 = AXIS2_PLACEMENT_3D ( 'NONE', #1454, #1788, #1253 ) ;
#2832 = VERTEX_POINT ( 'NONE', #2281 ) ;
#2833 = ORIENTED_EDGE ( 'NONE', *, *, #2039, .T. ) ;
#2834 = FACE_OUTER_BOUND ( 'NONE', #1616, .T. ) ;
#2835 = EDGE_CURVE ( 'NONE', #9, #48, #1218, .T. ) ;
#2836 = CARTESIAN_POINT ( 'NONE',  ( 0.0000000000000000000, 0.0000000000000000000, 0.0000000000000000000 ) ) ;
#2837 = CARTESIAN_POINT ( 'NONE',  ( 2.665000000000000000, -0.1699999999999994000, 4.955000000000003600 ) ) ;
#2838 = VERTEX_POINT ( 'NONE', #1355 ) ;
#2839 = ADVANCED_FACE ( 'NONE', ( #2652 ), #2505, .F. ) ;
#2840 = VECTOR ( 'NONE', #899, 1000.000000000000000 ) ;
#2841 =( LENGTH_UNIT ( ) NAMED_UNIT ( * ) SI_UNIT ( .MILLI., .METRE. ) );
#2842 = CARTESIAN_POINT ( 'NONE',  ( 2.665000000000000000, -0.1699999999999994000, 4.955000000000003600 ) ) ;
#2843 = ADVANCED_FACE ( 'NONE', ( #2772 ), #1824, .F. ) ;
#2844 = ORIENTED_EDGE ( 'NONE', *, *, #53, .T. ) ;
#2845 = FACE_OUTER_BOUND ( 'NONE', #2855, .T. ) ;
#2846 = CIRCLE ( 'NONE', #668, 0.2000000000000000900 ) ;
#2847 = LINE ( 'NONE', #2201, #2142 ) ;
#2848 = CARTESIAN_POINT ( 'NONE',  ( 2.429999999999999300, 0.0000000000000000000, 0.4399999999999993900 ) ) ;
#2849 = ORIENTED_EDGE ( 'NONE', *, *, #578, .F. ) ;
#2851 = ORIENTED_EDGE ( 'NONE', *, *, #2553, .T. ) ;
#2850 = CARTESIAN_POINT ( 'NONE',  ( -2.605000000000000000, 0.0000000000000000000, -3.530000000000000200 ) ) ;
#2852 = LINE ( 'NONE', #1805, #351 ) ;
#2853 = STYLED_ITEM ( 'NONE', ( #3008 ), #1669 ) ;
#2854 = LINE ( 'NONE', #2938, #348 ) ;
#2855 = EDGE_LOOP ( 'NONE', ( #1534, #1191, #1347, #1113 ) ) ;
#2856 = PRESENTATION_STYLE_ASSIGNMENT (( #2388 ) ) ;
#2857 = ORIENTED_EDGE ( 'NONE', *, *, #2108, .F. ) ;
#2858 = CARTESIAN_POINT ( 'NONE',  ( -1.905000000000000200, 0.3599999999999934400, 3.974999999999996100 ) ) ;
#2859 = ORIENTED_EDGE ( 'NONE', *, *, #2431, .F. ) ;
#2860 = SURFACE_STYLE_USAGE ( .BOTH. , #971 ) ;
#2861 = COLOUR_RGB ( '',0.2509803921568627400, 0.2509803921568627400, 0.2509803921568627400 ) ;
#2862 = SURFACE_SIDE_STYLE ('',( #1 ) ) ;
#2863 = DIRECTION ( 'NONE',  ( 0.0000000000000000000, -1.000000000000000000, 6.546126324440784800E-015 ) ) ;
#2864 = DIRECTION ( 'NONE',  ( 0.0000000000000000000, 1.000000000000000000, 0.0000000000000000000 ) ) ;
#2865 = ADVANCED_FACE ( 'NONE', ( #889 ), #409, .F. ) ;
#2866 = AXIS2_PLACEMENT_3D ( 'NONE', #3030, #2288, #875 ) ;
#2867 = DIRECTION ( 'NONE',  ( 0.0000000000000000000, -1.000000000000000000, 0.0000000000000000000 ) ) ;
#2868 = SURFACE_STYLE_USAGE ( .BOTH. , #2862 ) ;
#2869 = CARTESIAN_POINT ( 'NONE',  ( 2.254999999999999400, 0.6700000000000000400, -3.530000000000000200 ) ) ;
#2870 = VECTOR ( 'NONE', #2762, 1000.000000000000000 ) ;
#2871 = EDGE_LOOP ( 'NONE', ( #2414, #709, #244, #863 ) ) ;
#2872 = VECTOR ( 'NONE', #2312, 1000.000000000000000 ) ;
#2873 = MECHANICAL_DESIGN_GEOMETRIC_PRESENTATION_REPRESENTATION (  '', ( #901 ), #2138 ) ;
#2874 = EDGE_LOOP ( 'NONE', ( #2466, #1163, #2658, #2063 ) ) ;
#2875 = VECTOR ( 'NONE', #507, 1000.000000000000000 ) ;
#2876 = FACE_OUTER_BOUND ( 'NONE', #2010, .T. ) ;
#2877 = ORIENTED_EDGE ( 'NONE', *, *, #1954, .T. ) ;
#2878 = ORIENTED_EDGE ( 'NONE', *, *, #782, .F. ) ;
#2879 = EDGE_CURVE ( 'NONE', #2832, #651, #415, .T. ) ;
#2880 = PLANE ( 'NONE',  #4 ) ;
#2881 = CARTESIAN_POINT ( 'NONE',  ( 1.050000000000000000, 0.0000000000000000000, -3.779999999999999800 ) ) ;
#2882 = CARTESIAN_POINT ( 'NONE',  ( -2.429999999999999700, 8.170008333328704400, -3.129999999999999900 ) ) ;
#2883 = VERTEX_POINT ( 'NONE', #264 ) ;
#2884 = UNCERTAINTY_MEASURE_WITH_UNIT (LENGTH_MEASURE( 1.000000000000000100E-005 ), #557, 'distance_accuracy_value', 'NONE');
#2885 = CIRCLE ( 'NONE', #726, 0.2499999999999997800 ) ;
#2886 = DIRECTION ( 'NONE',  ( -1.000000000000000000, 0.0000000000000000000, -0.0000000000000000000 ) ) ;
#2887 = EDGE_CURVE ( 'NONE', #1556, #1223, #1900, .T. ) ;
#2888 = SURFACE_STYLE_USAGE ( .BOTH. , #2405 ) ;
#2889 = ORIENTED_EDGE ( 'NONE', *, *, #14, .F. ) ;
#2890 = VERTEX_POINT ( 'NONE', #245 ) ;
#2891 = VERTEX_POINT ( 'NONE', #717 ) ;
#2892 = CARTESIAN_POINT ( 'NONE',  ( -2.429999999999999700, 0.6700000000000004800, -3.129999999999999900 ) ) ;
#2893 = PRESENTATION_LAYER_ASSIGNMENT (  '', '', ( #1570 ) ) ;
#2894 = ORIENTED_EDGE ( 'NONE', *, *, #2556, .T. ) ;
#2895 = EDGE_CURVE ( 'NONE', #902, #2377, #1742, .T. ) ;
#2896 = PRESENTATION_STYLE_ASSIGNMENT (( #2454 ) ) ;
#2897 = CARTESIAN_POINT ( 'NONE',  ( 2.254999999999999900, 0.0000000000000000000, -3.129999999999999900 ) ) ;
#2898 = DIRECTION ( 'NONE',  ( 0.0000000000000000000, -0.1391731009600585500, -0.9902680687415712500 ) ) ;
#2899 = ADVANCED_FACE ( 'NONE', ( #1595 ), #2559, .F. ) ;
#2900 = CARTESIAN_POINT ( 'NONE',  ( -3.115000322648946400, 2.216598655695446700, 2.383873678048700700 ) ) ;
#2901 = DIRECTION ( 'NONE',  ( 1.000000000000000000, 0.0000000000000000000, 0.0000000000000000000 ) ) ;
#2902 = CARTESIAN_POINT ( 'NONE',  ( 2.665000000000000000, 1.544999999999999900, 3.044999999999999500 ) ) ;
#2903 = ORIENTED_EDGE ( 'NONE', *, *, #1342, .F. ) ;
#2904 = DIRECTION ( 'NONE',  ( 0.06975647374412179100, -0.9975640502598245300, -0.0000000000000000000 ) ) ;
#2905 = CARTESIAN_POINT ( 'NONE',  ( 1.049999999999999800, 0.6700000000000004800, -3.530000000000000200 ) ) ;
#2906 = ORIENTED_EDGE ( 'NONE', *, *, #2286, .F. ) ;
#2907 = DIRECTION ( 'NONE',  ( -1.000000000000000000, -0.0000000000000000000, -0.0000000000000000000 ) ) ;
#2908 = CARTESIAN_POINT ( 'NONE',  ( -1.905000000000000200, 0.3599999999999934400, 3.974999999999996100 ) ) ;
#2909 = ORIENTED_EDGE ( 'NONE', *, *, #1673, .F. ) ;
#2910 = DIRECTION ( 'NONE',  ( -1.000000000000000000, -0.0000000000000000000, -0.0000000000000000000 ) ) ;
#2911 = AXIS2_PLACEMENT_3D ( 'NONE', #2494, #1082, #167 ) ;
#2912 = LINE ( 'NONE', #117, #852 ) ;
#2913 = DIRECTION ( 'NONE',  ( 0.0000000000000000000, 1.000000000000000000, 0.0000000000000000000 ) ) ;
#2914 = CARTESIAN_POINT ( 'NONE',  ( -2.429999999999999700, 0.6700000000000004800, -3.129999999999999900 ) ) ;
#2915 = CIRCLE ( 'NONE', #960, 0.3499999999999999800 ) ;
#2916 = CARTESIAN_POINT ( 'NONE',  ( 2.254999999999999900, 8.170008333328704400, -3.129999999999999900 ) ) ;
#2917 = AXIS2_PLACEMENT_3D ( 'NONE', #2575, #716, #1185 ) ;
#2918 = ORIENTED_EDGE ( 'NONE', *, *, #1463, .F. ) ;
#2920 = DIRECTION ( 'NONE',  ( -1.000000000000000000, 0.0000000000000000000, -0.0000000000000000000 ) ) ;
#2919 = SURFACE_SIDE_STYLE ('',( #1690 ) ) ;
#2921 = COLOUR_RGB ( '',0.2509803921568627400, 0.2509803921568627400, 0.2509803921568627400 ) ;
#2922 = FACE_OUTER_BOUND ( 'NONE', #114, .T. ) ;
#2923 = CLOSED_SHELL ( 'NONE', ( #1740, #2189, #536, #124, #1681, #1426, #1888, #2413, #2449, #979, #1669, #62, #2380, #141, #2334, #2634, #2714, #2371, #1722, #2651, #257, #962, #2932, #2621, #2617, #522, #1446, #613 ) ) ;
#2924 = SURFACE_STYLE_USAGE ( .BOTH. , #1268 ) ;
#2925 = CARTESIAN_POINT ( 'NONE',  ( 2.665000000000000000, 1.014999999999999900, 2.214999999999999400 ) ) ;
#2926 = EDGE_CURVE ( 'NONE', #108, #142, #1779, .T. ) ;
#2927 = EDGE_CURVE ( 'NONE', #364, #1786, #638, .T. ) ;
#2928 = VERTEX_POINT ( 'NONE', #2594 ) ;
#2929 = LINE ( 'NONE', #2239, #2736 ) ;
#2930 = CARTESIAN_POINT ( 'NONE',  ( -2.605000000000000000, 0.0000000000000000000, -4.955000000000000100 ) ) ;
#2931 = ORIENTED_EDGE ( 'NONE', *, *, #782, .T. ) ;
#2932 = ADVANCED_FACE ( 'NONE', ( #2922 ), #1129, .T. ) ;
#2933 = ORIENTED_EDGE ( 'NONE', *, *, #2101, .T. ) ;
#2934 = COLOUR_RGB ( '',0.2509803921568627400, 0.2509803921568627400, 0.2509803921568627400 ) ;
#2935 = VERTEX_POINT ( 'NONE', #2848 ) ;
#2936 = DIRECTION ( 'NONE',  ( 0.0000000000000000000, 0.0000000000000000000, 1.000000000000000000 ) ) ;
#2937 = ORIENTED_EDGE ( 'NONE', *, *, #942, .F. ) ;
#2938 = CARTESIAN_POINT ( 'NONE',  ( 2.665000000000000000, 0.3600000000000003800, 4.955000000000000100 ) ) ;
#2939 = PRESENTATION_LAYER_ASSIGNMENT (  '', '', ( #820 ) ) ;
#2940 = DIRECTION ( 'NONE',  ( -1.000000000000000000, -0.0000000000000000000, -0.0000000000000000000 ) ) ;
#2941 = ORIENTED_EDGE ( 'NONE', *, *, #2830, .T. ) ;
#2942 = CARTESIAN_POINT ( 'NONE',  ( -3.091686629544049500, 2.549999999999999800, -3.645296806047018100 ) ) ;
#2943 = EDGE_CURVE ( 'NONE', #2339, #1468, #2202, .T. ) ;
#2944 = EDGE_CURVE ( 'NONE', #654, #2501, #2095, .T. ) ;
#2945 = FACE_OUTER_BOUND ( 'NONE', #2267, .T. ) ;
#2946 = ADVANCED_FACE ( 'NONE', ( #1622 ), #569, .F. ) ;
#2947 = VERTEX_POINT ( 'NONE', #90 ) ;
#2948 = EDGE_CURVE ( 'NONE', #210, #2947, #2235, .T. ) ;
#2949 = DIRECTION ( 'NONE',  ( 0.0000000000000000000, 0.0000000000000000000, 1.000000000000000000 ) ) ;
#2950 = STYLED_ITEM ( 'NONE', ( #1210 ), #2189 ) ;
#2951 =( LENGTH_UNIT ( ) NAMED_UNIT ( * ) SI_UNIT ( .MILLI., .METRE. ) );
#2952 = EDGE_CURVE ( 'NONE', #1172, #2883, #69, .T. ) ;
#2953 = COLOUR_RGB ( '',0.7921568627450980000, 0.8196078431372548800, 0.9333333333333333500 ) ;
#2954 = SURFACE_STYLE_FILL_AREA ( #40 ) ;
#2955 = ORIENTED_EDGE ( 'NONE', *, *, #885, .T. ) ;
#2956 = AXIS2_PLACEMENT_3D ( 'NONE', #458, #1162, #2591 ) ;
#2957 = FILL_AREA_STYLE_COLOUR ( '', #1242 ) ;
#2958 = AXIS2_PLACEMENT_3D ( 'NONE', #1151, #1160, #1847 ) ;
#2959 = DIRECTION ( 'NONE',  ( 0.0000000000000000000, -1.000000000000000000, 0.0000000000000000000 ) ) ;
#2960 = ORIENTED_EDGE ( 'NONE', *, *, #2718, .T. ) ;
#2961 = EDGE_CURVE ( 'NONE', #2891, #2216, #996, .T. ) ;
#2962 = VECTOR ( 'NONE', #1275, 1000.000000000000000 ) ;
#2963 = FACE_OUTER_BOUND ( 'NONE', #1524, .T. ) ;
#2964 = FILL_AREA_STYLE ('',( #2708 ) ) ;
#2965 = DIRECTION ( 'NONE',  ( -0.0000000000000000000, -1.000000000000000000, -0.0000000000000000000 ) ) ;
#2966 = VERTEX_POINT ( 'NONE', #2942 ) ;
#2967 = CARTESIAN_POINT ( 'NONE',  ( 2.665000000000000000, 1.014999999999999900, 2.214999999999999400 ) ) ;
#2968 = CARTESIAN_POINT ( 'NONE',  ( -2.254999999999999400, 0.0000000000000000000, -3.530000000000000200 ) ) ;
#2970 = ORIENTED_EDGE ( 'NONE', *, *, #1886, .F. ) ;
#2969 = DIRECTION ( 'NONE',  ( 0.0000000000000000000, -0.0000000000000000000, -1.000000000000000000 ) ) ;
#2971 = DIRECTION ( 'NONE',  ( 1.000000000000000000, 0.0000000000000000000, -0.0000000000000000000 ) ) ;
#2972 = VECTOR ( 'NONE', #1482, 1000.000000000000000 ) ;
#2973 = DIRECTION ( 'NONE',  ( -0.0000000000000000000, -1.000000000000000000, -0.0000000000000000000 ) ) ;
#2974 =( GEOMETRIC_REPRESENTATION_CONTEXT ( 3 ) GLOBAL_UNCERTAINTY_ASSIGNED_CONTEXT ( ( #1415 ) ) GLOBAL_UNIT_ASSIGNED_CONTEXT ( ( #935, #2582, #1432 ) ) REPRESENTATION_CONTEXT ( 'NONE', 'WORKASPACE' ) );
#2975 = ADVANCED_FACE ( 'NONE', ( #2876 ), #135, .F. ) ;
#2976 = VECTOR ( 'NONE', #2993, 1000.000000000000000 ) ;
#2977 = ORIENTED_EDGE ( 'NONE', *, *, #2127, .T. ) ;
#2978 = DIRECTION ( 'NONE',  ( -1.000000000000000000, -0.0000000000000000000, -0.0000000000000000000 ) ) ;
#2979 =( GEOMETRIC_REPRESENTATION_CONTEXT ( 3 ) GLOBAL_UNCERTAINTY_ASSIGNED_CONTEXT ( ( #2224 ) ) GLOBAL_UNIT_ASSIGNED_CONTEXT ( ( #2355, #460, #2098 ) ) REPRESENTATION_CONTEXT ( 'NONE', 'WORKASPACE' ) );
#2980 = SURFACE_SIDE_STYLE ('',( #174 ) ) ;
#2981 = CARTESIAN_POINT ( 'NONE',  ( -1.905000000000000200, 1.544999999999999900, 2.214999999999999400 ) ) ;
#2982 = LINE ( 'NONE', #1456, #1680 ) ;
#2983 =( NAMED_UNIT ( * ) PLANE_ANGLE_UNIT ( ) SI_UNIT ( $, .RADIAN. ) );
#2984 = VERTEX_POINT ( 'NONE', #1877 ) ;
#2985 =( NAMED_UNIT ( * ) SI_UNIT ( $, .STERADIAN. ) SOLID_ANGLE_UNIT ( ) );
#2986 = EDGE_CURVE ( 'NONE', #798, #1760, #1054, .T. ) ;
#2987 = EDGE_LOOP ( 'NONE', ( #3021, #1349, #969, #1584 ) ) ;
#2988 = DIRECTION ( 'NONE',  ( -1.000000000000000000, -0.0000000000000000000, -0.0000000000000000000 ) ) ;
#2989 = EDGE_CURVE ( 'NONE', #1195, #2056, #2164, .T. ) ;
#2990 =( NAMED_UNIT ( * ) PLANE_ANGLE_UNIT ( ) SI_UNIT ( $, .RADIAN. ) );
#2991 = CARTESIAN_POINT ( 'NONE',  ( -1.049999999999999800, 0.6700000000000000400, -3.530000000000000200 ) ) ;
#2992 = ORIENTED_EDGE ( 'NONE', *, *, #1394, .T. ) ;
#2993 = DIRECTION ( 'NONE',  ( -0.06975647374412179100, 0.9975640502598245300, -0.0000000000000000000 ) ) ;
#2994 = VECTOR ( 'NONE', #3066, 1000.000000000000000 ) ;
#2995 = CARTESIAN_POINT ( 'NONE',  ( 1.279128784747791700, 0.6700000000000000400, -3.880000000000000300 ) ) ;
#2996 = ORIENTED_EDGE ( 'NONE', *, *, #2084, .T. ) ;
#2997 = EDGE_LOOP ( 'NONE', ( #564, #1867 ) ) ;
#2998 = PRESENTATION_LAYER_ASSIGNMENT (  '', '', ( #2191 ) ) ;
#2999 =( NAMED_UNIT ( * ) PLANE_ANGLE_UNIT ( ) SI_UNIT ( $, .RADIAN. ) );
#3000 = LINE ( 'NONE', #869, #189 ) ;
#3001 = ORIENTED_EDGE ( 'NONE', *, *, #2040, .T. ) ;
#3002 = EDGE_CURVE ( 'NONE', #823, #1949, #1327, .T. ) ;
#3003 = CARTESIAN_POINT ( 'NONE',  ( -1.049999999999999800, 0.0000000000000000000, -3.530000000000000200 ) ) ;
#3004 = CARTESIAN_POINT ( 'NONE',  ( -1.905000000000000000, 0.0000000000000000000, -4.955000000000000100 ) ) ;
#3005 = EDGE_CURVE ( 'NONE', #1104, #1935, #1739, .T. ) ;
#3006 = MANIFOLD_SOLID_BREP ( 'Pin 2', #492 ) ;
#3007 = CARTESIAN_POINT ( 'NONE',  ( -2.254999999999999400, 8.170008333328704400, -3.530000000000000200 ) ) ;
#3008 = PRESENTATION_STYLE_ASSIGNMENT (( #2319 ) ) ;
#3009 = DIRECTION ( 'NONE',  ( 1.000000000000000000, 0.0000000000000000000, -0.0000000000000000000 ) ) ;
#3010 = ORIENTED_EDGE ( 'NONE', *, *, #885, .F. ) ;
#3011 = EDGE_LOOP ( 'NONE', ( #1572, #2580, #2608, #511 ) ) ;
#3012 = CIRCLE ( 'NONE', #587, 0.2000000000000031200 ) ;
#3013 = DIRECTION ( 'NONE',  ( 0.0000000000000000000, -1.000000000000000000, 0.0000000000000000000 ) ) ;
#3014 = DIRECTION ( 'NONE',  ( 0.0000000000000000000, -0.0000000000000000000, 1.000000000000000000 ) ) ;
#3015 = AXIS2_PLACEMENT_3D ( 'NONE', #810, #2198, #787 ) ;
#3016 = CARTESIAN_POINT ( 'NONE',  ( -2.254999999999999400, 0.6700000000000000400, -3.530000000000000200 ) ) ;
#3017 = STYLED_ITEM ( 'NONE', ( #3054 ), #124 ) ;
#3018 = DIRECTION ( 'NONE',  ( 1.000000000000000000, 0.0000000000000000000, 0.0000000000000000000 ) ) ;
#3019 = AXIS2_PLACEMENT_3D ( 'NONE', #1591, #2185, #878 ) ;
#3020 = VECTOR ( 'NONE', #96, 1000.000000000000000 ) ;
#3021 = ORIENTED_EDGE ( 'NONE', *, *, #1353, .F. ) ;
#3022 = CARTESIAN_POINT ( 'NONE',  ( -2.254999999999999400, 0.0000000000000000000, -3.530000000000000200 ) ) ;
#3023 = DIRECTION ( 'NONE',  ( 1.214792350123814900E-016, 0.0000000000000000000, 1.000000000000000000 ) ) ;
#3024 = DIRECTION ( 'NONE',  ( -0.0000000000000000000, -1.000000000000000000, -0.0000000000000000000 ) ) ;
#3025 = DIRECTION ( 'NONE',  ( 0.0000000000000000000, 0.0000000000000000000, 1.000000000000000000 ) ) ;
#3026 = LINE ( 'NONE', #1561, #2800 ) ;
#3027 = EDGE_CURVE ( 'NONE', #2984, #592, #2915, .T. ) ;
#3028 = EDGE_LOOP ( 'NONE', ( #183, #2381, #1450, #172, #1780, #2547, #496 ) ) ;
#3029 =( NAMED_UNIT ( * ) PLANE_ANGLE_UNIT ( ) SI_UNIT ( $, .RADIAN. ) );
#3030 = CARTESIAN_POINT ( 'NONE',  ( -1.905000000000000200, 0.8149999999999998400, 3.044999999999999500 ) ) ;
#3031 = COLOUR_RGB ( '',0.2509803921568627400, 0.2509803921568627400, 0.2509803921568627400 ) ;
#3033 = FILL_AREA_STYLE ('',( #713 ) ) ;
#3032 = DIRECTION ( 'NONE',  ( 1.000000000000000000, 0.0000000000000000000, -0.0000000000000000000 ) ) ;
#3034 = VERTEX_POINT ( 'NONE', #83 ) ;
#3035 = VECTOR ( 'NONE', #2220, 1000.000000000000000 ) ;
#3036 = CARTESIAN_POINT ( 'NONE',  ( 1.905000000000000000, 1.544999999999999900, 3.044999999999999500 ) ) ;
#3037 = ORIENTED_EDGE ( 'NONE', *, *, #2439, .F. ) ;
#3038 = AXIS2_PLACEMENT_3D ( 'NONE', #105, #1303, #1766 ) ;
#3039 = FACE_OUTER_BOUND ( 'NONE', #1187, .T. ) ;
#3040 = CARTESIAN_POINT ( 'NONE',  ( -2.429999999999999300, 0.6700000000000000400, 0.4399999999999993900 ) ) ;
#3041 = LINE ( 'NONE', #86, #1336 ) ;
#3042 = ORIENTED_EDGE ( 'NONE', *, *, #2666, .F. ) ;
#3043 = DIRECTION ( 'NONE',  ( -1.000000000000000000, 0.0000000000000000000, 0.0000000000000000000 ) ) ;
#3044 = LINE ( 'NONE', #1119, #1152 ) ;
#3045 = ORIENTED_EDGE ( 'NONE', *, *, #515, .F. ) ;
#3046 = VECTOR ( 'NONE', #2642, 1000.000000000000000 ) ;
#3047 = ORIENTED_EDGE ( 'NONE', *, *, #1552, .F. ) ;
#3048 = CARTESIAN_POINT ( 'NONE',  ( 2.429999999999999700, 0.0000000000000000000, -3.129999999999999900 ) ) ;
#3049 = EDGE_CURVE ( 'NONE', #592, #2984, #2035, .T. ) ;
#3050 = EDGE_LOOP ( 'NONE', ( #2059, #1889, #1710, #662, #1902, #2757, #1059, #745, #484, #2906, #2026, #2606, #2433, #279, #1727, #2268 ) ) ;
#3051 = DIRECTION ( 'NONE',  ( 0.0000000000000000000, 0.0000000000000000000, -1.000000000000000000 ) ) ;
#3052 = VERTEX_POINT ( 'NONE', #1261 ) ;
#3053 = EDGE_CURVE ( 'NONE', #464, #1195, #927, .T. ) ;
#3054 = PRESENTATION_STYLE_ASSIGNMENT (( #660 ) ) ;
#3055 = SURFACE_STYLE_USAGE ( .BOTH. , #917 ) ;
#3056 = AXIS2_PLACEMENT_3D ( 'NONE', #803, #1718, #2682 ) ;
#3057 = LINE ( 'NONE', #1313, #1723 ) ;
#3058 = CARTESIAN_POINT ( 'NONE',  ( -2.429999999999999700, 0.0000000000000000000, -3.129999999999999900 ) ) ;
#3059 = SURFACE_STYLE_USAGE ( .BOTH. , #6 ) ;
#3061 = CARTESIAN_POINT ( 'NONE',  ( 0.0000000000000000000, 2.449999999999999700, -0.2850000000000005300 ) ) ;
#3060 = DIRECTION ( 'NONE',  ( -1.000000000000000000, -0.0000000000000000000, -0.0000000000000000000 ) ) ;
#3062 = EDGE_CURVE ( 'NONE', #637, #108, #1656, .T. ) ;
#3063 = UNCERTAINTY_MEASURE_WITH_UNIT (LENGTH_MEASURE( 1.000000000000000100E-005 ), #815, 'distance_accuracy_value', 'NONE');
#3064 = DIRECTION ( 'NONE',  ( 0.0000000000000000000, 1.000000000000000000, -6.546126324440784800E-015 ) ) ;
#3065 = EDGE_CURVE ( 'NONE', #944, #720, #1692, .T. ) ;
#3066 = DIRECTION ( 'NONE',  ( 0.0000000000000000000, -1.000000000000000000, 0.0000000000000000000 ) ) ;
#3067 = VERTEX_POINT ( 'NONE', #620 ) ;
#3069 = PLANE ( 'NONE',  #2047 ) ;
#3068 = DIRECTION ( 'NONE',  ( 0.0000000000000000000, -1.000000000000000000, 0.0000000000000000000 ) ) ;
#3070 = ORIENTED_EDGE ( 'NONE', *, *, #886, .F. ) ;
#3071 = FACE_OUTER_BOUND ( 'NONE', #2763, .T. ) ;
#3072 = SURFACE_SIDE_STYLE ('',( #2829 ) ) ;
#3073 = EDGE_LOOP ( 'NONE', ( #2144, #2903, #119, #452 ) ) ;
ENDSEC;
END-ISO-10303-21;
